plate	round	well	tile
1	1	A3	0
1	2	A3	0
1	3	A3	0
1	1	A3	1
1	2	A3	1
1	3	A3	1
1	1	A3	2
1	2	A3	2
1	3	A3	2
1	1	A3	3
1	2	A3	3
1	3	A3	3
1	1	A3	4
1	2	A3	4
1	3	A3	4
1	1	A3	5
1	2	A3	5
1	3	A3	5
1	1	A3	6
1	2	A3	6
1	3	A3	6
1	1	A3	7
1	2	A3	7
1	3	A3	7
1	1	A3	8
1	2	A3	8
1	3	A3	8
1	1	A3	9
1	2	A3	9
1	3	A3	9
1	1	A3	10
1	2	A3	10
1	3	A3	10
1	1	A3	11
1	2	A3	11
1	3	A3	11
1	1	A3	12
1	2	A3	12
1	3	A3	12
1	1	A3	13
1	2	A3	13
1	3	A3	13
1	1	A3	14
1	2	A3	14
1	3	A3	14
1	1	A3	15
1	2	A3	15
1	3	A3	15
1	1	A3	16
1	2	A3	16
1	3	A3	16
1	1	A3	17
1	2	A3	17
1	3	A3	17
1	1	A3	18
1	2	A3	18
1	3	A3	18
1	1	A3	19
1	2	A3	19
1	3	A3	19
1	1	A3	20
1	2	A3	20
1	3	A3	20
1	1	A3	21
1	2	A3	21
1	3	A3	21
1	1	A3	22
1	2	A3	22
1	3	A3	22
1	1	A3	23
1	2	A3	23
1	3	A3	23
1	1	A3	24
1	2	A3	24
1	3	A3	24
1	1	A3	25
1	2	A3	25
1	3	A3	25
1	1	A3	26
1	2	A3	26
1	3	A3	26
1	1	A3	27
1	2	A3	27
1	3	A3	27
1	1	A3	28
1	2	A3	28
1	3	A3	28
1	1	A3	29
1	2	A3	29
1	3	A3	29
1	1	A3	30
1	2	A3	30
1	3	A3	30
1	1	A3	31
1	2	A3	31
1	3	A3	31
1	1	A3	32
1	2	A3	32
1	3	A3	32
1	1	A3	33
1	2	A3	33
1	3	A3	33
1	1	A3	34
1	2	A3	34
1	3	A3	34
1	1	A3	35
1	2	A3	35
1	3	A3	35
1	1	A3	36
1	2	A3	36
1	3	A3	36
1	1	A3	37
1	2	A3	37
1	3	A3	37
1	1	A3	38
1	2	A3	38
1	3	A3	38
1	1	A3	39
1	2	A3	39
1	3	A3	39
1	1	A3	40
1	2	A3	40
1	3	A3	40
1	1	A3	41
1	2	A3	41
1	3	A3	41
1	1	A3	42
1	2	A3	42
1	3	A3	42
1	1	A3	43
1	2	A3	43
1	3	A3	43
1	1	A3	44
1	2	A3	44
1	3	A3	44
1	1	A3	45
1	2	A3	45
1	3	A3	45
1	1	A3	46
1	2	A3	46
1	3	A3	46
1	1	A3	47
1	2	A3	47
1	3	A3	47
1	1	A3	48
1	2	A3	48
1	3	A3	48
1	1	A3	49
1	2	A3	49
1	3	A3	49
1	1	A3	50
1	2	A3	50
1	3	A3	50
1	1	A3	51
1	2	A3	51
1	3	A3	51
1	1	A3	52
1	2	A3	52
1	3	A3	52
1	1	A3	53
1	2	A3	53
1	3	A3	53
1	1	A3	54
1	2	A3	54
1	3	A3	54
1	1	A3	55
1	2	A3	55
1	3	A3	55
1	1	A3	56
1	2	A3	56
1	3	A3	56
1	1	A3	57
1	2	A3	57
1	3	A3	57
1	1	A3	58
1	2	A3	58
1	3	A3	58
1	1	A3	59
1	2	A3	59
1	3	A3	59
1	1	A3	60
1	2	A3	60
1	3	A3	60
1	1	A3	61
1	2	A3	61
1	3	A3	61
1	1	A3	62
1	2	A3	62
1	3	A3	62
1	1	A3	63
1	2	A3	63
1	3	A3	63
1	1	A3	64
1	2	A3	64
1	3	A3	64
1	1	A3	65
1	2	A3	65
1	3	A3	65
1	1	A3	66
1	2	A3	66
1	3	A3	66
1	1	A3	67
1	2	A3	67
1	3	A3	67
1	1	A3	68
1	2	A3	68
1	3	A3	68
1	1	A3	69
1	2	A3	69
1	3	A3	69
1	1	A3	70
1	2	A3	70
1	3	A3	70
1	1	A3	71
1	2	A3	71
1	3	A3	71
1	1	A3	72
1	2	A3	72
1	3	A3	72
1	1	A3	73
1	2	A3	73
1	3	A3	73
1	1	A3	74
1	2	A3	74
1	3	A3	74
1	1	A3	75
1	2	A3	75
1	3	A3	75
1	1	A3	76
1	2	A3	76
1	3	A3	76
1	1	A3	77
1	2	A3	77
1	3	A3	77
1	1	A3	78
1	2	A3	78
1	3	A3	78
1	1	A3	79
1	2	A3	79
1	3	A3	79
1	1	A3	80
1	2	A3	80
1	3	A3	80
1	1	A3	81
1	2	A3	81
1	3	A3	81
1	1	A3	82
1	2	A3	82
1	3	A3	82
1	1	A3	83
1	2	A3	83
1	3	A3	83
1	1	A3	84
1	2	A3	84
1	3	A3	84
1	1	A3	85
1	2	A3	85
1	3	A3	85
1	1	A3	86
1	2	A3	86
1	3	A3	86
1	1	A3	87
1	2	A3	87
1	3	A3	87
1	1	A3	88
1	2	A3	88
1	3	A3	88
1	1	A3	89
1	2	A3	89
1	3	A3	89
1	1	A3	90
1	2	A3	90
1	3	A3	90
1	1	A3	91
1	2	A3	91
1	3	A3	91
1	1	A3	92
1	2	A3	92
1	3	A3	92
1	1	A3	93
1	2	A3	93
1	3	A3	93
1	1	A3	94
1	2	A3	94
1	3	A3	94
1	1	A3	95
1	2	A3	95
1	3	A3	95
1	1	A3	96
1	2	A3	96
1	3	A3	96
1	1	A3	97
1	2	A3	97
1	3	A3	97
1	1	A3	98
1	2	A3	98
1	3	A3	98
1	1	A3	99
1	2	A3	99
1	3	A3	99
1	1	A3	100
1	2	A3	100
1	3	A3	100
1	1	A3	101
1	2	A3	101
1	3	A3	101
1	1	A3	102
1	2	A3	102
1	3	A3	102
1	1	A3	103
1	2	A3	103
1	3	A3	103
1	1	A3	104
1	2	A3	104
1	3	A3	104
1	1	A3	105
1	2	A3	105
1	3	A3	105
1	1	A3	106
1	2	A3	106
1	3	A3	106
1	1	A3	107
1	2	A3	107
1	3	A3	107
1	1	A3	108
1	2	A3	108
1	3	A3	108
1	1	A3	109
1	2	A3	109
1	3	A3	109
1	1	A3	110
1	2	A3	110
1	3	A3	110
1	1	A3	111
1	2	A3	111
1	3	A3	111
1	1	A3	112
1	2	A3	112
1	3	A3	112
1	1	A3	113
1	2	A3	113
1	3	A3	113
1	1	A3	114
1	2	A3	114
1	3	A3	114
1	1	A3	115
1	2	A3	115
1	3	A3	115
1	1	A3	116
1	2	A3	116
1	3	A3	116
1	1	A3	117
1	2	A3	117
1	3	A3	117
1	1	A3	118
1	2	A3	118
1	3	A3	118
1	1	A3	119
1	2	A3	119
1	3	A3	119
1	1	A3	120
1	2	A3	120
1	3	A3	120
1	1	A3	121
1	2	A3	121
1	3	A3	121
1	1	A3	122
1	2	A3	122
1	3	A3	122
1	1	A3	123
1	2	A3	123
1	3	A3	123
1	1	A3	124
1	2	A3	124
1	3	A3	124
1	1	A3	125
1	2	A3	125
1	3	A3	125
1	1	A3	126
1	2	A3	126
1	3	A3	126
1	1	A3	127
1	2	A3	127
1	3	A3	127
1	1	A3	128
1	2	A3	128
1	3	A3	128
1	1	A3	129
1	2	A3	129
1	3	A3	129
1	1	A3	130
1	2	A3	130
1	3	A3	130
1	1	A3	131
1	2	A3	131
1	3	A3	131
1	1	A3	132
1	2	A3	132
1	3	A3	132
1	1	A3	133
1	2	A3	133
1	3	A3	133
1	1	A3	134
1	2	A3	134
1	3	A3	134
1	1	A3	135
1	2	A3	135
1	3	A3	135
1	1	A3	136
1	2	A3	136
1	3	A3	136
1	1	A3	137
1	2	A3	137
1	3	A3	137
1	1	A3	138
1	2	A3	138
1	3	A3	138
1	1	A3	139
1	2	A3	139
1	3	A3	139
1	1	A3	140
1	2	A3	140
1	3	A3	140
1	1	A3	141
1	2	A3	141
1	3	A3	141
1	1	A3	142
1	2	A3	142
1	3	A3	142
1	1	A3	143
1	2	A3	143
1	3	A3	143
1	1	A3	144
1	2	A3	144
1	3	A3	144
1	1	A3	145
1	2	A3	145
1	3	A3	145
1	1	A3	146
1	2	A3	146
1	3	A3	146
1	1	A3	147
1	2	A3	147
1	3	A3	147
1	1	A3	148
1	2	A3	148
1	3	A3	148
1	1	A3	149
1	2	A3	149
1	3	A3	149
1	1	A3	150
1	2	A3	150
1	3	A3	150
1	1	A3	151
1	2	A3	151
1	3	A3	151
1	1	A3	152
1	2	A3	152
1	3	A3	152
1	1	A3	153
1	2	A3	153
1	3	A3	153
1	1	A3	154
1	2	A3	154
1	3	A3	154
1	1	A3	155
1	2	A3	155
1	3	A3	155
1	1	A3	156
1	2	A3	156
1	3	A3	156
1	1	A3	157
1	2	A3	157
1	3	A3	157
1	1	A3	158
1	2	A3	158
1	3	A3	158
1	1	A3	159
1	2	A3	159
1	3	A3	159
1	1	A3	160
1	2	A3	160
1	3	A3	160
1	1	A3	161
1	2	A3	161
1	3	A3	161
1	1	A3	162
1	2	A3	162
1	3	A3	162
1	1	A3	163
1	2	A3	163
1	3	A3	163
1	1	A3	164
1	2	A3	164
1	3	A3	164
1	1	A3	165
1	2	A3	165
1	3	A3	165
1	1	A3	166
1	2	A3	166
1	3	A3	166
1	1	A3	167
1	2	A3	167
1	3	A3	167
1	1	A3	168
1	2	A3	168
1	3	A3	168
1	1	A3	169
1	2	A3	169
1	3	A3	169
1	1	A3	170
1	2	A3	170
1	3	A3	170
1	1	A3	171
1	2	A3	171
1	3	A3	171
1	1	A3	172
1	2	A3	172
1	3	A3	172
1	1	A3	173
1	2	A3	173
1	3	A3	173
1	1	A3	174
1	2	A3	174
1	3	A3	174
1	1	A3	175
1	2	A3	175
1	3	A3	175
1	1	A3	176
1	2	A3	176
1	3	A3	176
1	1	A3	177
1	2	A3	177
1	3	A3	177
1	1	A3	178
1	2	A3	178
1	3	A3	178
1	1	A3	179
1	2	A3	179
1	3	A3	179
1	1	A3	180
1	2	A3	180
1	3	A3	180
1	1	A3	181
1	2	A3	181
1	3	A3	181
1	1	A3	182
1	2	A3	182
1	3	A3	182
1	1	A3	183
1	2	A3	183
1	3	A3	183
1	1	A3	184
1	2	A3	184
1	3	A3	184
1	1	A3	185
1	2	A3	185
1	3	A3	185
1	1	A3	186
1	2	A3	186
1	3	A3	186
1	1	A3	187
1	2	A3	187
1	3	A3	187
1	1	A3	188
1	2	A3	188
1	3	A3	188
1	1	A3	189
1	2	A3	189
1	3	A3	189
1	1	A3	190
1	2	A3	190
1	3	A3	190
1	1	A3	191
1	2	A3	191
1	3	A3	191
1	1	A3	192
1	2	A3	192
1	3	A3	192
1	1	A3	193
1	2	A3	193
1	3	A3	193
1	1	A3	194
1	2	A3	194
1	3	A3	194
1	1	A3	195
1	2	A3	195
1	3	A3	195
1	1	A3	196
1	2	A3	196
1	3	A3	196
1	1	A3	197
1	2	A3	197
1	3	A3	197
1	1	A3	198
1	2	A3	198
1	3	A3	198
1	1	A3	199
1	2	A3	199
1	3	A3	199
1	1	A3	200
1	2	A3	200
1	3	A3	200
1	1	A3	201
1	2	A3	201
1	3	A3	201
1	1	A3	202
1	2	A3	202
1	3	A3	202
1	1	A3	203
1	2	A3	203
1	3	A3	203
1	1	A3	204
1	2	A3	204
1	3	A3	204
1	1	A3	205
1	2	A3	205
1	3	A3	205
1	1	A3	206
1	2	A3	206
1	3	A3	206
1	1	A3	207
1	2	A3	207
1	3	A3	207
1	1	A3	208
1	2	A3	208
1	3	A3	208
1	1	A3	209
1	2	A3	209
1	3	A3	209
1	1	A3	210
1	2	A3	210
1	3	A3	210
1	1	A3	211
1	2	A3	211
1	3	A3	211
1	1	A3	212
1	2	A3	212
1	3	A3	212
1	1	A3	213
1	2	A3	213
1	3	A3	213
1	1	A3	214
1	2	A3	214
1	3	A3	214
1	1	A3	215
1	2	A3	215
1	3	A3	215
1	1	A3	216
1	2	A3	216
1	3	A3	216
1	1	A3	217
1	2	A3	217
1	3	A3	217
1	1	A3	218
1	2	A3	218
1	3	A3	218
1	1	A3	219
1	2	A3	219
1	3	A3	219
1	1	A3	220
1	2	A3	220
1	3	A3	220
1	1	A3	221
1	2	A3	221
1	3	A3	221
1	1	A3	222
1	2	A3	222
1	3	A3	222
1	1	A3	223
1	2	A3	223
1	3	A3	223
1	1	A3	224
1	2	A3	224
1	3	A3	224
1	1	A3	225
1	2	A3	225
1	3	A3	225
1	1	A3	226
1	2	A3	226
1	3	A3	226
1	1	A3	227
1	2	A3	227
1	3	A3	227
1	1	A3	228
1	2	A3	228
1	3	A3	228
1	1	A3	229
1	2	A3	229
1	3	A3	229
1	1	A3	230
1	2	A3	230
1	3	A3	230
1	1	A3	231
1	2	A3	231
1	3	A3	231
1	1	A3	232
1	2	A3	232
1	3	A3	232
1	1	A3	233
1	2	A3	233
1	3	A3	233
1	1	A3	234
1	2	A3	234
1	3	A3	234
1	1	A3	235
1	2	A3	235
1	3	A3	235
1	1	A3	236
1	2	A3	236
1	3	A3	236
1	1	A3	237
1	2	A3	237
1	3	A3	237
1	1	A3	238
1	2	A3	238
1	3	A3	238
1	1	A3	239
1	2	A3	239
1	3	A3	239
1	1	A3	240
1	2	A3	240
1	3	A3	240
1	1	A3	241
1	2	A3	241
1	3	A3	241
1	1	A3	242
1	2	A3	242
1	3	A3	242
1	1	A3	243
1	2	A3	243
1	3	A3	243
1	1	A3	244
1	2	A3	244
1	3	A3	244
1	1	A3	245
1	2	A3	245
1	3	A3	245
1	1	A3	246
1	2	A3	246
1	3	A3	246
1	1	A3	247
1	2	A3	247
1	3	A3	247
1	1	A3	248
1	2	A3	248
1	3	A3	248
1	1	A3	249
1	2	A3	249
1	3	A3	249
1	1	A3	250
1	2	A3	250
1	3	A3	250
1	1	A3	251
1	2	A3	251
1	3	A3	251
1	1	A3	252
1	2	A3	252
1	3	A3	252
1	1	A3	253
1	2	A3	253
1	3	A3	253
1	1	A3	254
1	2	A3	254
1	3	A3	254
1	1	A3	255
1	2	A3	255
1	3	A3	255
1	1	A3	256
1	2	A3	256
1	3	A3	256
1	1	A3	257
1	2	A3	257
1	3	A3	257
1	1	A3	258
1	2	A3	258
1	3	A3	258
1	1	A3	259
1	2	A3	259
1	3	A3	259
1	1	A3	260
1	2	A3	260
1	3	A3	260
1	1	A3	261
1	2	A3	261
1	3	A3	261
1	1	A3	262
1	2	A3	262
1	3	A3	262
1	1	A3	263
1	2	A3	263
1	3	A3	263
1	1	A3	264
1	2	A3	264
1	3	A3	264
1	1	A3	265
1	2	A3	265
1	3	A3	265
1	1	A3	266
1	2	A3	266
1	3	A3	266
1	1	A3	267
1	2	A3	267
1	3	A3	267
1	1	A3	268
1	2	A3	268
1	3	A3	268
1	1	A3	269
1	2	A3	269
1	3	A3	269
1	1	A3	270
1	2	A3	270
1	3	A3	270
1	1	A3	271
1	2	A3	271
1	3	A3	271
1	1	A3	272
1	2	A3	272
1	3	A3	272
1	1	A3	273
1	2	A3	273
1	3	A3	273
1	1	A3	274
1	2	A3	274
1	3	A3	274
1	1	A3	275
1	2	A3	275
1	3	A3	275
1	1	A3	276
1	2	A3	276
1	3	A3	276
1	1	A3	277
1	2	A3	277
1	3	A3	277
1	1	A3	278
1	2	A3	278
1	3	A3	278
1	1	A3	279
1	2	A3	279
1	3	A3	279
1	1	A3	280
1	2	A3	280
1	3	A3	280
1	1	A3	281
1	2	A3	281
1	3	A3	281
1	1	A3	282
1	2	A3	282
1	3	A3	282
1	1	A3	283
1	2	A3	283
1	3	A3	283
1	1	A3	284
1	2	A3	284
1	3	A3	284
1	1	A3	285
1	2	A3	285
1	3	A3	285
1	1	A3	286
1	2	A3	286
1	3	A3	286
1	1	A3	287
1	2	A3	287
1	3	A3	287
1	1	A3	288
1	2	A3	288
1	3	A3	288
1	1	A3	289
1	2	A3	289
1	3	A3	289
1	1	A3	290
1	2	A3	290
1	3	A3	290
1	1	A3	291
1	2	A3	291
1	3	A3	291
1	1	A3	292
1	2	A3	292
1	3	A3	292
1	1	A3	293
1	2	A3	293
1	3	A3	293
1	1	A3	294
1	2	A3	294
1	3	A3	294
1	1	A3	295
1	2	A3	295
1	3	A3	295
1	1	A3	296
1	2	A3	296
1	3	A3	296
1	1	A3	297
1	2	A3	297
1	3	A3	297
1	1	A3	298
1	2	A3	298
1	3	A3	298
1	1	A3	299
1	2	A3	299
1	3	A3	299
1	1	A3	300
1	2	A3	300
1	3	A3	300
1	1	A3	301
1	2	A3	301
1	3	A3	301
1	1	A3	302
1	2	A3	302
1	3	A3	302
1	1	A3	303
1	2	A3	303
1	3	A3	303
1	1	A3	304
1	2	A3	304
1	3	A3	304
1	1	A3	305
1	2	A3	305
1	3	A3	305
1	1	A3	306
1	2	A3	306
1	3	A3	306
1	1	A3	307
1	2	A3	307
1	3	A3	307
1	1	A3	308
1	2	A3	308
1	3	A3	308
1	1	A3	309
1	2	A3	309
1	3	A3	309
1	1	A3	310
1	2	A3	310
1	3	A3	310
1	1	A3	311
1	2	A3	311
1	3	A3	311
1	1	A3	312
1	2	A3	312
1	3	A3	312
1	1	A3	313
1	2	A3	313
1	3	A3	313
1	1	A3	314
1	2	A3	314
1	3	A3	314
1	1	A3	315
1	2	A3	315
1	3	A3	315
1	1	A3	316
1	2	A3	316
1	3	A3	316
1	1	A3	317
1	2	A3	317
1	3	A3	317
1	1	A3	318
1	2	A3	318
1	3	A3	318
1	1	A3	319
1	2	A3	319
1	3	A3	319
1	1	A3	320
1	2	A3	320
1	3	A3	320
1	1	A3	321
1	2	A3	321
1	3	A3	321
1	1	A3	322
1	2	A3	322
1	3	A3	322
1	1	A3	323
1	2	A3	323
1	3	A3	323
1	1	A3	324
1	2	A3	324
1	3	A3	324
1	1	A3	325
1	2	A3	325
1	3	A3	325
1	1	A3	326
1	2	A3	326
1	3	A3	326
1	1	A3	327
1	2	A3	327
1	3	A3	327
1	1	A3	328
1	2	A3	328
1	3	A3	328
1	1	A3	329
1	2	A3	329
1	3	A3	329
1	1	A3	330
1	2	A3	330
1	3	A3	330
1	1	A3	331
1	2	A3	331
1	3	A3	331
1	1	A3	332
1	2	A3	332
1	3	A3	332
1	1	A3	333
1	2	A3	333
1	3	A3	333
1	1	A3	334
1	2	A3	334
1	3	A3	334
1	1	A3	335
1	2	A3	335
1	3	A3	335
1	1	A3	336
1	2	A3	336
1	3	A3	336
1	1	A3	337
1	2	A3	337
1	3	A3	337
1	1	A3	338
1	2	A3	338
1	3	A3	338
1	1	A3	339
1	2	A3	339
1	3	A3	339
1	1	A3	340
1	2	A3	340
1	3	A3	340
1	1	A3	341
1	2	A3	341
1	3	A3	341
1	1	A3	342
1	2	A3	342
1	3	A3	342
1	1	A3	343
1	2	A3	343
1	3	A3	343
1	1	A3	344
1	2	A3	344
1	3	A3	344
1	1	A3	345
1	2	A3	345
1	3	A3	345
1	1	A3	346
1	2	A3	346
1	3	A3	346
1	1	A3	347
1	2	A3	347
1	3	A3	347
1	1	A3	348
1	2	A3	348
1	3	A3	348
1	1	A3	349
1	2	A3	349
1	3	A3	349
1	1	A3	350
1	2	A3	350
1	3	A3	350
1	1	A3	351
1	2	A3	351
1	3	A3	351
1	1	A3	352
1	2	A3	352
1	3	A3	352
1	1	A3	353
1	2	A3	353
1	3	A3	353
1	1	A3	354
1	2	A3	354
1	3	A3	354
1	1	A3	355
1	2	A3	355
1	3	A3	355
1	1	A3	356
1	2	A3	356
1	3	A3	356
1	1	A3	357
1	2	A3	357
1	3	A3	357
1	1	A3	358
1	2	A3	358
1	3	A3	358
1	1	A3	359
1	2	A3	359
1	3	A3	359
1	1	A3	360
1	2	A3	360
1	3	A3	360
1	1	A3	361
1	2	A3	361
1	3	A3	361
1	1	A3	362
1	2	A3	362
1	3	A3	362
1	1	A3	363
1	2	A3	363
1	3	A3	363
1	1	A3	364
1	2	A3	364
1	3	A3	364
1	1	A3	365
1	2	A3	365
1	3	A3	365
1	1	A3	366
1	2	A3	366
1	3	A3	366
1	1	A3	367
1	2	A3	367
1	3	A3	367
1	1	A3	368
1	2	A3	368
1	3	A3	368
1	1	A3	369
1	2	A3	369
1	3	A3	369
1	1	A3	370
1	2	A3	370
1	3	A3	370
1	1	A3	371
1	2	A3	371
1	3	A3	371
1	1	A3	372
1	2	A3	372
1	3	A3	372
1	1	A3	373
1	2	A3	373
1	3	A3	373
1	1	A3	374
1	2	A3	374
1	3	A3	374
1	1	A3	375
1	2	A3	375
1	3	A3	375
1	1	A3	376
1	2	A3	376
1	3	A3	376
1	1	A3	377
1	2	A3	377
1	3	A3	377
1	1	A3	378
1	2	A3	378
1	3	A3	378
1	1	A3	379
1	2	A3	379
1	3	A3	379
1	1	A3	380
1	2	A3	380
1	3	A3	380
1	1	A3	381
1	2	A3	381
1	3	A3	381
1	1	A3	382
1	2	A3	382
1	3	A3	382
1	1	A3	383
1	2	A3	383
1	3	A3	383
1	1	A3	384
1	2	A3	384
1	3	A3	384
1	1	A3	385
1	2	A3	385
1	3	A3	385
1	1	A3	386
1	2	A3	386
1	3	A3	386
1	1	A3	387
1	2	A3	387
1	3	A3	387
1	1	A3	388
1	2	A3	388
1	3	A3	388
1	1	A3	389
1	2	A3	389
1	3	A3	389
1	1	A3	390
1	2	A3	390
1	3	A3	390
1	1	A3	391
1	2	A3	391
1	3	A3	391
1	1	A3	392
1	2	A3	392
1	3	A3	392
1	1	A3	393
1	2	A3	393
1	3	A3	393
1	1	A3	394
1	2	A3	394
1	3	A3	394
1	1	A3	395
1	2	A3	395
1	3	A3	395
1	1	A3	396
1	2	A3	396
1	3	A3	396
1	1	A3	397
1	2	A3	397
1	3	A3	397
1	1	A3	398
1	2	A3	398
1	3	A3	398
1	1	A3	399
1	2	A3	399
1	3	A3	399
1	1	A3	400
1	2	A3	400
1	3	A3	400
1	1	A3	401
1	2	A3	401
1	3	A3	401
1	1	A3	402
1	2	A3	402
1	3	A3	402
1	1	A3	403
1	2	A3	403
1	3	A3	403
1	1	A3	404
1	2	A3	404
1	3	A3	404
1	1	A3	405
1	2	A3	405
1	3	A3	405
1	1	A3	406
1	2	A3	406
1	3	A3	406
1	1	A3	407
1	2	A3	407
1	3	A3	407
1	1	A3	408
1	2	A3	408
1	3	A3	408
1	1	A3	409
1	2	A3	409
1	3	A3	409
1	1	A3	410
1	2	A3	410
1	3	A3	410
1	1	A3	411
1	2	A3	411
1	3	A3	411
1	1	A3	412
1	2	A3	412
1	3	A3	412
1	1	A3	413
1	2	A3	413
1	3	A3	413
1	1	A3	414
1	2	A3	414
1	3	A3	414
1	1	A3	415
1	2	A3	415
1	3	A3	415
1	1	A3	416
1	2	A3	416
1	3	A3	416
1	1	A3	417
1	2	A3	417
1	3	A3	417
1	1	A3	418
1	2	A3	418
1	3	A3	418
1	1	A3	419
1	2	A3	419
1	3	A3	419
1	1	A3	420
1	2	A3	420
1	3	A3	420
1	1	A3	421
1	2	A3	421
1	3	A3	421
1	1	A3	422
1	2	A3	422
1	3	A3	422
1	1	A3	423
1	2	A3	423
1	3	A3	423
1	1	A3	424
1	2	A3	424
1	3	A3	424
1	1	A3	425
1	2	A3	425
1	3	A3	425
1	1	A3	426
1	2	A3	426
1	3	A3	426
1	1	A3	427
1	2	A3	427
1	3	A3	427
1	1	A3	428
1	2	A3	428
1	3	A3	428
1	1	A3	429
1	2	A3	429
1	3	A3	429
1	1	A3	430
1	2	A3	430
1	3	A3	430
1	1	A3	431
1	2	A3	431
1	3	A3	431
1	1	A3	432
1	2	A3	432
1	3	A3	432
1	1	A3	433
1	2	A3	433
1	3	A3	433
1	1	A3	434
1	2	A3	434
1	3	A3	434
1	1	A3	435
1	2	A3	435
1	3	A3	435
1	1	A3	436
1	2	A3	436
1	3	A3	436
1	1	A3	437
1	2	A3	437
1	3	A3	437
1	1	A3	438
1	2	A3	438
1	3	A3	438
1	1	A3	439
1	2	A3	439
1	3	A3	439
1	1	A3	440
1	2	A3	440
1	3	A3	440
1	1	A3	441
1	2	A3	441
1	3	A3	441
1	1	A3	442
1	2	A3	442
1	3	A3	442
1	1	A3	443
1	2	A3	443
1	3	A3	443
1	1	A3	444
1	2	A3	444
1	3	A3	444
1	1	A3	445
1	2	A3	445
1	3	A3	445
1	1	A3	446
1	2	A3	446
1	3	A3	446
1	1	A3	447
1	2	A3	447
1	3	A3	447
1	1	A3	448
1	2	A3	448
1	3	A3	448
1	1	A3	449
1	2	A3	449
1	3	A3	449
1	1	A3	450
1	2	A3	450
1	3	A3	450
1	1	A3	451
1	2	A3	451
1	3	A3	451
1	1	A3	452
1	2	A3	452
1	3	A3	452
1	1	A3	453
1	2	A3	453
1	3	A3	453
1	1	A3	454
1	2	A3	454
1	3	A3	454
1	1	A3	455
1	2	A3	455
1	3	A3	455
1	1	A3	456
1	2	A3	456
1	3	A3	456
1	1	A3	457
1	2	A3	457
1	3	A3	457
1	1	A3	458
1	2	A3	458
1	3	A3	458
1	1	A3	459
1	2	A3	459
1	3	A3	459
1	1	A3	460
1	2	A3	460
1	3	A3	460
1	1	A3	461
1	2	A3	461
1	3	A3	461
1	1	A3	462
1	2	A3	462
1	3	A3	462
1	1	A3	463
1	2	A3	463
1	3	A3	463
1	1	A3	464
1	2	A3	464
1	3	A3	464
1	1	A3	465
1	2	A3	465
1	3	A3	465
1	1	A3	466
1	2	A3	466
1	3	A3	466
1	1	A3	467
1	2	A3	467
1	3	A3	467
1	1	A3	468
1	2	A3	468
1	3	A3	468
1	1	A3	469
1	2	A3	469
1	3	A3	469
1	1	A3	470
1	2	A3	470
1	3	A3	470
1	1	A3	471
1	2	A3	471
1	3	A3	471
1	1	A3	472
1	2	A3	472
1	3	A3	472
1	1	A3	473
1	2	A3	473
1	3	A3	473
1	1	A3	474
1	2	A3	474
1	3	A3	474
1	1	A3	475
1	2	A3	475
1	3	A3	475
1	1	A3	476
1	2	A3	476
1	3	A3	476
1	1	A3	477
1	2	A3	477
1	3	A3	477
1	1	A3	478
1	2	A3	478
1	3	A3	478
1	1	A3	479
1	2	A3	479
1	3	A3	479
1	1	A3	480
1	2	A3	480
1	3	A3	480
1	1	A3	481
1	2	A3	481
1	3	A3	481
1	1	A3	482
1	2	A3	482
1	3	A3	482
1	1	A3	483
1	2	A3	483
1	3	A3	483
1	1	A3	484
1	2	A3	484
1	3	A3	484
1	1	A3	485
1	2	A3	485
1	3	A3	485
1	1	A3	486
1	2	A3	486
1	3	A3	486
1	1	A3	487
1	2	A3	487
1	3	A3	487
1	1	A3	488
1	2	A3	488
1	3	A3	488
1	1	A3	489
1	2	A3	489
1	3	A3	489
1	1	A3	490
1	2	A3	490
1	3	A3	490
1	1	A3	491
1	2	A3	491
1	3	A3	491
1	1	A3	492
1	2	A3	492
1	3	A3	492
1	1	A3	493
1	2	A3	493
1	3	A3	493
1	1	A3	494
1	2	A3	494
1	3	A3	494
1	1	A3	495
1	2	A3	495
1	3	A3	495
1	1	A3	496
1	2	A3	496
1	3	A3	496
1	1	A3	497
1	2	A3	497
1	3	A3	497
1	1	A3	498
1	2	A3	498
1	3	A3	498
1	1	A3	499
1	2	A3	499
1	3	A3	499
1	1	A3	500
1	2	A3	500
1	3	A3	500
1	1	A3	501
1	2	A3	501
1	3	A3	501
1	1	A3	502
1	2	A3	502
1	3	A3	502
1	1	A3	503
1	2	A3	503
1	3	A3	503
1	1	A3	504
1	2	A3	504
1	3	A3	504
1	1	A3	505
1	2	A3	505
1	3	A3	505
1	1	A3	506
1	2	A3	506
1	3	A3	506
1	1	A3	507
1	2	A3	507
1	3	A3	507
1	1	A3	508
1	2	A3	508
1	3	A3	508
1	1	A3	509
1	2	A3	509
1	3	A3	509
1	1	A3	510
1	2	A3	510
1	3	A3	510
1	1	A3	511
1	2	A3	511
1	3	A3	511
1	1	A3	512
1	2	A3	512
1	3	A3	512
1	1	A3	513
1	2	A3	513
1	3	A3	513
1	1	A3	514
1	2	A3	514
1	3	A3	514
1	1	A3	515
1	2	A3	515
1	3	A3	515
1	1	A3	516
1	2	A3	516
1	3	A3	516
1	1	A3	517
1	2	A3	517
1	3	A3	517
1	1	A3	518
1	2	A3	518
1	3	A3	518
1	1	A3	519
1	2	A3	519
1	3	A3	519
1	1	A3	520
1	2	A3	520
1	3	A3	520
1	1	A3	521
1	2	A3	521
1	3	A3	521
1	1	A3	522
1	2	A3	522
1	3	A3	522
1	1	A3	523
1	2	A3	523
1	3	A3	523
1	1	A3	524
1	2	A3	524
1	3	A3	524
1	1	A3	525
1	2	A3	525
1	3	A3	525
1	1	A3	526
1	2	A3	526
1	3	A3	526
1	1	A3	527
1	2	A3	527
1	3	A3	527
1	1	A3	528
1	2	A3	528
1	3	A3	528
1	1	A3	529
1	2	A3	529
1	3	A3	529
1	1	A3	530
1	2	A3	530
1	3	A3	530
1	1	A3	531
1	2	A3	531
1	3	A3	531
1	1	A3	532
1	2	A3	532
1	3	A3	532
1	1	A3	533
1	2	A3	533
1	3	A3	533
1	1	A3	534
1	2	A3	534
1	3	A3	534
1	1	A3	535
1	2	A3	535
1	3	A3	535
1	1	A3	536
1	2	A3	536
1	3	A3	536
1	1	A3	537
1	2	A3	537
1	3	A3	537
1	1	A3	538
1	2	A3	538
1	3	A3	538
1	1	A3	539
1	2	A3	539
1	3	A3	539
1	1	A3	540
1	2	A3	540
1	3	A3	540
1	1	A3	541
1	2	A3	541
1	3	A3	541
1	1	A3	542
1	2	A3	542
1	3	A3	542
1	1	A3	543
1	2	A3	543
1	3	A3	543
1	1	A3	544
1	2	A3	544
1	3	A3	544
1	1	A3	545
1	2	A3	545
1	3	A3	545
1	1	A3	546
1	2	A3	546
1	3	A3	546
1	1	A3	547
1	2	A3	547
1	3	A3	547
1	1	A3	548
1	2	A3	548
1	3	A3	548
1	1	A3	549
1	2	A3	549
1	3	A3	549
1	1	A3	550
1	2	A3	550
1	3	A3	550
1	1	A3	551
1	2	A3	551
1	3	A3	551
1	1	A3	552
1	2	A3	552
1	3	A3	552
1	1	A3	553
1	2	A3	553
1	3	A3	553
1	1	A3	554
1	2	A3	554
1	3	A3	554
1	1	A3	555
1	2	A3	555
1	3	A3	555
1	1	A3	556
1	2	A3	556
1	3	A3	556
1	1	A3	557
1	2	A3	557
1	3	A3	557
1	1	A3	558
1	2	A3	558
1	3	A3	558
1	1	A3	559
1	2	A3	559
1	3	A3	559
1	1	A3	560
1	2	A3	560
1	3	A3	560
1	1	A3	561
1	2	A3	561
1	3	A3	561
1	1	A3	562
1	2	A3	562
1	3	A3	562
1	1	A3	563
1	2	A3	563
1	3	A3	563
1	1	A3	564
1	2	A3	564
1	3	A3	564
1	1	A3	565
1	2	A3	565
1	3	A3	565
1	1	A3	566
1	2	A3	566
1	3	A3	566
1	1	A3	567
1	2	A3	567
1	3	A3	567
1	1	A3	568
1	2	A3	568
1	3	A3	568
1	1	A3	569
1	2	A3	569
1	3	A3	569
1	1	A3	570
1	2	A3	570
1	3	A3	570
1	1	A3	571
1	2	A3	571
1	3	A3	571
1	1	A3	572
1	2	A3	572
1	3	A3	572
1	1	A3	573
1	2	A3	573
1	3	A3	573
1	1	A3	574
1	2	A3	574
1	3	A3	574
1	1	A3	575
1	2	A3	575
1	3	A3	575
1	1	A3	576
1	2	A3	576
1	3	A3	576
1	1	A3	577
1	2	A3	577
1	3	A3	577
1	1	A3	578
1	2	A3	578
1	3	A3	578
1	1	A3	579
1	2	A3	579
1	3	A3	579
1	1	A3	580
1	2	A3	580
1	3	A3	580
1	1	A3	581
1	2	A3	581
1	3	A3	581
1	1	A3	582
1	2	A3	582
1	3	A3	582
1	1	A3	583
1	2	A3	583
1	3	A3	583
1	1	A3	584
1	2	A3	584
1	3	A3	584
1	1	A3	585
1	2	A3	585
1	3	A3	585
1	1	A3	586
1	2	A3	586
1	3	A3	586
1	1	A3	587
1	2	A3	587
1	3	A3	587
1	1	A3	588
1	2	A3	588
1	3	A3	588
1	1	A3	589
1	2	A3	589
1	3	A3	589
1	1	A3	590
1	2	A3	590
1	3	A3	590
1	1	A3	591
1	2	A3	591
1	3	A3	591
1	1	A3	592
1	2	A3	592
1	3	A3	592
1	1	A3	593
1	2	A3	593
1	3	A3	593
1	1	A3	594
1	2	A3	594
1	3	A3	594
1	1	A3	595
1	2	A3	595
1	3	A3	595
1	1	A3	596
1	2	A3	596
1	3	A3	596
1	1	A3	597
1	2	A3	597
1	3	A3	597
1	1	A3	598
1	2	A3	598
1	3	A3	598
1	1	A3	599
1	2	A3	599
1	3	A3	599
1	1	A3	600
1	2	A3	600
1	3	A3	600
1	1	A3	601
1	2	A3	601
1	3	A3	601
1	1	A3	602
1	2	A3	602
1	3	A3	602
1	1	A3	603
1	2	A3	603
1	3	A3	603
1	1	A3	604
1	2	A3	604
1	3	A3	604
1	1	A3	605
1	2	A3	605
1	3	A3	605
1	1	A3	606
1	2	A3	606
1	3	A3	606
1	1	A3	607
1	2	A3	607
1	3	A3	607
1	1	A3	608
1	2	A3	608
1	3	A3	608
1	1	A3	609
1	2	A3	609
1	3	A3	609
1	1	A3	610
1	2	A3	610
1	3	A3	610
1	1	A3	611
1	2	A3	611
1	3	A3	611
1	1	A3	612
1	2	A3	612
1	3	A3	612
1	1	A3	613
1	2	A3	613
1	3	A3	613
1	1	A3	614
1	2	A3	614
1	3	A3	614
1	1	A3	615
1	2	A3	615
1	3	A3	615
1	1	A3	616
1	2	A3	616
1	3	A3	616
1	1	A3	617
1	2	A3	617
1	3	A3	617
1	1	A3	618
1	2	A3	618
1	3	A3	618
1	1	A3	619
1	2	A3	619
1	3	A3	619
1	1	A3	620
1	2	A3	620
1	3	A3	620
1	1	A3	621
1	2	A3	621
1	3	A3	621
1	1	A3	622
1	2	A3	622
1	3	A3	622
1	1	A3	623
1	2	A3	623
1	3	A3	623
1	1	A3	624
1	2	A3	624
1	3	A3	624
1	1	A3	625
1	2	A3	625
1	3	A3	625
1	1	A3	626
1	2	A3	626
1	3	A3	626
1	1	A3	627
1	2	A3	627
1	3	A3	627
1	1	A3	628
1	2	A3	628
1	3	A3	628
1	1	A3	629
1	2	A3	629
1	3	A3	629
1	1	A3	630
1	2	A3	630
1	3	A3	630
1	1	A3	631
1	2	A3	631
1	3	A3	631
1	1	A3	632
1	2	A3	632
1	3	A3	632
1	1	A3	633
1	2	A3	633
1	3	A3	633
1	1	A3	634
1	2	A3	634
1	3	A3	634
1	1	A3	635
1	2	A3	635
1	3	A3	635
1	1	A3	636
1	2	A3	636
1	3	A3	636
1	1	A3	637
1	2	A3	637
1	3	A3	637
1	1	A3	638
1	2	A3	638
1	3	A3	638
1	1	A3	639
1	2	A3	639
1	3	A3	639
1	1	A3	640
1	2	A3	640
1	3	A3	640
1	1	A3	641
1	2	A3	641
1	3	A3	641
1	1	A3	642
1	2	A3	642
1	3	A3	642
1	1	A3	643
1	2	A3	643
1	3	A3	643
1	1	A3	644
1	2	A3	644
1	3	A3	644
1	1	A3	645
1	2	A3	645
1	3	A3	645
1	1	A3	646
1	2	A3	646
1	3	A3	646
1	1	A3	647
1	2	A3	647
1	3	A3	647
1	1	A3	648
1	2	A3	648
1	3	A3	648
1	1	A3	649
1	2	A3	649
1	3	A3	649
1	1	A3	650
1	2	A3	650
1	3	A3	650
1	1	A3	651
1	2	A3	651
1	3	A3	651
1	1	A3	652
1	2	A3	652
1	3	A3	652
1	1	A3	653
1	2	A3	653
1	3	A3	653
1	1	A3	654
1	2	A3	654
1	3	A3	654
1	1	A3	655
1	2	A3	655
1	3	A3	655
1	1	A3	656
1	2	A3	656
1	3	A3	656
1	1	A3	657
1	2	A3	657
1	3	A3	657
1	1	A3	658
1	2	A3	658
1	3	A3	658
1	1	A3	659
1	2	A3	659
1	3	A3	659
1	1	A3	660
1	2	A3	660
1	3	A3	660
1	1	A3	661
1	2	A3	661
1	3	A3	661
1	1	A3	662
1	2	A3	662
1	3	A3	662
1	1	A3	663
1	2	A3	663
1	3	A3	663
1	1	A3	664
1	2	A3	664
1	3	A3	664
1	1	A3	665
1	2	A3	665
1	3	A3	665
1	1	A3	666
1	2	A3	666
1	3	A3	666
1	1	A3	667
1	2	A3	667
1	3	A3	667
1	1	A3	668
1	2	A3	668
1	3	A3	668
1	1	A3	669
1	2	A3	669
1	3	A3	669
1	1	A3	670
1	2	A3	670
1	3	A3	670
1	1	A3	671
1	2	A3	671
1	3	A3	671
1	1	A3	672
1	2	A3	672
1	3	A3	672
1	1	A3	673
1	2	A3	673
1	3	A3	673
1	1	A3	674
1	2	A3	674
1	3	A3	674
1	1	A3	675
1	2	A3	675
1	3	A3	675
1	1	A3	676
1	2	A3	676
1	3	A3	676
1	1	A3	677
1	2	A3	677
1	3	A3	677
1	1	A3	678
1	2	A3	678
1	3	A3	678
1	1	A3	679
1	2	A3	679
1	3	A3	679
1	1	A3	680
1	2	A3	680
1	3	A3	680
1	1	A3	681
1	2	A3	681
1	3	A3	681
1	1	A3	682
1	2	A3	682
1	3	A3	682
1	1	A3	683
1	2	A3	683
1	3	A3	683
1	1	A3	684
1	2	A3	684
1	3	A3	684
1	1	A3	685
1	2	A3	685
1	3	A3	685
1	1	A3	686
1	2	A3	686
1	3	A3	686
1	1	A3	687
1	2	A3	687
1	3	A3	687
1	1	A3	688
1	2	A3	688
1	3	A3	688
1	1	A3	689
1	2	A3	689
1	3	A3	689
1	1	A3	690
1	2	A3	690
1	3	A3	690
1	1	A3	691
1	2	A3	691
1	3	A3	691
1	1	A3	692
1	2	A3	692
1	3	A3	692
1	1	A3	693
1	2	A3	693
1	3	A3	693
1	1	A3	694
1	2	A3	694
1	3	A3	694
1	1	A3	695
1	2	A3	695
1	3	A3	695
1	1	A3	696
1	2	A3	696
1	3	A3	696
1	1	A3	697
1	2	A3	697
1	3	A3	697
1	1	A3	698
1	2	A3	698
1	3	A3	698
1	1	A3	699
1	2	A3	699
1	3	A3	699
1	1	A3	700
1	2	A3	700
1	3	A3	700
1	1	A3	701
1	2	A3	701
1	3	A3	701
1	1	A3	702
1	2	A3	702
1	3	A3	702
1	1	A3	703
1	2	A3	703
1	3	A3	703
1	1	A3	704
1	2	A3	704
1	3	A3	704
1	1	A3	705
1	2	A3	705
1	3	A3	705
1	1	A3	706
1	2	A3	706
1	3	A3	706
1	1	A3	707
1	2	A3	707
1	3	A3	707
1	1	A3	708
1	2	A3	708
1	3	A3	708
1	1	A3	709
1	2	A3	709
1	3	A3	709
1	1	A3	710
1	2	A3	710
1	3	A3	710
1	1	A3	711
1	2	A3	711
1	3	A3	711
1	1	A3	712
1	2	A3	712
1	3	A3	712
1	1	A3	713
1	2	A3	713
1	3	A3	713
1	1	A3	714
1	2	A3	714
1	3	A3	714
1	1	A3	715
1	2	A3	715
1	3	A3	715
1	1	A3	716
1	2	A3	716
1	3	A3	716
1	1	A3	717
1	2	A3	717
1	3	A3	717
1	1	A3	718
1	2	A3	718
1	3	A3	718
1	1	A3	719
1	2	A3	719
1	3	A3	719
1	1	A3	720
1	2	A3	720
1	3	A3	720
1	1	A3	721
1	2	A3	721
1	3	A3	721
1	1	A3	722
1	2	A3	722
1	3	A3	722
1	1	A3	723
1	2	A3	723
1	3	A3	723
1	1	A3	724
1	2	A3	724
1	3	A3	724
1	1	A3	725
1	2	A3	725
1	3	A3	725
1	1	A3	726
1	2	A3	726
1	3	A3	726
1	1	A3	727
1	2	A3	727
1	3	A3	727
1	1	A3	728
1	2	A3	728
1	3	A3	728
1	1	A3	729
1	2	A3	729
1	3	A3	729
1	1	A3	730
1	2	A3	730
1	3	A3	730
1	1	A3	731
1	2	A3	731
1	3	A3	731
1	1	A3	732
1	2	A3	732
1	3	A3	732
1	1	A3	733
1	2	A3	733
1	3	A3	733
1	1	A3	734
1	2	A3	734
1	3	A3	734
1	1	A3	735
1	2	A3	735
1	3	A3	735
1	1	A3	736
1	2	A3	736
1	3	A3	736
1	1	A3	737
1	2	A3	737
1	3	A3	737
1	1	A3	738
1	2	A3	738
1	3	A3	738
1	1	A3	739
1	2	A3	739
1	3	A3	739
1	1	A3	740
1	2	A3	740
1	3	A3	740
1	1	A3	741
1	2	A3	741
1	3	A3	741
1	1	A3	742
1	2	A3	742
1	3	A3	742
1	1	A3	743
1	2	A3	743
1	3	A3	743
1	1	A3	744
1	2	A3	744
1	3	A3	744
1	1	A3	745
1	2	A3	745
1	3	A3	745
1	1	A3	746
1	2	A3	746
1	3	A3	746
1	1	A3	747
1	2	A3	747
1	3	A3	747
1	1	A3	748
1	2	A3	748
1	3	A3	748
1	1	A3	749
1	2	A3	749
1	3	A3	749
1	1	A3	750
1	2	A3	750
1	3	A3	750
1	1	A3	751
1	2	A3	751
1	3	A3	751
1	1	A3	752
1	2	A3	752
1	3	A3	752
1	1	A3	753
1	2	A3	753
1	3	A3	753
1	1	A3	754
1	2	A3	754
1	3	A3	754
1	1	A3	755
1	2	A3	755
1	3	A3	755
1	1	A3	756
1	2	A3	756
1	3	A3	756
1	1	A3	757
1	2	A3	757
1	3	A3	757
1	1	A3	758
1	2	A3	758
1	3	A3	758
1	1	A3	759
1	2	A3	759
1	3	A3	759
1	1	A3	760
1	2	A3	760
1	3	A3	760
1	1	A3	761
1	2	A3	761
1	3	A3	761
1	1	A3	762
1	2	A3	762
1	3	A3	762
1	1	A3	763
1	2	A3	763
1	3	A3	763
1	1	A3	764
1	2	A3	764
1	3	A3	764
1	1	A3	765
1	2	A3	765
1	3	A3	765
1	1	A3	766
1	2	A3	766
1	3	A3	766
1	1	A3	767
1	2	A3	767
1	3	A3	767
1	1	A3	768
1	2	A3	768
1	3	A3	768
1	1	A3	769
1	2	A3	769
1	3	A3	769
1	1	A3	770
1	2	A3	770
1	3	A3	770
1	1	A3	771
1	2	A3	771
1	3	A3	771
1	1	A3	772
1	2	A3	772
1	3	A3	772
1	1	A3	773
1	2	A3	773
1	3	A3	773
1	1	A3	774
1	2	A3	774
1	3	A3	774
1	1	A3	775
1	2	A3	775
1	3	A3	775
1	1	A3	776
1	2	A3	776
1	3	A3	776
1	1	A3	777
1	2	A3	777
1	3	A3	777
1	1	A3	778
1	2	A3	778
1	3	A3	778
1	1	A3	779
1	2	A3	779
1	3	A3	779
1	1	A3	780
1	2	A3	780
1	3	A3	780
1	1	A3	781
1	2	A3	781
1	3	A3	781
1	1	A3	782
1	2	A3	782
1	3	A3	782
1	1	A3	783
1	2	A3	783
1	3	A3	783
1	1	A3	784
1	2	A3	784
1	3	A3	784
1	1	A3	785
1	2	A3	785
1	3	A3	785
1	1	A3	786
1	2	A3	786
1	3	A3	786
1	1	A3	787
1	2	A3	787
1	3	A3	787
1	1	A3	788
1	2	A3	788
1	3	A3	788
1	1	A3	789
1	2	A3	789
1	3	A3	789
1	1	A3	790
1	2	A3	790
1	3	A3	790
1	1	A3	791
1	2	A3	791
1	3	A3	791
1	1	A3	792
1	2	A3	792
1	3	A3	792
1	1	A3	793
1	2	A3	793
1	3	A3	793
1	1	A3	794
1	2	A3	794
1	3	A3	794
1	1	A3	795
1	2	A3	795
1	3	A3	795
1	1	A3	796
1	2	A3	796
1	3	A3	796
1	1	A3	797
1	2	A3	797
1	3	A3	797
1	1	A3	798
1	2	A3	798
1	3	A3	798
1	1	A3	799
1	2	A3	799
1	3	A3	799
1	1	A3	800
1	2	A3	800
1	3	A3	800
1	1	A3	801
1	2	A3	801
1	3	A3	801
1	1	A3	802
1	2	A3	802
1	3	A3	802
1	1	A3	803
1	2	A3	803
1	3	A3	803
1	1	A3	804
1	2	A3	804
1	3	A3	804
1	1	A3	805
1	2	A3	805
1	3	A3	805
1	1	A3	806
1	2	A3	806
1	3	A3	806
1	1	A3	807
1	2	A3	807
1	3	A3	807
1	1	A3	808
1	2	A3	808
1	3	A3	808
1	1	A3	809
1	2	A3	809
1	3	A3	809
1	1	A3	810
1	2	A3	810
1	3	A3	810
1	1	A3	811
1	2	A3	811
1	3	A3	811
1	1	A3	812
1	2	A3	812
1	3	A3	812
1	1	A3	813
1	2	A3	813
1	3	A3	813
1	1	A3	814
1	2	A3	814
1	3	A3	814
1	1	A3	815
1	2	A3	815
1	3	A3	815
1	1	A3	816
1	2	A3	816
1	3	A3	816
1	1	A3	817
1	2	A3	817
1	3	A3	817
1	1	A3	818
1	2	A3	818
1	3	A3	818
1	1	A3	819
1	2	A3	819
1	3	A3	819
1	1	A3	820
1	2	A3	820
1	3	A3	820
1	1	A3	821
1	2	A3	821
1	3	A3	821
1	1	A3	822
1	2	A3	822
1	3	A3	822
1	1	A3	823
1	2	A3	823
1	3	A3	823
1	1	A3	824
1	2	A3	824
1	3	A3	824
1	1	A3	825
1	2	A3	825
1	3	A3	825
1	1	A3	826
1	2	A3	826
1	3	A3	826
1	1	A3	827
1	2	A3	827
1	3	A3	827
1	1	A3	828
1	2	A3	828
1	3	A3	828
1	1	A3	829
1	2	A3	829
1	3	A3	829
1	1	A3	830
1	2	A3	830
1	3	A3	830
1	1	A3	831
1	2	A3	831
1	3	A3	831
1	1	A3	832
1	2	A3	832
1	3	A3	832
1	1	A3	833
1	2	A3	833
1	3	A3	833
1	1	A3	834
1	2	A3	834
1	3	A3	834
1	1	A3	835
1	2	A3	835
1	3	A3	835
1	1	A3	836
1	2	A3	836
1	3	A3	836
1	1	A3	837
1	2	A3	837
1	3	A3	837
1	1	A3	838
1	2	A3	838
1	3	A3	838
1	1	A3	839
1	2	A3	839
1	3	A3	839
1	1	A3	840
1	2	A3	840
1	3	A3	840
1	1	A3	841
1	2	A3	841
1	3	A3	841
1	1	A3	842
1	2	A3	842
1	3	A3	842
1	1	A3	843
1	2	A3	843
1	3	A3	843
1	1	A3	844
1	2	A3	844
1	3	A3	844
1	1	A3	845
1	2	A3	845
1	3	A3	845
1	1	A3	846
1	2	A3	846
1	3	A3	846
1	1	A3	847
1	2	A3	847
1	3	A3	847
1	1	A3	848
1	2	A3	848
1	3	A3	848
1	1	A3	849
1	2	A3	849
1	3	A3	849
1	1	A3	850
1	2	A3	850
1	3	A3	850
1	1	A3	851
1	2	A3	851
1	3	A3	851
1	1	A3	852
1	2	A3	852
1	3	A3	852
1	1	A3	853
1	2	A3	853
1	3	A3	853
1	1	A3	854
1	2	A3	854
1	3	A3	854
1	1	A3	855
1	2	A3	855
1	3	A3	855
1	1	A3	856
1	2	A3	856
1	3	A3	856
1	1	A3	857
1	2	A3	857
1	3	A3	857
1	1	A3	858
1	2	A3	858
1	3	A3	858
1	1	A3	859
1	2	A3	859
1	3	A3	859
1	1	A3	860
1	2	A3	860
1	3	A3	860
1	1	A3	861
1	2	A3	861
1	3	A3	861
1	1	A3	862
1	2	A3	862
1	3	A3	862
1	1	A3	863
1	2	A3	863
1	3	A3	863
1	1	A3	864
1	2	A3	864
1	3	A3	864
1	1	A3	865
1	2	A3	865
1	3	A3	865
1	1	A3	866
1	2	A3	866
1	3	A3	866
1	1	A3	867
1	2	A3	867
1	3	A3	867
1	1	A3	868
1	2	A3	868
1	3	A3	868
1	1	A3	869
1	2	A3	869
1	3	A3	869
1	1	A3	870
1	2	A3	870
1	3	A3	870
1	1	A3	871
1	2	A3	871
1	3	A3	871
1	1	A3	872
1	2	A3	872
1	3	A3	872
1	1	A3	873
1	2	A3	873
1	3	A3	873
1	1	A3	874
1	2	A3	874
1	3	A3	874
1	1	A3	875
1	2	A3	875
1	3	A3	875
1	1	A3	876
1	2	A3	876
1	3	A3	876
1	1	A3	877
1	2	A3	877
1	3	A3	877
1	1	A3	878
1	2	A3	878
1	3	A3	878
1	1	A3	879
1	2	A3	879
1	3	A3	879
1	1	A3	880
1	2	A3	880
1	3	A3	880
1	1	A3	881
1	2	A3	881
1	3	A3	881
1	1	A3	882
1	2	A3	882
1	3	A3	882
1	1	A3	883
1	2	A3	883
1	3	A3	883
1	1	A3	884
1	2	A3	884
1	3	A3	884
1	1	A3	885
1	2	A3	885
1	3	A3	885
1	1	A3	886
1	2	A3	886
1	3	A3	886
1	1	A3	887
1	2	A3	887
1	3	A3	887
1	1	A3	888
1	2	A3	888
1	3	A3	888
1	1	A3	889
1	2	A3	889
1	3	A3	889
1	1	A3	890
1	2	A3	890
1	3	A3	890
1	1	A3	891
1	2	A3	891
1	3	A3	891
1	1	A3	892
1	2	A3	892
1	3	A3	892
1	1	A3	893
1	2	A3	893
1	3	A3	893
1	1	A3	894
1	2	A3	894
1	3	A3	894
1	1	A3	895
1	2	A3	895
1	3	A3	895
1	1	A3	896
1	2	A3	896
1	3	A3	896
1	1	A3	897
1	2	A3	897
1	3	A3	897
1	1	A3	898
1	2	A3	898
1	3	A3	898
1	1	A3	899
1	2	A3	899
1	3	A3	899
1	1	A3	900
1	2	A3	900
1	3	A3	900
1	1	A3	901
1	2	A3	901
1	3	A3	901
1	1	A3	902
1	2	A3	902
1	3	A3	902
1	1	A3	903
1	2	A3	903
1	3	A3	903
1	1	A3	904
1	2	A3	904
1	3	A3	904
1	1	A3	905
1	2	A3	905
1	3	A3	905
1	1	A3	906
1	2	A3	906
1	3	A3	906
1	1	A3	907
1	2	A3	907
1	3	A3	907
1	1	A3	908
1	2	A3	908
1	3	A3	908
1	1	A3	909
1	2	A3	909
1	3	A3	909
1	1	A3	910
1	2	A3	910
1	3	A3	910
1	1	A3	911
1	2	A3	911
1	3	A3	911
1	1	A3	912
1	2	A3	912
1	3	A3	912
1	1	A3	913
1	2	A3	913
1	3	A3	913
1	1	A3	914
1	2	A3	914
1	3	A3	914
1	1	A3	915
1	2	A3	915
1	3	A3	915
1	1	A3	916
1	2	A3	916
1	3	A3	916
1	1	A3	917
1	2	A3	917
1	3	A3	917
1	1	A3	918
1	2	A3	918
1	3	A3	918
1	1	A3	919
1	2	A3	919
1	3	A3	919
1	1	A3	920
1	2	A3	920
1	3	A3	920
1	1	A3	921
1	2	A3	921
1	3	A3	921
1	1	A3	922
1	2	A3	922
1	3	A3	922
1	1	A3	923
1	2	A3	923
1	3	A3	923
1	1	A3	924
1	2	A3	924
1	3	A3	924
1	1	A3	925
1	2	A3	925
1	3	A3	925
1	1	A3	926
1	2	A3	926
1	3	A3	926
1	1	A3	927
1	2	A3	927
1	3	A3	927
1	1	A3	928
1	2	A3	928
1	3	A3	928
1	1	A3	929
1	2	A3	929
1	3	A3	929
1	1	A3	930
1	2	A3	930
1	3	A3	930
1	1	A3	931
1	2	A3	931
1	3	A3	931
1	1	A3	932
1	2	A3	932
1	3	A3	932
1	1	A3	933
1	2	A3	933
1	3	A3	933
1	1	A3	934
1	2	A3	934
1	3	A3	934
1	1	A3	935
1	2	A3	935
1	3	A3	935
1	1	A3	936
1	2	A3	936
1	3	A3	936
1	1	A3	937
1	2	A3	937
1	3	A3	937
1	1	A3	938
1	2	A3	938
1	3	A3	938
1	1	A3	939
1	2	A3	939
1	3	A3	939
1	1	A3	940
1	2	A3	940
1	3	A3	940
1	1	A3	941
1	2	A3	941
1	3	A3	941
1	1	A3	942
1	2	A3	942
1	3	A3	942
1	1	A3	943
1	2	A3	943
1	3	A3	943
1	1	A3	944
1	2	A3	944
1	3	A3	944
1	1	A3	945
1	2	A3	945
1	3	A3	945
1	1	A3	946
1	2	A3	946
1	3	A3	946
1	1	A3	947
1	2	A3	947
1	3	A3	947
1	1	A3	948
1	2	A3	948
1	3	A3	948
1	1	A3	949
1	2	A3	949
1	3	A3	949
1	1	A3	950
1	2	A3	950
1	3	A3	950
1	1	A3	951
1	2	A3	951
1	3	A3	951
1	1	A3	952
1	2	A3	952
1	3	A3	952
1	1	A3	953
1	2	A3	953
1	3	A3	953
1	1	A3	954
1	2	A3	954
1	3	A3	954
1	1	A3	955
1	2	A3	955
1	3	A3	955
1	1	A3	956
1	2	A3	956
1	3	A3	956
1	1	A3	957
1	2	A3	957
1	3	A3	957
1	1	A3	958
1	2	A3	958
1	3	A3	958
1	1	A3	959
1	2	A3	959
1	3	A3	959
1	1	A3	960
1	2	A3	960
1	3	A3	960
1	1	A3	961
1	2	A3	961
1	3	A3	961
1	1	A3	962
1	2	A3	962
1	3	A3	962
1	1	A3	963
1	2	A3	963
1	3	A3	963
1	1	A3	964
1	2	A3	964
1	3	A3	964
1	1	A3	965
1	2	A3	965
1	3	A3	965
1	1	A3	966
1	2	A3	966
1	3	A3	966
1	1	A3	967
1	2	A3	967
1	3	A3	967
1	1	A3	968
1	2	A3	968
1	3	A3	968
1	1	A3	969
1	2	A3	969
1	3	A3	969
1	1	A3	970
1	2	A3	970
1	3	A3	970
1	1	A3	971
1	2	A3	971
1	3	A3	971
1	1	A3	972
1	2	A3	972
1	3	A3	972
1	1	A3	973
1	2	A3	973
1	3	A3	973
1	1	A3	974
1	2	A3	974
1	3	A3	974
1	1	A3	975
1	2	A3	975
1	3	A3	975
1	1	A3	976
1	2	A3	976
1	3	A3	976
1	1	A3	977
1	2	A3	977
1	3	A3	977
1	1	A3	978
1	2	A3	978
1	3	A3	978
1	1	A3	979
1	2	A3	979
1	3	A3	979
1	1	A3	980
1	2	A3	980
1	3	A3	980
1	1	A3	981
1	2	A3	981
1	3	A3	981
1	1	A3	982
1	2	A3	982
1	3	A3	982
1	1	A3	983
1	2	A3	983
1	3	A3	983
1	1	A3	984
1	2	A3	984
1	3	A3	984
1	1	A3	985
1	2	A3	985
1	3	A3	985
1	1	A3	986
1	2	A3	986
1	3	A3	986
1	1	A3	987
1	2	A3	987
1	3	A3	987
1	1	A3	988
1	2	A3	988
1	3	A3	988
1	1	A3	989
1	2	A3	989
1	3	A3	989
1	1	A3	990
1	2	A3	990
1	3	A3	990
1	1	A3	991
1	2	A3	991
1	3	A3	991
1	1	A3	992
1	2	A3	992
1	3	A3	992
1	1	A3	993
1	2	A3	993
1	3	A3	993
1	1	A3	994
1	2	A3	994
1	3	A3	994
1	1	A3	995
1	2	A3	995
1	3	A3	995
1	1	A3	996
1	2	A3	996
1	3	A3	996
1	1	A3	997
1	2	A3	997
1	3	A3	997
1	1	A3	998
1	2	A3	998
1	3	A3	998
1	1	A3	999
1	2	A3	999
1	3	A3	999
1	1	A3	1000
1	2	A3	1000
1	3	A3	1000
1	1	A3	1001
1	2	A3	1001
1	3	A3	1001
1	1	A3	1002
1	2	A3	1002
1	3	A3	1002
1	1	A3	1003
1	2	A3	1003
1	3	A3	1003
1	1	A3	1004
1	2	A3	1004
1	3	A3	1004
1	1	A3	1005
1	2	A3	1005
1	3	A3	1005
1	1	A3	1006
1	2	A3	1006
1	3	A3	1006
1	1	A3	1007
1	2	A3	1007
1	3	A3	1007
1	1	A3	1008
1	2	A3	1008
1	3	A3	1008
1	1	A3	1009
1	2	A3	1009
1	3	A3	1009
1	1	A3	1010
1	2	A3	1010
1	3	A3	1010
1	1	A3	1011
1	2	A3	1011
1	3	A3	1011
1	1	A3	1012
1	2	A3	1012
1	3	A3	1012
1	1	A3	1013
1	2	A3	1013
1	3	A3	1013
1	1	A3	1014
1	2	A3	1014
1	3	A3	1014
1	1	A3	1015
1	2	A3	1015
1	3	A3	1015
1	1	A3	1016
1	2	A3	1016
1	3	A3	1016
1	1	A3	1017
1	2	A3	1017
1	3	A3	1017
1	1	A3	1018
1	2	A3	1018
1	3	A3	1018
1	1	A3	1019
1	2	A3	1019
1	3	A3	1019
1	1	A3	1020
1	2	A3	1020
1	3	A3	1020
1	1	A3	1021
1	2	A3	1021
1	3	A3	1021
1	1	A3	1022
1	2	A3	1022
1	3	A3	1022
1	1	A3	1023
1	2	A3	1023
1	3	A3	1023
1	1	A3	1024
1	2	A3	1024
1	3	A3	1024
1	1	A3	1025
1	2	A3	1025
1	3	A3	1025
1	1	A3	1026
1	2	A3	1026
1	3	A3	1026
1	1	A3	1027
1	2	A3	1027
1	3	A3	1027
1	1	A3	1028
1	2	A3	1028
1	3	A3	1028
1	1	A3	1029
1	2	A3	1029
1	3	A3	1029
1	1	A3	1030
1	2	A3	1030
1	3	A3	1030
1	1	A3	1031
1	2	A3	1031
1	3	A3	1031
1	1	A3	1032
1	2	A3	1032
1	3	A3	1032
1	1	A3	1033
1	2	A3	1033
1	3	A3	1033
1	1	A3	1034
1	2	A3	1034
1	3	A3	1034
1	1	A3	1035
1	2	A3	1035
1	3	A3	1035
1	1	A3	1036
1	2	A3	1036
1	3	A3	1036
1	1	A3	1037
1	2	A3	1037
1	3	A3	1037
1	1	A3	1038
1	2	A3	1038
1	3	A3	1038
1	1	A3	1039
1	2	A3	1039
1	3	A3	1039
1	1	A3	1040
1	2	A3	1040
1	3	A3	1040
1	1	A3	1041
1	2	A3	1041
1	3	A3	1041
1	1	A3	1042
1	2	A3	1042
1	3	A3	1042
1	1	A3	1043
1	2	A3	1043
1	3	A3	1043
1	1	A3	1044
1	2	A3	1044
1	3	A3	1044
1	1	A3	1045
1	2	A3	1045
1	3	A3	1045
1	1	A3	1046
1	2	A3	1046
1	3	A3	1046
1	1	A3	1047
1	2	A3	1047
1	3	A3	1047
1	1	A3	1048
1	2	A3	1048
1	3	A3	1048
1	1	A3	1049
1	2	A3	1049
1	3	A3	1049
1	1	A3	1050
1	2	A3	1050
1	3	A3	1050
1	1	A3	1051
1	2	A3	1051
1	3	A3	1051
1	1	A3	1052
1	2	A3	1052
1	3	A3	1052
1	1	A3	1053
1	2	A3	1053
1	3	A3	1053
1	1	A3	1054
1	2	A3	1054
1	3	A3	1054
1	1	A3	1055
1	2	A3	1055
1	3	A3	1055
1	1	A3	1056
1	2	A3	1056
1	3	A3	1056
1	1	A3	1057
1	2	A3	1057
1	3	A3	1057
1	1	A3	1058
1	2	A3	1058
1	3	A3	1058
1	1	A3	1059
1	2	A3	1059
1	3	A3	1059
1	1	A3	1060
1	2	A3	1060
1	3	A3	1060
1	1	A3	1061
1	2	A3	1061
1	3	A3	1061
1	1	A3	1062
1	2	A3	1062
1	3	A3	1062
1	1	A3	1063
1	2	A3	1063
1	3	A3	1063
1	1	A3	1064
1	2	A3	1064
1	3	A3	1064
1	1	A3	1065
1	2	A3	1065
1	3	A3	1065
1	1	A3	1066
1	2	A3	1066
1	3	A3	1066
1	1	A3	1067
1	2	A3	1067
1	3	A3	1067
1	1	A3	1068
1	2	A3	1068
1	3	A3	1068
1	1	A3	1069
1	2	A3	1069
1	3	A3	1069
1	1	A3	1070
1	2	A3	1070
1	3	A3	1070
1	1	A3	1071
1	2	A3	1071
1	3	A3	1071
1	1	A3	1072
1	2	A3	1072
1	3	A3	1072
1	1	A3	1073
1	2	A3	1073
1	3	A3	1073
1	1	A3	1074
1	2	A3	1074
1	3	A3	1074
1	1	A3	1075
1	2	A3	1075
1	3	A3	1075
1	1	A3	1076
1	2	A3	1076
1	3	A3	1076
1	1	A3	1077
1	2	A3	1077
1	3	A3	1077
1	1	A3	1078
1	2	A3	1078
1	3	A3	1078
1	1	A3	1079
1	2	A3	1079
1	3	A3	1079
1	1	A3	1080
1	2	A3	1080
1	3	A3	1080
1	1	A3	1081
1	2	A3	1081
1	3	A3	1081
1	1	A3	1082
1	2	A3	1082
1	3	A3	1082
1	1	A3	1083
1	2	A3	1083
1	3	A3	1083
1	1	A3	1084
1	2	A3	1084
1	3	A3	1084
1	1	A3	1085
1	2	A3	1085
1	3	A3	1085
1	1	A3	1086
1	2	A3	1086
1	3	A3	1086
1	1	A3	1087
1	2	A3	1087
1	3	A3	1087
1	1	A3	1088
1	2	A3	1088
1	3	A3	1088
1	1	A3	1089
1	2	A3	1089
1	3	A3	1089
1	1	A3	1090
1	2	A3	1090
1	3	A3	1090
1	1	A3	1091
1	2	A3	1091
1	3	A3	1091
1	1	A3	1092
1	2	A3	1092
1	3	A3	1092
1	1	A3	1093
1	2	A3	1093
1	3	A3	1093
1	1	A3	1094
1	2	A3	1094
1	3	A3	1094
1	1	A3	1095
1	2	A3	1095
1	3	A3	1095
1	1	A3	1096
1	2	A3	1096
1	3	A3	1096
1	1	A3	1097
1	2	A3	1097
1	3	A3	1097
1	1	A3	1098
1	2	A3	1098
1	3	A3	1098
1	1	A3	1099
1	2	A3	1099
1	3	A3	1099
1	1	A3	1100
1	2	A3	1100
1	3	A3	1100
1	1	A3	1101
1	2	A3	1101
1	3	A3	1101
1	1	A3	1102
1	2	A3	1102
1	3	A3	1102
1	1	A3	1103
1	2	A3	1103
1	3	A3	1103
1	1	A3	1104
1	2	A3	1104
1	3	A3	1104
1	1	A3	1105
1	2	A3	1105
1	3	A3	1105
1	1	A3	1106
1	2	A3	1106
1	3	A3	1106
1	1	A3	1107
1	2	A3	1107
1	3	A3	1107
1	1	A3	1108
1	2	A3	1108
1	3	A3	1108
1	1	A3	1109
1	2	A3	1109
1	3	A3	1109
1	1	A3	1110
1	2	A3	1110
1	3	A3	1110
1	1	A3	1111
1	2	A3	1111
1	3	A3	1111
1	1	A3	1112
1	2	A3	1112
1	3	A3	1112
1	1	A3	1113
1	2	A3	1113
1	3	A3	1113
1	1	A3	1114
1	2	A3	1114
1	3	A3	1114
1	1	A3	1115
1	2	A3	1115
1	3	A3	1115
1	1	A3	1116
1	2	A3	1116
1	3	A3	1116
1	1	A3	1117
1	2	A3	1117
1	3	A3	1117
1	1	A3	1118
1	2	A3	1118
1	3	A3	1118
1	1	A3	1119
1	2	A3	1119
1	3	A3	1119
1	1	A3	1120
1	2	A3	1120
1	3	A3	1120
1	1	A3	1121
1	2	A3	1121
1	3	A3	1121
1	1	A3	1122
1	2	A3	1122
1	3	A3	1122
1	1	A3	1123
1	2	A3	1123
1	3	A3	1123
1	1	A3	1124
1	2	A3	1124
1	3	A3	1124
1	1	A3	1125
1	2	A3	1125
1	3	A3	1125
1	1	A3	1126
1	2	A3	1126
1	3	A3	1126
1	1	A3	1127
1	2	A3	1127
1	3	A3	1127
1	1	A3	1128
1	2	A3	1128
1	3	A3	1128
1	1	A3	1129
1	2	A3	1129
1	3	A3	1129
1	1	A3	1130
1	2	A3	1130
1	3	A3	1130
1	1	A3	1131
1	2	A3	1131
1	3	A3	1131
1	1	A3	1132
1	2	A3	1132
1	3	A3	1132
1	1	A3	1133
1	2	A3	1133
1	3	A3	1133
1	1	A3	1134
1	2	A3	1134
1	3	A3	1134
1	1	A3	1135
1	2	A3	1135
1	3	A3	1135
1	1	A3	1136
1	2	A3	1136
1	3	A3	1136
1	1	A3	1137
1	2	A3	1137
1	3	A3	1137
1	1	A3	1138
1	2	A3	1138
1	3	A3	1138
1	1	A3	1139
1	2	A3	1139
1	3	A3	1139
1	1	A3	1140
1	2	A3	1140
1	3	A3	1140
1	1	A3	1141
1	2	A3	1141
1	3	A3	1141
1	1	A3	1142
1	2	A3	1142
1	3	A3	1142
1	1	A3	1143
1	2	A3	1143
1	3	A3	1143
1	1	A3	1144
1	2	A3	1144
1	3	A3	1144
1	1	A3	1145
1	2	A3	1145
1	3	A3	1145
1	1	A3	1146
1	2	A3	1146
1	3	A3	1146
1	1	A3	1147
1	2	A3	1147
1	3	A3	1147
1	1	A3	1148
1	2	A3	1148
1	3	A3	1148
1	1	A3	1149
1	2	A3	1149
1	3	A3	1149
1	1	A3	1150
1	2	A3	1150
1	3	A3	1150
1	1	A3	1151
1	2	A3	1151
1	3	A3	1151
1	1	A3	1152
1	2	A3	1152
1	3	A3	1152
1	1	A3	1153
1	2	A3	1153
1	3	A3	1153
1	1	A3	1154
1	2	A3	1154
1	3	A3	1154
1	1	A3	1155
1	2	A3	1155
1	3	A3	1155
1	1	A3	1156
1	2	A3	1156
1	3	A3	1156
1	1	A3	1157
1	2	A3	1157
1	3	A3	1157
1	1	A3	1158
1	2	A3	1158
1	3	A3	1158
1	1	A3	1159
1	2	A3	1159
1	3	A3	1159
1	1	A3	1160
1	2	A3	1160
1	3	A3	1160
1	1	A3	1161
1	2	A3	1161
1	3	A3	1161
1	1	A3	1162
1	2	A3	1162
1	3	A3	1162
1	1	A3	1163
1	2	A3	1163
1	3	A3	1163
1	1	A3	1164
1	2	A3	1164
1	3	A3	1164
1	1	A3	1165
1	2	A3	1165
1	3	A3	1165
1	1	A3	1166
1	2	A3	1166
1	3	A3	1166
1	1	A3	1167
1	2	A3	1167
1	3	A3	1167
1	1	A3	1168
1	2	A3	1168
1	3	A3	1168
1	1	A3	1169
1	2	A3	1169
1	3	A3	1169
1	1	A3	1170
1	2	A3	1170
1	3	A3	1170
1	1	A3	1171
1	2	A3	1171
1	3	A3	1171
1	1	A3	1172
1	2	A3	1172
1	3	A3	1172
1	1	A3	1173
1	2	A3	1173
1	3	A3	1173
1	1	A3	1174
1	2	A3	1174
1	3	A3	1174
1	1	A3	1175
1	2	A3	1175
1	3	A3	1175
1	1	A3	1176
1	2	A3	1176
1	3	A3	1176
1	1	A3	1177
1	2	A3	1177
1	3	A3	1177
1	1	A3	1178
1	2	A3	1178
1	3	A3	1178
1	1	A3	1179
1	2	A3	1179
1	3	A3	1179
1	1	A3	1180
1	2	A3	1180
1	3	A3	1180
1	1	A3	1181
1	2	A3	1181
1	3	A3	1181
1	1	A3	1182
1	2	A3	1182
1	3	A3	1182
1	1	A3	1183
1	2	A3	1183
1	3	A3	1183
1	1	A3	1184
1	2	A3	1184
1	3	A3	1184
1	1	A3	1185
1	2	A3	1185
1	3	A3	1185
1	1	A3	1186
1	2	A3	1186
1	3	A3	1186
1	1	A3	1187
1	2	A3	1187
1	3	A3	1187
1	1	A3	1188
1	2	A3	1188
1	3	A3	1188
1	1	A3	1189
1	2	A3	1189
1	3	A3	1189
1	1	A3	1190
1	2	A3	1190
1	3	A3	1190
1	1	A3	1191
1	2	A3	1191
1	3	A3	1191
1	1	A3	1192
1	2	A3	1192
1	3	A3	1192
1	1	A3	1193
1	2	A3	1193
1	3	A3	1193
1	1	A3	1194
1	2	A3	1194
1	3	A3	1194
1	1	A3	1195
1	2	A3	1195
1	3	A3	1195
1	1	A3	1196
1	2	A3	1196
1	3	A3	1196
1	1	A3	1197
1	2	A3	1197
1	3	A3	1197
1	1	A3	1198
1	2	A3	1198
1	3	A3	1198
1	1	A3	1199
1	2	A3	1199
1	3	A3	1199
1	1	A3	1200
1	2	A3	1200
1	3	A3	1200
1	1	A3	1201
1	2	A3	1201
1	3	A3	1201
1	1	A3	1202
1	2	A3	1202
1	3	A3	1202
1	1	A3	1203
1	2	A3	1203
1	3	A3	1203
1	1	A3	1204
1	2	A3	1204
1	3	A3	1204
1	1	A3	1205
1	2	A3	1205
1	3	A3	1205
1	1	A3	1206
1	2	A3	1206
1	3	A3	1206
1	1	A3	1207
1	2	A3	1207
1	3	A3	1207
1	1	A3	1208
1	2	A3	1208
1	3	A3	1208
1	1	A3	1209
1	2	A3	1209
1	3	A3	1209
1	1	A3	1210
1	2	A3	1210
1	3	A3	1210
1	1	A3	1211
1	2	A3	1211
1	3	A3	1211
1	1	A3	1212
1	2	A3	1212
1	3	A3	1212
1	1	A3	1213
1	2	A3	1213
1	3	A3	1213
1	1	A3	1214
1	2	A3	1214
1	3	A3	1214
1	1	A3	1215
1	2	A3	1215
1	3	A3	1215
1	1	A3	1216
1	2	A3	1216
1	3	A3	1216
1	1	A3	1217
1	2	A3	1217
1	3	A3	1217
1	1	A3	1218
1	2	A3	1218
1	3	A3	1218
1	1	A3	1219
1	2	A3	1219
1	3	A3	1219
1	1	A3	1220
1	2	A3	1220
1	3	A3	1220
1	1	A3	1221
1	2	A3	1221
1	3	A3	1221
1	1	A3	1222
1	2	A3	1222
1	3	A3	1222
1	1	A3	1223
1	2	A3	1223
1	3	A3	1223
1	1	A3	1224
1	2	A3	1224
1	3	A3	1224
1	1	A3	1225
1	2	A3	1225
1	3	A3	1225
1	1	A3	1226
1	2	A3	1226
1	3	A3	1226
1	1	A3	1227
1	2	A3	1227
1	3	A3	1227
1	1	A3	1228
1	2	A3	1228
1	3	A3	1228
1	1	A3	1229
1	2	A3	1229
1	3	A3	1229
1	1	A3	1230
1	2	A3	1230
1	3	A3	1230
1	1	A3	1231
1	2	A3	1231
1	3	A3	1231
1	1	A3	1232
1	2	A3	1232
1	3	A3	1232
1	1	A3	1233
1	2	A3	1233
1	3	A3	1233
1	1	A3	1234
1	2	A3	1234
1	3	A3	1234
1	1	A3	1235
1	2	A3	1235
1	3	A3	1235
1	1	A3	1236
1	2	A3	1236
1	3	A3	1236
1	1	A3	1237
1	2	A3	1237
1	3	A3	1237
1	1	A3	1238
1	2	A3	1238
1	3	A3	1238
1	1	A3	1239
1	2	A3	1239
1	3	A3	1239
1	1	A3	1240
1	2	A3	1240
1	3	A3	1240
1	1	A3	1241
1	2	A3	1241
1	3	A3	1241
1	1	A3	1242
1	2	A3	1242
1	3	A3	1242
1	1	A3	1243
1	2	A3	1243
1	3	A3	1243
1	1	A3	1244
1	2	A3	1244
1	3	A3	1244
1	1	A3	1245
1	2	A3	1245
1	3	A3	1245
1	1	A3	1246
1	2	A3	1246
1	3	A3	1246
1	1	A3	1247
1	2	A3	1247
1	3	A3	1247
1	1	A3	1248
1	2	A3	1248
1	3	A3	1248
1	1	A3	1249
1	2	A3	1249
1	3	A3	1249
1	1	A3	1250
1	2	A3	1250
1	3	A3	1250
1	1	A3	1251
1	2	A3	1251
1	3	A3	1251
1	1	A3	1252
1	2	A3	1252
1	3	A3	1252
1	1	A3	1253
1	2	A3	1253
1	3	A3	1253
1	1	A3	1254
1	2	A3	1254
1	3	A3	1254
1	1	A3	1255
1	2	A3	1255
1	3	A3	1255
1	1	A3	1256
1	2	A3	1256
1	3	A3	1256
1	1	A3	1257
1	2	A3	1257
1	3	A3	1257
1	1	A3	1258
1	2	A3	1258
1	3	A3	1258
1	1	A3	1259
1	2	A3	1259
1	3	A3	1259
1	1	A3	1260
1	2	A3	1260
1	3	A3	1260
1	1	A3	1261
1	2	A3	1261
1	3	A3	1261
1	1	A3	1262
1	2	A3	1262
1	3	A3	1262
1	1	A3	1263
1	2	A3	1263
1	3	A3	1263
1	1	A3	1264
1	2	A3	1264
1	3	A3	1264
1	1	A3	1265
1	2	A3	1265
1	3	A3	1265
1	1	A3	1266
1	2	A3	1266
1	3	A3	1266
1	1	A3	1267
1	2	A3	1267
1	3	A3	1267
1	1	A3	1268
1	2	A3	1268
1	3	A3	1268
1	1	A3	1269
1	2	A3	1269
1	3	A3	1269
1	1	A3	1270
1	2	A3	1270
1	3	A3	1270
1	1	A3	1271
1	2	A3	1271
1	3	A3	1271
1	1	A3	1272
1	2	A3	1272
1	3	A3	1272
1	1	A3	1273
1	2	A3	1273
1	3	A3	1273
1	1	A3	1274
1	2	A3	1274
1	3	A3	1274
1	1	A3	1275
1	2	A3	1275
1	3	A3	1275
1	1	A3	1276
1	2	A3	1276
1	3	A3	1276
1	1	A3	1277
1	2	A3	1277
1	3	A3	1277
1	1	A3	1278
1	2	A3	1278
1	3	A3	1278
1	1	A3	1279
1	2	A3	1279
1	3	A3	1279
1	1	A3	1280
1	2	A3	1280
1	3	A3	1280
1	1	A3	1281
1	2	A3	1281
1	3	A3	1281
1	1	A3	1282
1	2	A3	1282
1	3	A3	1282
1	1	A3	1283
1	2	A3	1283
1	3	A3	1283
1	1	A3	1284
1	2	A3	1284
1	3	A3	1284
1	1	A3	1285
1	2	A3	1285
1	3	A3	1285
1	1	A3	1286
1	2	A3	1286
1	3	A3	1286
1	1	A3	1287
1	2	A3	1287
1	3	A3	1287
1	1	A3	1288
1	2	A3	1288
1	3	A3	1288
1	1	A3	1289
1	2	A3	1289
1	3	A3	1289
1	1	A3	1290
1	2	A3	1290
1	3	A3	1290
1	1	A3	1291
1	2	A3	1291
1	3	A3	1291
1	1	A3	1292
1	2	A3	1292
1	3	A3	1292
1	1	A3	1293
1	2	A3	1293
1	3	A3	1293
1	1	A3	1294
1	2	A3	1294
1	3	A3	1294
1	1	A3	1295
1	2	A3	1295
1	3	A3	1295
1	1	A3	1296
1	2	A3	1296
1	3	A3	1296
1	1	A3	1297
1	2	A3	1297
1	3	A3	1297
1	1	A3	1298
1	2	A3	1298
1	3	A3	1298
1	1	A3	1299
1	2	A3	1299
1	3	A3	1299
1	1	A3	1300
1	2	A3	1300
1	3	A3	1300
1	1	A3	1301
1	2	A3	1301
1	3	A3	1301
1	1	A3	1302
1	2	A3	1302
1	3	A3	1302
1	1	A3	1303
1	2	A3	1303
1	3	A3	1303
1	1	A3	1304
1	2	A3	1304
1	3	A3	1304
1	1	A3	1305
1	2	A3	1305
1	3	A3	1305
1	1	A3	1306
1	2	A3	1306
1	3	A3	1306
1	1	A3	1307
1	2	A3	1307
1	3	A3	1307
1	1	A3	1308
1	2	A3	1308
1	3	A3	1308
1	1	A3	1309
1	2	A3	1309
1	3	A3	1309
1	1	A3	1310
1	2	A3	1310
1	3	A3	1310
1	1	A3	1311
1	2	A3	1311
1	3	A3	1311
1	1	A3	1312
1	2	A3	1312
1	3	A3	1312
1	1	A3	1313
1	2	A3	1313
1	3	A3	1313
1	1	A3	1314
1	2	A3	1314
1	3	A3	1314
1	1	A3	1315
1	2	A3	1315
1	3	A3	1315
1	1	A3	1316
1	2	A3	1316
1	3	A3	1316
1	1	A3	1317
1	2	A3	1317
1	3	A3	1317
1	1	A3	1318
1	2	A3	1318
1	3	A3	1318
1	1	A3	1319
1	2	A3	1319
1	3	A3	1319
1	1	A3	1320
1	2	A3	1320
1	3	A3	1320
1	1	A3	1321
1	2	A3	1321
1	3	A3	1321
1	1	A3	1322
1	2	A3	1322
1	3	A3	1322
1	1	A3	1323
1	2	A3	1323
1	3	A3	1323
1	1	A3	1324
1	2	A3	1324
1	3	A3	1324
1	1	A3	1325
1	2	A3	1325
1	3	A3	1325
1	1	A3	1326
1	2	A3	1326
1	3	A3	1326
1	1	A3	1327
1	2	A3	1327
1	3	A3	1327
1	1	A3	1328
1	2	A3	1328
1	3	A3	1328
1	1	A3	1329
1	2	A3	1329
1	3	A3	1329
1	1	A3	1330
1	2	A3	1330
1	3	A3	1330
1	1	A3	1331
1	2	A3	1331
1	3	A3	1331
1	1	A3	1332
1	2	A3	1332
1	3	A3	1332
1	1	A3	1333
1	2	A3	1333
1	3	A3	1333
1	1	A3	1334
1	2	A3	1334
1	3	A3	1334
1	1	A3	1335
1	2	A3	1335
1	3	A3	1335
1	1	A3	1336
1	2	A3	1336
1	3	A3	1336
1	1	A3	1337
1	2	A3	1337
1	3	A3	1337
1	1	A3	1338
1	2	A3	1338
1	3	A3	1338
1	1	A3	1339
1	2	A3	1339
1	3	A3	1339
1	1	A3	1340
1	2	A3	1340
1	3	A3	1340
1	1	A3	1341
1	2	A3	1341
1	3	A3	1341
1	1	A3	1342
1	2	A3	1342
1	3	A3	1342
1	1	A3	1343
1	2	A3	1343
1	3	A3	1343
1	1	A3	1344
1	2	A3	1344
1	3	A3	1344
1	1	A3	1345
1	2	A3	1345
1	3	A3	1345
1	1	A3	1346
1	2	A3	1346
1	3	A3	1346
1	1	A3	1347
1	2	A3	1347
1	3	A3	1347
1	1	A3	1348
1	2	A3	1348
1	3	A3	1348
1	1	A3	1349
1	2	A3	1349
1	3	A3	1349
1	1	A3	1350
1	2	A3	1350
1	3	A3	1350
1	1	A3	1351
1	2	A3	1351
1	3	A3	1351
1	1	A3	1352
1	2	A3	1352
1	3	A3	1352
1	1	A3	1353
1	2	A3	1353
1	3	A3	1353
1	1	A3	1354
1	2	A3	1354
1	3	A3	1354
1	1	A3	1355
1	2	A3	1355
1	3	A3	1355
1	1	A3	1356
1	2	A3	1356
1	3	A3	1356
1	1	A3	1357
1	2	A3	1357
1	3	A3	1357
1	1	A3	1358
1	2	A3	1358
1	3	A3	1358
1	1	A3	1359
1	2	A3	1359
1	3	A3	1359
1	1	A3	1360
1	2	A3	1360
1	3	A3	1360
1	1	A3	1361
1	2	A3	1361
1	3	A3	1361
1	1	A3	1362
1	2	A3	1362
1	3	A3	1362
1	1	A3	1363
1	2	A3	1363
1	3	A3	1363
1	1	A3	1364
1	2	A3	1364
1	3	A3	1364
1	1	A3	1365
1	2	A3	1365
1	3	A3	1365
1	1	A3	1366
1	2	A3	1366
1	3	A3	1366
1	1	A3	1367
1	2	A3	1367
1	3	A3	1367
1	1	A3	1368
1	2	A3	1368
1	3	A3	1368
1	1	A3	1369
1	2	A3	1369
1	3	A3	1369
1	1	A3	1370
1	2	A3	1370
1	3	A3	1370
1	1	A3	1371
1	2	A3	1371
1	3	A3	1371
1	1	A3	1372
1	2	A3	1372
1	3	A3	1372
1	1	A3	1373
1	2	A3	1373
1	3	A3	1373
1	1	A3	1374
1	2	A3	1374
1	3	A3	1374
1	1	A3	1375
1	2	A3	1375
1	3	A3	1375
1	1	A3	1376
1	2	A3	1376
1	3	A3	1376
1	1	A3	1377
1	2	A3	1377
1	3	A3	1377
1	1	A3	1378
1	2	A3	1378
1	3	A3	1378
1	1	A3	1379
1	2	A3	1379
1	3	A3	1379
1	1	A3	1380
1	2	A3	1380
1	3	A3	1380
1	1	A3	1381
1	2	A3	1381
1	3	A3	1381
1	1	A3	1382
1	2	A3	1382
1	3	A3	1382
1	1	A3	1383
1	2	A3	1383
1	3	A3	1383
1	1	A3	1384
1	2	A3	1384
1	3	A3	1384
1	1	A3	1385
1	2	A3	1385
1	3	A3	1385
1	1	A3	1386
1	2	A3	1386
1	3	A3	1386
1	1	A3	1387
1	2	A3	1387
1	3	A3	1387
1	1	A3	1388
1	2	A3	1388
1	3	A3	1388
1	1	A3	1389
1	2	A3	1389
1	3	A3	1389
1	1	A3	1390
1	2	A3	1390
1	3	A3	1390
1	1	A3	1391
1	2	A3	1391
1	3	A3	1391
1	1	A3	1392
1	2	A3	1392
1	3	A3	1392
1	1	A3	1393
1	2	A3	1393
1	3	A3	1393
1	1	A3	1394
1	2	A3	1394
1	3	A3	1394
1	1	A3	1395
1	2	A3	1395
1	3	A3	1395
1	1	A3	1396
1	2	A3	1396
1	3	A3	1396
1	1	A3	1397
1	2	A3	1397
1	3	A3	1397
1	1	A3	1398
1	2	A3	1398
1	3	A3	1398
1	1	A3	1399
1	2	A3	1399
1	3	A3	1399
1	1	A3	1400
1	2	A3	1400
1	3	A3	1400
1	1	A3	1401
1	2	A3	1401
1	3	A3	1401
1	1	A3	1402
1	2	A3	1402
1	3	A3	1402
1	1	A3	1403
1	2	A3	1403
1	3	A3	1403
1	1	A3	1404
1	2	A3	1404
1	3	A3	1404
1	1	A3	1405
1	2	A3	1405
1	3	A3	1405
1	1	A3	1406
1	2	A3	1406
1	3	A3	1406
1	1	A3	1407
1	2	A3	1407
1	3	A3	1407
1	1	A3	1408
1	2	A3	1408
1	3	A3	1408
1	1	A3	1409
1	2	A3	1409
1	3	A3	1409
1	1	A3	1410
1	2	A3	1410
1	3	A3	1410
1	1	A3	1411
1	2	A3	1411
1	3	A3	1411
1	1	A3	1412
1	2	A3	1412
1	3	A3	1412
1	1	A3	1413
1	2	A3	1413
1	3	A3	1413
1	1	A3	1414
1	2	A3	1414
1	3	A3	1414
1	1	A3	1415
1	2	A3	1415
1	3	A3	1415
1	1	A3	1416
1	2	A3	1416
1	3	A3	1416
1	1	A3	1417
1	2	A3	1417
1	3	A3	1417
1	1	A3	1418
1	2	A3	1418
1	3	A3	1418
1	1	A3	1419
1	2	A3	1419
1	3	A3	1419
1	1	A3	1420
1	2	A3	1420
1	3	A3	1420
1	1	A3	1421
1	2	A3	1421
1	3	A3	1421
1	1	A3	1422
1	2	A3	1422
1	3	A3	1422
1	1	A3	1423
1	2	A3	1423
1	3	A3	1423
1	1	A3	1424
1	2	A3	1424
1	3	A3	1424
1	1	A3	1425
1	2	A3	1425
1	3	A3	1425
1	1	A3	1426
1	2	A3	1426
1	3	A3	1426
1	1	A3	1427
1	2	A3	1427
1	3	A3	1427
1	1	A3	1428
1	2	A3	1428
1	3	A3	1428
1	1	A3	1429
1	2	A3	1429
1	3	A3	1429
1	1	A3	1430
1	2	A3	1430
1	3	A3	1430
1	1	A3	1431
1	2	A3	1431
1	3	A3	1431
1	1	A3	1432
1	2	A3	1432
1	3	A3	1432
1	1	A3	1433
1	2	A3	1433
1	3	A3	1433
1	1	A3	1434
1	2	A3	1434
1	3	A3	1434
1	1	A3	1435
1	2	A3	1435
1	3	A3	1435
1	1	A3	1436
1	2	A3	1436
1	3	A3	1436
1	1	A3	1437
1	2	A3	1437
1	3	A3	1437
1	1	A3	1438
1	2	A3	1438
1	3	A3	1438
1	1	A3	1439
1	2	A3	1439
1	3	A3	1439
1	1	A3	1440
1	2	A3	1440
1	3	A3	1440
1	1	A3	1441
1	2	A3	1441
1	3	A3	1441
1	1	A3	1442
1	2	A3	1442
1	3	A3	1442
1	1	A3	1443
1	2	A3	1443
1	3	A3	1443
1	1	A3	1444
1	2	A3	1444
1	3	A3	1444
1	1	A3	1445
1	2	A3	1445
1	3	A3	1445
1	1	A3	1446
1	2	A3	1446
1	3	A3	1446
1	1	A3	1447
1	2	A3	1447
1	3	A3	1447
1	1	A3	1448
1	2	A3	1448
1	3	A3	1448
1	1	A3	1449
1	2	A3	1449
1	3	A3	1449
1	1	A3	1450
1	2	A3	1450
1	3	A3	1450
1	1	A3	1451
1	2	A3	1451
1	3	A3	1451
1	1	A3	1452
1	2	A3	1452
1	3	A3	1452
1	1	A3	1453
1	2	A3	1453
1	3	A3	1453
1	1	A3	1454
1	2	A3	1454
1	3	A3	1454
1	1	A3	1455
1	2	A3	1455
1	3	A3	1455
1	1	A3	1456
1	2	A3	1456
1	3	A3	1456
1	1	A3	1457
1	2	A3	1457
1	3	A3	1457
1	1	A3	1458
1	2	A3	1458
1	3	A3	1458
1	1	A3	1459
1	2	A3	1459
1	3	A3	1459
1	1	A3	1460
1	2	A3	1460
1	3	A3	1460
1	1	A3	1461
1	2	A3	1461
1	3	A3	1461
1	1	A3	1462
1	2	A3	1462
1	3	A3	1462
1	1	A3	1463
1	2	A3	1463
1	3	A3	1463
1	1	A3	1464
1	2	A3	1464
1	3	A3	1464
1	1	A3	1465
1	2	A3	1465
1	3	A3	1465
1	1	A3	1466
1	2	A3	1466
1	3	A3	1466
1	1	A3	1467
1	2	A3	1467
1	3	A3	1467
1	1	A3	1468
1	2	A3	1468
1	3	A3	1468
1	1	A3	1469
1	2	A3	1469
1	3	A3	1469
1	1	A3	1470
1	2	A3	1470
1	3	A3	1470
1	1	A3	1471
1	2	A3	1471
1	3	A3	1471
1	1	A3	1472
1	2	A3	1472
1	3	A3	1472
1	1	A3	1473
1	2	A3	1473
1	3	A3	1473
1	1	A3	1474
1	2	A3	1474
1	3	A3	1474
1	1	A3	1475
1	2	A3	1475
1	3	A3	1475
1	1	A3	1476
1	2	A3	1476
1	3	A3	1476
1	1	A3	1477
1	2	A3	1477
1	3	A3	1477
1	1	A3	1478
1	2	A3	1478
1	3	A3	1478
1	1	A3	1479
1	2	A3	1479
1	3	A3	1479
1	1	A3	1480
1	2	A3	1480
1	3	A3	1480
1	1	A3	1481
1	2	A3	1481
1	3	A3	1481
1	1	A3	1482
1	2	A3	1482
1	3	A3	1482
1	1	A3	1483
1	2	A3	1483
1	3	A3	1483
1	1	A3	1484
1	2	A3	1484
1	3	A3	1484
1	1	A3	1485
1	2	A3	1485
1	3	A3	1485
1	1	A3	1486
1	2	A3	1486
1	3	A3	1486
1	1	A3	1487
1	2	A3	1487
1	3	A3	1487
1	1	A3	1488
1	2	A3	1488
1	3	A3	1488
1	1	A3	1489
1	2	A3	1489
1	3	A3	1489
1	1	A3	1490
1	2	A3	1490
1	3	A3	1490
1	1	A3	1491
1	2	A3	1491
1	3	A3	1491
1	1	A3	1492
1	2	A3	1492
1	3	A3	1492
1	1	A3	1493
1	2	A3	1493
1	3	A3	1493
1	1	A3	1494
1	2	A3	1494
1	3	A3	1494
1	1	A3	1495
1	2	A3	1495
1	3	A3	1495
1	1	A3	1496
1	2	A3	1496
1	3	A3	1496
1	1	A3	1497
1	2	A3	1497
1	3	A3	1497
1	1	A3	1498
1	2	A3	1498
1	3	A3	1498
1	1	A3	1499
1	2	A3	1499
1	3	A3	1499
1	1	A3	1500
1	2	A3	1500
1	3	A3	1500
1	1	A3	1501
1	2	A3	1501
1	3	A3	1501
1	1	A3	1502
1	2	A3	1502
1	3	A3	1502
1	1	A3	1503
1	2	A3	1503
1	3	A3	1503
1	1	A3	1504
1	2	A3	1504
1	3	A3	1504
1	1	A3	1505
1	2	A3	1505
1	3	A3	1505
1	1	A3	1506
1	2	A3	1506
1	3	A3	1506
1	1	A3	1507
1	2	A3	1507
1	3	A3	1507
1	1	A3	1508
1	2	A3	1508
1	3	A3	1508
1	1	A3	1509
1	2	A3	1509
1	3	A3	1509
1	1	A3	1510
1	2	A3	1510
1	3	A3	1510
1	1	A3	1511
1	2	A3	1511
1	3	A3	1511
1	1	A3	1512
1	2	A3	1512
1	3	A3	1512
1	1	A3	1513
1	2	A3	1513
1	3	A3	1513
1	1	A3	1514
1	2	A3	1514
1	3	A3	1514
1	1	A3	1515
1	2	A3	1515
1	3	A3	1515
1	1	A3	1516
1	2	A3	1516
1	3	A3	1516
1	1	A3	1517
1	2	A3	1517
1	3	A3	1517
1	1	A3	1518
1	2	A3	1518
1	3	A3	1518
1	1	A3	1519
1	2	A3	1519
1	3	A3	1519
1	1	A3	1520
1	2	A3	1520
1	3	A3	1520
1	1	A3	1521
1	2	A3	1521
1	3	A3	1521
1	1	A3	1522
1	2	A3	1522
1	3	A3	1522
1	1	A3	1523
1	2	A3	1523
1	3	A3	1523
1	1	A3	1524
1	2	A3	1524
1	3	A3	1524
1	1	A3	1525
1	2	A3	1525
1	3	A3	1525
1	1	A3	1526
1	2	A3	1526
1	3	A3	1526
1	1	A3	1527
1	2	A3	1527
1	3	A3	1527
1	1	A3	1528
1	2	A3	1528
1	3	A3	1528
1	1	A3	1529
1	2	A3	1529
1	3	A3	1529
1	1	A3	1530
1	2	A3	1530
1	3	A3	1530
1	1	A3	1531
1	2	A3	1531
1	3	A3	1531
1	1	A3	1532
1	2	A3	1532
1	3	A3	1532
1	1	A3	1533
1	2	A3	1533
1	3	A3	1533
1	1	A3	1534
1	2	A3	1534
1	3	A3	1534
1	1	A3	1535
1	2	A3	1535
1	3	A3	1535
1	1	A3	1536
1	2	A3	1536
1	3	A3	1536
1	1	A3	1537
1	2	A3	1537
1	3	A3	1537
1	1	A3	1538
1	2	A3	1538
1	3	A3	1538
1	1	A3	1539
1	2	A3	1539
1	3	A3	1539
1	1	A3	1540
1	2	A3	1540
1	3	A3	1540
1	1	A3	1541
1	2	A3	1541
1	3	A3	1541
1	1	A3	1542
1	2	A3	1542
1	3	A3	1542
1	1	A3	1543
1	2	A3	1543
1	3	A3	1543
1	1	A3	1544
1	2	A3	1544
1	3	A3	1544
1	1	A3	1545
1	2	A3	1545
1	3	A3	1545
1	1	A3	1546
1	2	A3	1546
1	3	A3	1546
1	1	A3	1547
1	2	A3	1547
1	3	A3	1547
1	1	A3	1548
1	2	A3	1548
1	3	A3	1548
1	1	A3	1549
1	2	A3	1549
1	3	A3	1549
1	1	A3	1550
1	2	A3	1550
1	3	A3	1550
1	1	A3	1551
1	2	A3	1551
1	3	A3	1551
1	1	A3	1552
1	2	A3	1552
1	3	A3	1552
1	1	A3	1553
1	2	A3	1553
1	3	A3	1553
1	1	A3	1554
1	2	A3	1554
1	3	A3	1554
1	1	A3	1555
1	2	A3	1555
1	3	A3	1555
1	1	A3	1556
1	2	A3	1556
1	3	A3	1556
1	1	A3	1557
1	2	A3	1557
1	3	A3	1557
1	1	A3	1558
1	2	A3	1558
1	3	A3	1558
1	1	A3	1559
1	2	A3	1559
1	3	A3	1559
1	1	A3	1560
1	2	A3	1560
1	3	A3	1560
1	1	A3	1561
1	2	A3	1561
1	3	A3	1561
1	1	A3	1562
1	2	A3	1562
1	3	A3	1562
1	1	A3	1563
1	2	A3	1563
1	3	A3	1563
1	1	A3	1564
1	2	A3	1564
1	3	A3	1564
1	1	A3	1565
1	2	A3	1565
1	3	A3	1565
1	1	A3	1566
1	2	A3	1566
1	3	A3	1566
1	1	A3	1567
1	2	A3	1567
1	3	A3	1567
1	1	A3	1568
1	2	A3	1568
1	3	A3	1568
1	1	A3	1569
1	2	A3	1569
1	3	A3	1569
1	1	A3	1570
1	2	A3	1570
1	3	A3	1570
1	1	A3	1571
1	2	A3	1571
1	3	A3	1571
1	1	A3	1572
1	2	A3	1572
1	3	A3	1572
1	1	A3	1573
1	2	A3	1573
1	3	A3	1573
1	1	A3	1574
1	2	A3	1574
1	3	A3	1574
1	1	A3	1575
1	2	A3	1575
1	3	A3	1575
1	1	A3	1576
1	2	A3	1576
1	3	A3	1576
1	1	A3	1577
1	2	A3	1577
1	3	A3	1577
1	1	A3	1578
1	2	A3	1578
1	3	A3	1578
1	1	A3	1579
1	2	A3	1579
1	3	A3	1579
1	1	A3	1580
1	2	A3	1580
1	3	A3	1580
1	1	A3	1581
1	2	A3	1581
1	3	A3	1581
1	1	A3	1582
1	2	A3	1582
1	3	A3	1582
1	1	A3	1583
1	2	A3	1583
1	3	A3	1583
1	1	A3	1584
1	2	A3	1584
1	3	A3	1584
1	1	A3	1585
1	2	A3	1585
1	3	A3	1585
1	1	A3	1586
1	2	A3	1586
1	3	A3	1586
1	1	A3	1587
1	2	A3	1587
1	3	A3	1587
1	1	A3	1588
1	2	A3	1588
1	3	A3	1588
1	1	A3	1589
1	2	A3	1589
1	3	A3	1589
1	1	A3	1590
1	2	A3	1590
1	3	A3	1590
1	1	A3	1591
1	2	A3	1591
1	3	A3	1591
1	1	A3	1592
1	2	A3	1592
1	3	A3	1592
1	1	A3	1593
1	2	A3	1593
1	3	A3	1593
1	1	A3	1594
1	2	A3	1594
1	3	A3	1594
1	1	A3	1595
1	2	A3	1595
1	3	A3	1595
1	1	A3	1596
1	2	A3	1596
1	3	A3	1596
1	1	A3	1597
1	2	A3	1597
1	3	A3	1597
1	1	A3	1598
1	2	A3	1598
1	3	A3	1598
1	1	A3	1599
1	2	A3	1599
1	3	A3	1599
1	1	A3	1600
1	2	A3	1600
1	3	A3	1600
1	1	A3	1601
1	2	A3	1601
1	3	A3	1601
1	1	A3	1602
1	2	A3	1602
1	3	A3	1602
1	1	A3	1603
1	2	A3	1603
1	3	A3	1603
1	1	A3	1604
1	2	A3	1604
1	3	A3	1604
1	1	A3	1605
1	2	A3	1605
1	3	A3	1605
1	1	A3	1606
1	2	A3	1606
1	3	A3	1606
1	1	A3	1607
1	2	A3	1607
1	3	A3	1607
1	1	A3	1608
1	2	A3	1608
1	3	A3	1608
1	1	A3	1609
1	2	A3	1609
1	3	A3	1609
1	1	A3	1610
1	2	A3	1610
1	3	A3	1610
1	1	A3	1611
1	2	A3	1611
1	3	A3	1611
1	1	A3	1612
1	2	A3	1612
1	3	A3	1612
1	1	A3	1613
1	2	A3	1613
1	3	A3	1613
1	1	A3	1614
1	2	A3	1614
1	3	A3	1614
1	1	A3	1615
1	2	A3	1615
1	3	A3	1615
1	1	A3	1616
1	2	A3	1616
1	3	A3	1616
1	1	A3	1617
1	2	A3	1617
1	3	A3	1617
1	1	A3	1618
1	2	A3	1618
1	3	A3	1618
1	1	A3	1619
1	2	A3	1619
1	3	A3	1619
1	1	A3	1620
1	2	A3	1620
1	3	A3	1620
1	1	A3	1621
1	2	A3	1621
1	3	A3	1621
1	1	A3	1622
1	2	A3	1622
1	3	A3	1622
1	1	A3	1623
1	2	A3	1623
1	3	A3	1623
1	1	A3	1624
1	2	A3	1624
1	3	A3	1624
1	1	A3	1625
1	2	A3	1625
1	3	A3	1625
1	1	A3	1626
1	2	A3	1626
1	3	A3	1626
1	1	A3	1627
1	2	A3	1627
1	3	A3	1627
1	1	A3	1628
1	2	A3	1628
1	3	A3	1628
1	1	A3	1629
1	2	A3	1629
1	3	A3	1629
1	1	A3	1630
1	2	A3	1630
1	3	A3	1630
1	1	A3	1631
1	2	A3	1631
1	3	A3	1631
1	1	A3	1632
1	2	A3	1632
1	3	A3	1632
1	1	A3	1633
1	2	A3	1633
1	3	A3	1633
1	1	A3	1634
1	2	A3	1634
1	3	A3	1634
1	1	A3	1635
1	2	A3	1635
1	3	A3	1635
1	1	A3	1636
1	2	A3	1636
1	3	A3	1636
1	1	A3	1637
1	2	A3	1637
1	3	A3	1637
1	1	A3	1638
1	2	A3	1638
1	3	A3	1638
1	1	A3	1639
1	2	A3	1639
1	3	A3	1639
1	1	A3	1640
1	2	A3	1640
1	3	A3	1640
1	1	A3	1641
1	2	A3	1641
1	3	A3	1641
1	1	A3	1642
1	2	A3	1642
1	3	A3	1642
1	1	A3	1643
1	2	A3	1643
1	3	A3	1643
1	1	A3	1644
1	2	A3	1644
1	3	A3	1644
1	1	A3	1645
1	2	A3	1645
1	3	A3	1645
1	1	A3	1646
1	2	A3	1646
1	3	A3	1646
1	1	A3	1647
1	2	A3	1647
1	3	A3	1647
1	1	A3	1648
1	2	A3	1648
1	3	A3	1648
1	1	A3	1649
1	2	A3	1649
1	3	A3	1649
1	1	A3	1650
1	2	A3	1650
1	3	A3	1650
1	1	A3	1651
1	2	A3	1651
1	3	A3	1651
1	1	A3	1652
1	2	A3	1652
1	3	A3	1652
1	1	A3	1653
1	2	A3	1653
1	3	A3	1653
1	1	A3	1654
1	2	A3	1654
1	3	A3	1654
1	1	A3	1655
1	2	A3	1655
1	3	A3	1655
1	1	A3	1656
1	2	A3	1656
1	3	A3	1656
1	1	A3	1657
1	2	A3	1657
1	3	A3	1657
1	1	A3	1658
1	2	A3	1658
1	3	A3	1658
1	1	A3	1659
1	2	A3	1659
1	3	A3	1659
1	1	A3	1660
1	2	A3	1660
1	3	A3	1660
1	1	A3	1661
1	2	A3	1661
1	3	A3	1661
1	1	A3	1662
1	2	A3	1662
1	3	A3	1662
1	1	A3	1663
1	2	A3	1663
1	3	A3	1663
1	1	A3	1664
1	2	A3	1664
1	3	A3	1664
1	1	A3	1665
1	2	A3	1665
1	3	A3	1665
1	1	A3	1666
1	2	A3	1666
1	3	A3	1666
1	1	A3	1667
1	2	A3	1667
1	3	A3	1667
1	1	A3	1668
1	2	A3	1668
1	3	A3	1668
1	1	A3	1669
1	2	A3	1669
1	3	A3	1669
1	1	A3	1670
1	2	A3	1670
1	3	A3	1670
1	1	A3	1671
1	2	A3	1671
1	3	A3	1671
1	1	A3	1672
1	2	A3	1672
1	3	A3	1672
1	1	A3	1673
1	2	A3	1673
1	3	A3	1673
1	1	A3	1674
1	2	A3	1674
1	3	A3	1674
1	1	A3	1675
1	2	A3	1675
1	3	A3	1675
1	1	A3	1676
1	2	A3	1676
1	3	A3	1676
1	1	A3	1677
1	2	A3	1677
1	3	A3	1677
1	1	A3	1678
1	2	A3	1678
1	3	A3	1678
1	1	A3	1679
1	2	A3	1679
1	3	A3	1679
1	1	A3	1680
1	2	A3	1680
1	3	A3	1680
1	1	A3	1681
1	2	A3	1681
1	3	A3	1681
1	1	A3	1682
1	2	A3	1682
1	3	A3	1682
1	1	A3	1683
1	2	A3	1683
1	3	A3	1683
1	1	A3	1684
1	2	A3	1684
1	3	A3	1684
1	1	A3	1685
1	2	A3	1685
1	3	A3	1685
1	1	A3	1686
1	2	A3	1686
1	3	A3	1686
1	1	A3	1687
1	2	A3	1687
1	3	A3	1687
1	1	A3	1688
1	2	A3	1688
1	3	A3	1688
1	1	A3	1689
1	2	A3	1689
1	3	A3	1689
1	1	A3	1690
1	2	A3	1690
1	3	A3	1690
1	1	A3	1691
1	2	A3	1691
1	3	A3	1691
1	1	A3	1692
1	2	A3	1692
1	3	A3	1692
1	1	A3	1693
1	2	A3	1693
1	3	A3	1693
1	1	A3	1694
1	2	A3	1694
1	3	A3	1694
1	1	A3	1695
1	2	A3	1695
1	3	A3	1695
1	1	A3	1696
1	2	A3	1696
1	3	A3	1696
1	1	A3	1697
1	2	A3	1697
1	3	A3	1697
1	1	A3	1698
1	2	A3	1698
1	3	A3	1698
1	1	A3	1699
1	2	A3	1699
1	3	A3	1699
1	1	A3	1700
1	2	A3	1700
1	3	A3	1700
1	1	A3	1701
1	2	A3	1701
1	3	A3	1701
1	1	A3	1702
1	2	A3	1702
1	3	A3	1702
1	1	A3	1703
1	2	A3	1703
1	3	A3	1703
1	1	A3	1704
1	2	A3	1704
1	3	A3	1704
1	1	A3	1705
1	2	A3	1705
1	3	A3	1705
1	1	A3	1706
1	2	A3	1706
1	3	A3	1706
1	1	A3	1707
1	2	A3	1707
1	3	A3	1707
1	1	A3	1708
1	2	A3	1708
1	3	A3	1708
1	1	A3	1709
1	2	A3	1709
1	3	A3	1709
1	1	A3	1710
1	2	A3	1710
1	3	A3	1710
1	1	A3	1711
1	2	A3	1711
1	3	A3	1711
1	1	A3	1712
1	2	A3	1712
1	3	A3	1712
1	1	A3	1713
1	2	A3	1713
1	3	A3	1713
1	1	A3	1714
1	2	A3	1714
1	3	A3	1714
1	1	A3	1715
1	2	A3	1715
1	3	A3	1715
1	1	A3	1716
1	2	A3	1716
1	3	A3	1716
1	1	A3	1717
1	2	A3	1717
1	3	A3	1717
1	1	A3	1718
1	2	A3	1718
1	3	A3	1718
1	1	A3	1719
1	2	A3	1719
1	3	A3	1719
1	1	A3	1720
1	2	A3	1720
1	3	A3	1720
1	1	A3	1721
1	2	A3	1721
1	3	A3	1721
1	1	A3	1722
1	2	A3	1722
1	3	A3	1722
1	1	A3	1723
1	2	A3	1723
1	3	A3	1723
1	1	A3	1724
1	2	A3	1724
1	3	A3	1724
1	1	A3	1725
1	2	A3	1725
1	3	A3	1725
1	1	A3	1726
1	2	A3	1726
1	3	A3	1726
1	1	A3	1727
1	2	A3	1727
1	3	A3	1727
1	1	A3	1728
1	2	A3	1728
1	3	A3	1728
1	1	A3	1729
1	2	A3	1729
1	3	A3	1729
1	1	A3	1730
1	2	A3	1730
1	3	A3	1730
1	1	A3	1731
1	2	A3	1731
1	3	A3	1731
1	1	A3	1732
1	2	A3	1732
1	3	A3	1732
1	1	A3	1733
1	2	A3	1733
1	3	A3	1733
1	1	A3	1734
1	2	A3	1734
1	3	A3	1734
1	1	A3	1735
1	2	A3	1735
1	3	A3	1735
1	1	A3	1736
1	2	A3	1736
1	3	A3	1736
1	1	A3	1737
1	2	A3	1737
1	3	A3	1737
1	1	A3	1738
1	2	A3	1738
1	3	A3	1738
1	1	A3	1739
1	2	A3	1739
1	3	A3	1739
1	1	A3	1740
1	2	A3	1740
1	3	A3	1740
1	1	A3	1741
1	2	A3	1741
1	3	A3	1741
1	1	A3	1742
1	2	A3	1742
1	3	A3	1742
1	1	A3	1743
1	2	A3	1743
1	3	A3	1743
1	1	A3	1744
1	2	A3	1744
1	3	A3	1744
1	1	A3	1745
1	2	A3	1745
1	3	A3	1745
1	1	A3	1746
1	2	A3	1746
1	3	A3	1746
1	1	A3	1747
1	2	A3	1747
1	3	A3	1747
1	1	A3	1748
1	2	A3	1748
1	3	A3	1748
1	1	A3	1749
1	2	A3	1749
1	3	A3	1749
1	1	A3	1750
1	2	A3	1750
1	3	A3	1750
1	1	A3	1751
1	2	A3	1751
1	3	A3	1751
1	1	A3	1752
1	2	A3	1752
1	3	A3	1752
1	1	A3	1753
1	2	A3	1753
1	3	A3	1753
1	1	A3	1754
1	2	A3	1754
1	3	A3	1754
1	1	A3	1755
1	2	A3	1755
1	3	A3	1755
1	1	A3	1756
1	2	A3	1756
1	3	A3	1756
1	1	A3	1757
1	2	A3	1757
1	3	A3	1757
1	1	A3	1758
1	2	A3	1758
1	3	A3	1758
1	1	A3	1759
1	2	A3	1759
1	3	A3	1759
1	1	A3	1760
1	2	A3	1760
1	3	A3	1760
1	1	A3	1761
1	2	A3	1761
1	3	A3	1761
1	1	A3	1762
1	2	A3	1762
1	3	A3	1762
1	1	A3	1763
1	2	A3	1763
1	3	A3	1763
1	1	A3	1764
1	2	A3	1764
1	3	A3	1764
1	1	A3	1765
1	2	A3	1765
1	3	A3	1765
1	1	A3	1766
1	2	A3	1766
1	3	A3	1766
1	1	A3	1767
1	2	A3	1767
1	3	A3	1767
1	1	A3	1768
1	2	A3	1768
1	3	A3	1768
1	1	A3	1769
1	2	A3	1769
1	3	A3	1769
1	1	A3	1770
1	2	A3	1770
1	3	A3	1770
1	1	A3	1771
1	2	A3	1771
1	3	A3	1771
1	1	A3	1772
1	2	A3	1772
1	3	A3	1772
1	1	A3	1773
1	2	A3	1773
1	3	A3	1773
1	1	A3	1774
1	2	A3	1774
1	3	A3	1774
1	1	A3	1775
1	2	A3	1775
1	3	A3	1775
1	1	A3	1776
1	2	A3	1776
1	3	A3	1776
1	1	A3	1777
1	2	A3	1777
1	3	A3	1777
1	1	A3	1778
1	2	A3	1778
1	3	A3	1778
1	1	A3	1779
1	2	A3	1779
1	3	A3	1779
1	1	A3	1780
1	2	A3	1780
1	3	A3	1780
1	1	A3	1781
1	2	A3	1781
1	3	A3	1781
1	1	A3	1782
1	2	A3	1782
1	3	A3	1782
1	1	A3	1783
1	2	A3	1783
1	3	A3	1783
1	1	A3	1784
1	2	A3	1784
1	3	A3	1784
1	1	A3	1785
1	2	A3	1785
1	3	A3	1785
1	1	A3	1786
1	2	A3	1786
1	3	A3	1786
1	1	A3	1787
1	2	A3	1787
1	3	A3	1787
1	1	A3	1788
1	2	A3	1788
1	3	A3	1788
1	1	A3	1789
1	2	A3	1789
1	3	A3	1789
1	1	A3	1790
1	2	A3	1790
1	3	A3	1790
1	1	A3	1791
1	2	A3	1791
1	3	A3	1791
1	1	A3	1792
1	2	A3	1792
1	3	A3	1792
1	1	A3	1793
1	2	A3	1793
1	3	A3	1793
1	1	A3	1794
1	2	A3	1794
1	3	A3	1794
1	1	A3	1795
1	2	A3	1795
1	3	A3	1795
1	1	A3	1796
1	2	A3	1796
1	3	A3	1796
1	1	A3	1797
1	2	A3	1797
1	3	A3	1797
1	1	A3	1798
1	2	A3	1798
1	3	A3	1798
1	1	A3	1799
1	2	A3	1799
1	3	A3	1799
1	1	A3	1800
1	2	A3	1800
1	3	A3	1800
1	1	A3	1801
1	2	A3	1801
1	3	A3	1801
1	1	A3	1802
1	2	A3	1802
1	3	A3	1802
1	1	A3	1803
1	2	A3	1803
1	3	A3	1803
1	1	A3	1804
1	2	A3	1804
1	3	A3	1804
1	1	A3	1805
1	2	A3	1805
1	3	A3	1805
1	1	A3	1806
1	2	A3	1806
1	3	A3	1806
1	1	A3	1807
1	2	A3	1807
1	3	A3	1807
1	1	A3	1808
1	2	A3	1808
1	3	A3	1808
1	1	A3	1809
1	2	A3	1809
1	3	A3	1809
1	1	A3	1810
1	2	A3	1810
1	3	A3	1810
1	1	A3	1811
1	2	A3	1811
1	3	A3	1811
1	1	A3	1812
1	2	A3	1812
1	3	A3	1812
1	1	A3	1813
1	2	A3	1813
1	3	A3	1813
1	1	A3	1814
1	2	A3	1814
1	3	A3	1814
1	1	A3	1815
1	2	A3	1815
1	3	A3	1815
1	1	A3	1816
1	2	A3	1816
1	3	A3	1816
1	1	A3	1817
1	2	A3	1817
1	3	A3	1817
1	1	A3	1818
1	2	A3	1818
1	3	A3	1818
1	1	A3	1819
1	2	A3	1819
1	3	A3	1819
1	1	A3	1820
1	2	A3	1820
1	3	A3	1820
1	1	A3	1821
1	2	A3	1821
1	3	A3	1821
1	1	A3	1822
1	2	A3	1822
1	3	A3	1822
1	1	A3	1823
1	2	A3	1823
1	3	A3	1823
1	1	A3	1824
1	2	A3	1824
1	3	A3	1824
1	1	A3	1825
1	2	A3	1825
1	3	A3	1825
1	1	A3	1826
1	2	A3	1826
1	3	A3	1826
1	1	A3	1827
1	2	A3	1827
1	3	A3	1827
1	1	A3	1828
1	2	A3	1828
1	3	A3	1828
1	1	A3	1829
1	2	A3	1829
1	3	A3	1829
1	1	A3	1830
1	2	A3	1830
1	3	A3	1830
1	1	A3	1831
1	2	A3	1831
1	3	A3	1831
1	1	A3	1832
1	2	A3	1832
1	3	A3	1832
1	1	A3	1833
1	2	A3	1833
1	3	A3	1833
1	1	A3	1834
1	2	A3	1834
1	3	A3	1834
1	1	A3	1835
1	2	A3	1835
1	3	A3	1835
1	1	A3	1836
1	2	A3	1836
1	3	A3	1836
1	1	A3	1837
1	2	A3	1837
1	3	A3	1837
1	1	A3	1838
1	2	A3	1838
1	3	A3	1838
1	1	A3	1839
1	2	A3	1839
1	3	A3	1839
1	1	A3	1840
1	2	A3	1840
1	3	A3	1840
1	1	A3	1841
1	2	A3	1841
1	3	A3	1841
1	1	A3	1842
1	2	A3	1842
1	3	A3	1842
1	1	A3	1843
1	2	A3	1843
1	3	A3	1843
1	1	A3	1844
1	2	A3	1844
1	3	A3	1844
1	1	A3	1845
1	2	A3	1845
1	3	A3	1845
1	1	A3	1846
1	2	A3	1846
1	3	A3	1846
1	1	A3	1847
1	2	A3	1847
1	3	A3	1847
1	1	A3	1848
1	2	A3	1848
1	3	A3	1848
1	1	A3	1849
1	2	A3	1849
1	3	A3	1849
1	1	A3	1850
1	2	A3	1850
1	3	A3	1850
1	1	A3	1851
1	2	A3	1851
1	3	A3	1851
1	1	A3	1852
1	2	A3	1852
1	3	A3	1852
1	1	A3	1853
1	2	A3	1853
1	3	A3	1853
1	1	A3	1854
1	2	A3	1854
1	3	A3	1854
1	1	A3	1855
1	2	A3	1855
1	3	A3	1855
1	1	A3	1856
1	2	A3	1856
1	3	A3	1856
1	1	A3	1857
1	2	A3	1857
1	3	A3	1857
1	1	A3	1858
1	2	A3	1858
1	3	A3	1858
1	1	A3	1859
1	2	A3	1859
1	3	A3	1859
1	1	A3	1860
1	2	A3	1860
1	3	A3	1860
1	1	A3	1861
1	2	A3	1861
1	3	A3	1861
1	1	A3	1862
1	2	A3	1862
1	3	A3	1862
1	1	A3	1863
1	2	A3	1863
1	3	A3	1863
1	1	A3	1864
1	2	A3	1864
1	3	A3	1864
1	1	A3	1865
1	2	A3	1865
1	3	A3	1865
1	1	A3	1866
1	2	A3	1866
1	3	A3	1866
1	1	A3	1867
1	2	A3	1867
1	3	A3	1867
1	1	A3	1868
1	2	A3	1868
1	3	A3	1868
1	1	A3	1869
1	2	A3	1869
1	3	A3	1869
1	1	A3	1870
1	2	A3	1870
1	3	A3	1870
1	1	A3	1871
1	2	A3	1871
1	3	A3	1871
1	1	A3	1872
1	2	A3	1872
1	3	A3	1872
1	1	A3	1873
1	2	A3	1873
1	3	A3	1873
1	1	A3	1874
1	2	A3	1874
1	3	A3	1874
1	1	A3	1875
1	2	A3	1875
1	3	A3	1875
1	1	A3	1876
1	2	A3	1876
1	3	A3	1876
1	1	A3	1877
1	2	A3	1877
1	3	A3	1877
1	1	A3	1878
1	2	A3	1878
1	3	A3	1878
1	1	A3	1879
1	2	A3	1879
1	3	A3	1879
1	1	A3	1880
1	2	A3	1880
1	3	A3	1880
1	1	A3	1881
1	2	A3	1881
1	3	A3	1881
1	1	A3	1882
1	2	A3	1882
1	3	A3	1882
1	1	A3	1883
1	2	A3	1883
1	3	A3	1883
1	1	A3	1884
1	2	A3	1884
1	3	A3	1884
1	1	A3	1885
1	2	A3	1885
1	3	A3	1885
1	1	A3	1886
1	2	A3	1886
1	3	A3	1886
1	1	A3	1887
1	2	A3	1887
1	3	A3	1887
1	1	A3	1888
1	2	A3	1888
1	3	A3	1888
1	1	A3	1889
1	2	A3	1889
1	3	A3	1889
1	1	A3	1890
1	2	A3	1890
1	3	A3	1890
1	1	A3	1891
1	2	A3	1891
1	3	A3	1891
1	1	A3	1892
1	2	A3	1892
1	3	A3	1892
1	1	A3	1893
1	2	A3	1893
1	3	A3	1893
1	1	A3	1894
1	2	A3	1894
1	3	A3	1894
1	1	A3	1895
1	2	A3	1895
1	3	A3	1895
1	1	A3	1896
1	2	A3	1896
1	3	A3	1896
1	1	A3	1897
1	2	A3	1897
1	3	A3	1897
1	1	A3	1898
1	2	A3	1898
1	3	A3	1898
1	1	A3	1899
1	2	A3	1899
1	3	A3	1899
1	1	A3	1900
1	2	A3	1900
1	3	A3	1900
1	1	A3	1901
1	2	A3	1901
1	3	A3	1901
1	1	A3	1902
1	2	A3	1902
1	3	A3	1902
1	1	A3	1903
1	2	A3	1903
1	3	A3	1903
1	1	A3	1904
1	2	A3	1904
1	3	A3	1904
1	1	A3	1905
1	2	A3	1905
1	3	A3	1905
1	1	A3	1906
1	2	A3	1906
1	3	A3	1906
1	1	A3	1907
1	2	A3	1907
1	3	A3	1907
1	1	A3	1908
1	2	A3	1908
1	3	A3	1908
1	1	A3	1909
1	2	A3	1909
1	3	A3	1909
1	1	A3	1910
1	2	A3	1910
1	3	A3	1910
1	1	A3	1911
1	2	A3	1911
1	3	A3	1911
1	1	A3	1912
1	2	A3	1912
1	3	A3	1912
1	1	A3	1913
1	2	A3	1913
1	3	A3	1913
1	1	A3	1914
1	2	A3	1914
1	3	A3	1914
1	1	A3	1915
1	2	A3	1915
1	3	A3	1915
1	1	A3	1916
1	2	A3	1916
1	3	A3	1916
1	1	A3	1917
1	2	A3	1917
1	3	A3	1917
1	1	A3	1918
1	2	A3	1918
1	3	A3	1918
1	1	A3	1919
1	2	A3	1919
1	3	A3	1919
1	1	A3	1920
1	2	A3	1920
1	3	A3	1920
1	1	A3	1921
1	2	A3	1921
1	3	A3	1921
1	1	A3	1922
1	2	A3	1922
1	3	A3	1922
1	1	A3	1923
1	2	A3	1923
1	3	A3	1923
1	1	A3	1924
1	2	A3	1924
1	3	A3	1924
1	1	A3	1925
1	2	A3	1925
1	3	A3	1925
1	1	A3	1926
1	2	A3	1926
1	3	A3	1926
1	1	A3	1927
1	2	A3	1927
1	3	A3	1927
1	1	A3	1928
1	2	A3	1928
1	3	A3	1928
1	1	A3	1929
1	2	A3	1929
1	3	A3	1929
1	1	A3	1930
1	2	A3	1930
1	3	A3	1930
1	1	A3	1931
1	2	A3	1931
1	3	A3	1931
1	1	A3	1932
1	2	A3	1932
1	3	A3	1932
1	1	A3	1933
1	2	A3	1933
1	3	A3	1933
1	1	A3	1934
1	2	A3	1934
1	3	A3	1934
1	1	A3	1935
1	2	A3	1935
1	3	A3	1935
1	1	A3	1936
1	2	A3	1936
1	3	A3	1936
1	1	A3	1937
1	2	A3	1937
1	3	A3	1937
1	1	A3	1938
1	2	A3	1938
1	3	A3	1938
1	1	A3	1939
1	2	A3	1939
1	3	A3	1939
1	1	A3	1940
1	2	A3	1940
1	3	A3	1940
1	1	A3	1941
1	2	A3	1941
1	3	A3	1941
1	1	A3	1942
1	2	A3	1942
1	3	A3	1942
1	1	A3	1943
1	2	A3	1943
1	3	A3	1943
1	1	A3	1944
1	2	A3	1944
1	3	A3	1944
1	1	A3	1945
1	2	A3	1945
1	3	A3	1945
1	1	A3	1946
1	2	A3	1946
1	3	A3	1946
1	1	A3	1947
1	2	A3	1947
1	3	A3	1947
1	1	A3	1948
1	2	A3	1948
1	3	A3	1948
1	1	A3	1949
1	2	A3	1949
1	3	A3	1949
1	1	A3	1950
1	2	A3	1950
1	3	A3	1950
1	1	A3	1951
1	2	A3	1951
1	3	A3	1951
1	1	A3	1952
1	2	A3	1952
1	3	A3	1952
1	1	A3	1953
1	2	A3	1953
1	3	A3	1953
1	1	A3	1954
1	2	A3	1954
1	3	A3	1954
1	1	A3	1955
1	2	A3	1955
1	3	A3	1955
1	1	A3	1956
1	2	A3	1956
1	3	A3	1956
1	1	A3	1957
1	2	A3	1957
1	3	A3	1957
1	1	A3	1958
1	2	A3	1958
1	3	A3	1958
1	1	A3	1959
1	2	A3	1959
1	3	A3	1959
1	1	A3	1960
1	2	A3	1960
1	3	A3	1960
1	1	A3	1961
1	2	A3	1961
1	3	A3	1961
1	1	A3	1962
1	2	A3	1962
1	3	A3	1962
1	1	A3	1963
1	2	A3	1963
1	3	A3	1963
1	1	A3	1964
1	2	A3	1964
1	3	A3	1964
1	1	A3	1965
1	2	A3	1965
1	3	A3	1965
1	1	A3	1966
1	2	A3	1966
1	3	A3	1966
1	1	A3	1967
1	2	A3	1967
1	3	A3	1967
1	1	A3	1968
1	2	A3	1968
1	3	A3	1968
1	1	A3	1969
1	2	A3	1969
1	3	A3	1969
1	1	A3	1970
1	2	A3	1970
1	3	A3	1970
1	1	A3	1971
1	2	A3	1971
1	3	A3	1971
1	1	A3	1972
1	2	A3	1972
1	3	A3	1972
1	1	A3	1973
1	2	A3	1973
1	3	A3	1973
1	1	A3	1974
1	2	A3	1974
1	3	A3	1974
1	1	A3	1975
1	2	A3	1975
1	3	A3	1975
1	1	A3	1976
1	2	A3	1976
1	3	A3	1976
1	1	A3	1977
1	2	A3	1977
1	3	A3	1977
1	1	A3	1978
1	2	A3	1978
1	3	A3	1978
1	1	A3	1979
1	2	A3	1979
1	3	A3	1979
1	1	A3	1980
1	2	A3	1980
1	3	A3	1980
1	1	A3	1981
1	2	A3	1981
1	3	A3	1981
1	1	A3	1982
1	2	A3	1982
1	3	A3	1982
1	1	A3	1983
1	2	A3	1983
1	3	A3	1983
1	1	A3	1984
1	2	A3	1984
1	3	A3	1984
1	1	A3	1985
1	2	A3	1985
1	3	A3	1985
1	1	A3	1986
1	2	A3	1986
1	3	A3	1986
1	1	A3	1987
1	2	A3	1987
1	3	A3	1987
1	1	A3	1988
1	2	A3	1988
1	3	A3	1988
1	1	A3	1989
1	2	A3	1989
1	3	A3	1989
1	1	A3	1990
1	2	A3	1990
1	3	A3	1990
1	1	A3	1991
1	2	A3	1991
1	3	A3	1991
1	1	A3	1992
1	2	A3	1992
1	3	A3	1992
1	1	A3	1993
1	2	A3	1993
1	3	A3	1993
1	1	A3	1994
1	2	A3	1994
1	3	A3	1994
1	1	A3	1995
1	2	A3	1995
1	3	A3	1995
1	1	A3	1996
1	2	A3	1996
1	3	A3	1996
1	1	A3	1997
1	2	A3	1997
1	3	A3	1997
1	1	A3	1998
1	2	A3	1998
1	3	A3	1998
1	1	A3	1999
1	2	A3	1999
1	3	A3	1999
1	1	A3	2000
1	2	A3	2000
1	3	A3	2000
1	1	A3	2001
1	2	A3	2001
1	3	A3	2001
1	1	A3	2002
1	2	A3	2002
1	3	A3	2002
1	1	A3	2003
1	2	A3	2003
1	3	A3	2003
1	1	A3	2004
1	2	A3	2004
1	3	A3	2004
1	1	A3	2005
1	2	A3	2005
1	3	A3	2005
1	1	A3	2006
1	2	A3	2006
1	3	A3	2006
1	1	A3	2007
1	2	A3	2007
1	3	A3	2007
1	1	A3	2008
1	2	A3	2008
1	3	A3	2008
1	1	A3	2009
1	2	A3	2009
1	3	A3	2009
1	1	A3	2010
1	2	A3	2010
1	3	A3	2010
1	1	A3	2011
1	2	A3	2011
1	3	A3	2011
1	1	A3	2012
1	2	A3	2012
1	3	A3	2012
1	1	A3	2013
1	2	A3	2013
1	3	A3	2013
1	1	A3	2014
1	2	A3	2014
1	3	A3	2014
1	1	A3	2015
1	2	A3	2015
1	3	A3	2015
1	1	A3	2016
1	2	A3	2016
1	3	A3	2016
1	1	A3	2017
1	2	A3	2017
1	3	A3	2017
1	1	A3	2018
1	2	A3	2018
1	3	A3	2018
1	1	A3	2019
1	2	A3	2019
1	3	A3	2019
1	1	A3	2020
1	2	A3	2020
1	3	A3	2020
1	1	A3	2021
1	2	A3	2021
1	3	A3	2021
1	1	A3	2022
1	2	A3	2022
1	3	A3	2022
1	1	A3	2023
1	2	A3	2023
1	3	A3	2023
1	1	A3	2024
1	2	A3	2024
1	3	A3	2024
1	1	A3	2025
1	2	A3	2025
1	3	A3	2025
1	1	A3	2026
1	2	A3	2026
1	3	A3	2026
1	1	A3	2027
1	2	A3	2027
1	3	A3	2027
1	1	A3	2028
1	2	A3	2028
1	3	A3	2028
1	1	A3	2029
1	2	A3	2029
1	3	A3	2029
1	1	A3	2030
1	2	A3	2030
1	3	A3	2030
1	1	A3	2031
1	2	A3	2031
1	3	A3	2031
1	1	A3	2032
1	2	A3	2032
1	3	A3	2032
1	1	A3	2033
1	2	A3	2033
1	3	A3	2033
1	1	A3	2034
1	2	A3	2034
1	3	A3	2034
1	1	A3	2035
1	2	A3	2035
1	3	A3	2035
1	1	A3	2036
1	2	A3	2036
1	3	A3	2036
1	1	A3	2037
1	2	A3	2037
1	3	A3	2037
1	1	A3	2038
1	2	A3	2038
1	3	A3	2038
1	1	A3	2039
1	2	A3	2039
1	3	A3	2039
1	1	A3	2040
1	2	A3	2040
1	3	A3	2040
1	1	A3	2041
1	2	A3	2041
1	3	A3	2041
1	1	A3	2042
1	2	A3	2042
1	3	A3	2042
1	1	A3	2043
1	2	A3	2043
1	3	A3	2043
1	1	A3	2044
1	2	A3	2044
1	3	A3	2044
1	1	A3	2045
1	2	A3	2045
1	3	A3	2045
1	1	A3	2046
1	2	A3	2046
1	3	A3	2046
1	1	A3	2047
1	2	A3	2047
1	3	A3	2047
1	1	A3	2048
1	2	A3	2048
1	3	A3	2048
1	1	A3	2049
1	2	A3	2049
1	3	A3	2049
1	1	A3	2050
1	2	A3	2050
1	3	A3	2050
1	1	A3	2051
1	2	A3	2051
1	3	A3	2051
1	1	A3	2052
1	2	A3	2052
1	3	A3	2052
1	1	A3	2053
1	2	A3	2053
1	3	A3	2053
1	1	A3	2054
1	2	A3	2054
1	3	A3	2054
1	1	A3	2055
1	2	A3	2055
1	3	A3	2055
1	1	A3	2056
1	2	A3	2056
1	3	A3	2056
1	1	A3	2057
1	2	A3	2057
1	3	A3	2057
1	1	A3	2058
1	2	A3	2058
1	3	A3	2058
1	1	A3	2059
1	2	A3	2059
1	3	A3	2059
1	1	A3	2060
1	2	A3	2060
1	3	A3	2060
1	1	A3	2061
1	2	A3	2061
1	3	A3	2061
1	1	A3	2062
1	2	A3	2062
1	3	A3	2062
1	1	A3	2063
1	2	A3	2063
1	3	A3	2063
1	1	A3	2064
1	2	A3	2064
1	3	A3	2064
1	1	A3	2065
1	2	A3	2065
1	3	A3	2065
1	1	A3	2066
1	2	A3	2066
1	3	A3	2066
1	1	A3	2067
1	2	A3	2067
1	3	A3	2067
1	1	A3	2068
1	2	A3	2068
1	3	A3	2068
1	1	A3	2069
1	2	A3	2069
1	3	A3	2069
1	1	A3	2070
1	2	A3	2070
1	3	A3	2070
1	1	A3	2071
1	2	A3	2071
1	3	A3	2071
1	1	A3	2072
1	2	A3	2072
1	3	A3	2072
1	1	A3	2073
1	2	A3	2073
1	3	A3	2073
1	1	A3	2074
1	2	A3	2074
1	3	A3	2074
1	1	A3	2075
1	2	A3	2075
1	3	A3	2075
1	1	A3	2076
1	2	A3	2076
1	3	A3	2076
1	1	A3	2077
1	2	A3	2077
1	3	A3	2077
1	1	A3	2078
1	2	A3	2078
1	3	A3	2078
1	1	A3	2079
1	2	A3	2079
1	3	A3	2079
1	1	A3	2080
1	2	A3	2080
1	3	A3	2080
1	1	A3	2081
1	2	A3	2081
1	3	A3	2081
1	1	A3	2082
1	2	A3	2082
1	3	A3	2082
1	1	A3	2083
1	2	A3	2083
1	3	A3	2083
1	1	A3	2084
1	2	A3	2084
1	3	A3	2084
1	1	A3	2085
1	2	A3	2085
1	3	A3	2085
1	1	A3	2086
1	2	A3	2086
1	3	A3	2086
1	1	A3	2087
1	2	A3	2087
1	3	A3	2087
1	1	A3	2088
1	2	A3	2088
1	3	A3	2088
1	1	A3	2089
1	2	A3	2089
1	3	A3	2089
1	1	A3	2090
1	2	A3	2090
1	3	A3	2090
1	1	A3	2091
1	2	A3	2091
1	3	A3	2091
1	1	A3	2092
1	2	A3	2092
1	3	A3	2092
1	1	A3	2093
1	2	A3	2093
1	3	A3	2093
1	1	A3	2094
1	2	A3	2094
1	3	A3	2094
1	1	A3	2095
1	2	A3	2095
1	3	A3	2095
1	1	A3	2096
1	2	A3	2096
1	3	A3	2096
1	1	A3	2097
1	2	A3	2097
1	3	A3	2097
1	1	A3	2098
1	2	A3	2098
1	3	A3	2098
1	1	A3	2099
1	2	A3	2099
1	3	A3	2099
1	1	A3	2100
1	2	A3	2100
1	3	A3	2100
1	1	A3	2101
1	2	A3	2101
1	3	A3	2101
1	1	A3	2102
1	2	A3	2102
1	3	A3	2102
1	1	A3	2103
1	2	A3	2103
1	3	A3	2103
1	1	A3	2104
1	2	A3	2104
1	3	A3	2104
1	1	A3	2105
1	2	A3	2105
1	3	A3	2105
1	1	A3	2106
1	2	A3	2106
1	3	A3	2106
1	1	A3	2107
1	2	A3	2107
1	3	A3	2107
1	1	A3	2108
1	2	A3	2108
1	3	A3	2108
1	1	A3	2109
1	2	A3	2109
1	3	A3	2109
1	1	A3	2110
1	2	A3	2110
1	3	A3	2110
1	1	A3	2111
1	2	A3	2111
1	3	A3	2111
1	1	A3	2112
1	2	A3	2112
1	3	A3	2112
1	1	A3	2113
1	2	A3	2113
1	3	A3	2113
1	1	A3	2114
1	2	A3	2114
1	3	A3	2114
1	1	A3	2115
1	2	A3	2115
1	3	A3	2115
1	1	A3	2116
1	2	A3	2116
1	3	A3	2116
1	1	A3	2117
1	2	A3	2117
1	3	A3	2117
1	1	A3	2118
1	2	A3	2118
1	3	A3	2118
1	1	A3	2119
1	2	A3	2119
1	3	A3	2119
1	1	A3	2120
1	2	A3	2120
1	3	A3	2120
1	1	A3	2121
1	2	A3	2121
1	3	A3	2121
1	1	A3	2122
1	2	A3	2122
1	3	A3	2122
1	1	A3	2123
1	2	A3	2123
1	3	A3	2123
1	1	A3	2124
1	2	A3	2124
1	3	A3	2124
1	1	A3	2125
1	2	A3	2125
1	3	A3	2125
1	1	A3	2126
1	2	A3	2126
1	3	A3	2126
1	1	A3	2127
1	2	A3	2127
1	3	A3	2127
1	1	A3	2128
1	2	A3	2128
1	3	A3	2128
1	1	A3	2129
1	2	A3	2129
1	3	A3	2129
1	1	A3	2130
1	2	A3	2130
1	3	A3	2130
1	1	A3	2131
1	2	A3	2131
1	3	A3	2131
1	1	A3	2132
1	2	A3	2132
1	3	A3	2132
1	1	A3	2133
1	2	A3	2133
1	3	A3	2133
1	1	A3	2134
1	2	A3	2134
1	3	A3	2134
1	1	A3	2135
1	2	A3	2135
1	3	A3	2135
1	1	A3	2136
1	2	A3	2136
1	3	A3	2136
1	1	A3	2137
1	2	A3	2137
1	3	A3	2137
1	1	A3	2138
1	2	A3	2138
1	3	A3	2138
1	1	A3	2139
1	2	A3	2139
1	3	A3	2139
1	1	A3	2140
1	2	A3	2140
1	3	A3	2140
1	1	A3	2141
1	2	A3	2141
1	3	A3	2141
1	1	A3	2142
1	2	A3	2142
1	3	A3	2142
1	1	A3	2143
1	2	A3	2143
1	3	A3	2143
1	1	A3	2144
1	2	A3	2144
1	3	A3	2144
1	1	A3	2145
1	2	A3	2145
1	3	A3	2145
1	1	A3	2146
1	2	A3	2146
1	3	A3	2146
1	1	A3	2147
1	2	A3	2147
1	3	A3	2147
1	1	A3	2148
1	2	A3	2148
1	3	A3	2148
1	1	A3	2149
1	2	A3	2149
1	3	A3	2149
1	1	A3	2150
1	2	A3	2150
1	3	A3	2150
1	1	A3	2151
1	2	A3	2151
1	3	A3	2151
1	1	A3	2152
1	2	A3	2152
1	3	A3	2152
1	1	A3	2153
1	2	A3	2153
1	3	A3	2153
1	1	A3	2154
1	2	A3	2154
1	3	A3	2154
1	1	A3	2155
1	2	A3	2155
1	3	A3	2155
1	1	A3	2156
1	2	A3	2156
1	3	A3	2156
1	1	A3	2157
1	2	A3	2157
1	3	A3	2157
1	1	A3	2158
1	2	A3	2158
1	3	A3	2158
1	1	A3	2159
1	2	A3	2159
1	3	A3	2159
1	1	A3	2160
1	2	A3	2160
1	3	A3	2160
1	1	A3	2161
1	2	A3	2161
1	3	A3	2161
1	1	A3	2162
1	2	A3	2162
1	3	A3	2162
1	1	A3	2163
1	2	A3	2163
1	3	A3	2163
1	1	A3	2164
1	2	A3	2164
1	3	A3	2164
1	1	A3	2165
1	2	A3	2165
1	3	A3	2165
1	1	A3	2166
1	2	A3	2166
1	3	A3	2166
1	1	A3	2167
1	2	A3	2167
1	3	A3	2167
1	1	A3	2168
1	2	A3	2168
1	3	A3	2168
1	1	A3	2169
1	2	A3	2169
1	3	A3	2169
1	1	A3	2170
1	2	A3	2170
1	3	A3	2170
1	1	A3	2171
1	2	A3	2171
1	3	A3	2171
1	1	A3	2172
1	2	A3	2172
1	3	A3	2172
1	1	A3	2173
1	2	A3	2173
1	3	A3	2173
1	1	A3	2174
1	2	A3	2174
1	3	A3	2174
1	1	A3	2175
1	2	A3	2175
1	3	A3	2175
1	1	A3	2176
1	2	A3	2176
1	3	A3	2176
1	1	A3	2177
1	2	A3	2177
1	3	A3	2177
1	1	A3	2178
1	2	A3	2178
1	3	A3	2178
1	1	A3	2179
1	2	A3	2179
1	3	A3	2179
1	1	A3	2180
1	2	A3	2180
1	3	A3	2180
1	1	A3	2181
1	2	A3	2181
1	3	A3	2181
1	1	A3	2182
1	2	A3	2182
1	3	A3	2182
1	1	A3	2183
1	2	A3	2183
1	3	A3	2183
1	1	A3	2184
1	2	A3	2184
1	3	A3	2184
1	1	A3	2185
1	2	A3	2185
1	3	A3	2185
1	1	A3	2186
1	2	A3	2186
1	3	A3	2186
1	1	A3	2187
1	2	A3	2187
1	3	A3	2187
1	1	A3	2188
1	2	A3	2188
1	3	A3	2188
1	1	A3	2189
1	2	A3	2189
1	3	A3	2189
1	1	A3	2190
1	2	A3	2190
1	3	A3	2190
1	1	A3	2191
1	2	A3	2191
1	3	A3	2191
1	1	A3	2192
1	2	A3	2192
1	3	A3	2192
1	1	A3	2193
1	2	A3	2193
1	3	A3	2193
1	1	A3	2194
1	2	A3	2194
1	3	A3	2194
1	1	A3	2195
1	2	A3	2195
1	3	A3	2195
1	1	A3	2196
1	2	A3	2196
1	3	A3	2196
1	1	A3	2197
1	2	A3	2197
1	3	A3	2197
1	1	A3	2198
1	2	A3	2198
1	3	A3	2198
1	1	A3	2199
1	2	A3	2199
1	3	A3	2199
1	1	A3	2200
1	2	A3	2200
1	3	A3	2200
1	1	A3	2201
1	2	A3	2201
1	3	A3	2201
1	1	A3	2202
1	2	A3	2202
1	3	A3	2202
1	1	A3	2203
1	2	A3	2203
1	3	A3	2203
1	1	A3	2204
1	2	A3	2204
1	3	A3	2204
1	1	A3	2205
1	2	A3	2205
1	3	A3	2205
1	1	A3	2206
1	2	A3	2206
1	3	A3	2206
1	1	A3	2207
1	2	A3	2207
1	3	A3	2207
1	1	A3	2208
1	2	A3	2208
1	3	A3	2208
1	1	A3	2209
1	2	A3	2209
1	3	A3	2209
1	1	A3	2210
1	2	A3	2210
1	3	A3	2210
1	1	A3	2211
1	2	A3	2211
1	3	A3	2211
1	1	A3	2212
1	2	A3	2212
1	3	A3	2212
1	1	A3	2213
1	2	A3	2213
1	3	A3	2213
1	1	A3	2214
1	2	A3	2214
1	3	A3	2214
1	1	A3	2215
1	2	A3	2215
1	3	A3	2215
1	1	A3	2216
1	2	A3	2216
1	3	A3	2216
1	1	A3	2217
1	2	A3	2217
1	3	A3	2217
1	1	A3	2218
1	2	A3	2218
1	3	A3	2218
1	1	A3	2219
1	2	A3	2219
1	3	A3	2219
1	1	A3	2220
1	2	A3	2220
1	3	A3	2220
1	1	A3	2221
1	2	A3	2221
1	3	A3	2221
1	1	A3	2222
1	2	A3	2222
1	3	A3	2222
1	1	A3	2223
1	2	A3	2223
1	3	A3	2223
1	1	A3	2224
1	2	A3	2224
1	3	A3	2224
1	1	A3	2225
1	2	A3	2225
1	3	A3	2225
1	1	A3	2226
1	2	A3	2226
1	3	A3	2226
1	1	A3	2227
1	2	A3	2227
1	3	A3	2227
1	1	A3	2228
1	2	A3	2228
1	3	A3	2228
1	1	A3	2229
1	2	A3	2229
1	3	A3	2229
1	1	A3	2230
1	2	A3	2230
1	3	A3	2230
1	1	A3	2231
1	2	A3	2231
1	3	A3	2231
1	1	A3	2232
1	2	A3	2232
1	3	A3	2232
1	1	A3	2233
1	2	A3	2233
1	3	A3	2233
1	1	A3	2234
1	2	A3	2234
1	3	A3	2234
1	1	A3	2235
1	2	A3	2235
1	3	A3	2235
1	1	A3	2236
1	2	A3	2236
1	3	A3	2236
1	1	A3	2237
1	2	A3	2237
1	3	A3	2237
1	1	A3	2238
1	2	A3	2238
1	3	A3	2238
1	1	A3	2239
1	2	A3	2239
1	3	A3	2239
1	1	A3	2240
1	2	A3	2240
1	3	A3	2240
1	1	A3	2241
1	2	A3	2241
1	3	A3	2241
1	1	A3	2242
1	2	A3	2242
1	3	A3	2242
1	1	A3	2243
1	2	A3	2243
1	3	A3	2243
1	1	A3	2244
1	2	A3	2244
1	3	A3	2244
1	1	A3	2245
1	2	A3	2245
1	3	A3	2245
1	1	A3	2246
1	2	A3	2246
1	3	A3	2246
1	1	A3	2247
1	2	A3	2247
1	3	A3	2247
1	1	A3	2248
1	2	A3	2248
1	3	A3	2248
1	1	A3	2249
1	2	A3	2249
1	3	A3	2249
1	1	A3	2250
1	2	A3	2250
1	3	A3	2250
1	1	A3	2251
1	2	A3	2251
1	3	A3	2251
1	1	A3	2252
1	2	A3	2252
1	3	A3	2252
1	1	A3	2253
1	2	A3	2253
1	3	A3	2253
1	1	A3	2254
1	2	A3	2254
1	3	A3	2254
1	1	A3	2255
1	2	A3	2255
1	3	A3	2255
1	1	A3	2256
1	2	A3	2256
1	3	A3	2256
1	1	A3	2257
1	2	A3	2257
1	3	A3	2257
1	1	A3	2258
1	2	A3	2258
1	3	A3	2258
1	1	A3	2259
1	2	A3	2259
1	3	A3	2259
1	1	A3	2260
1	2	A3	2260
1	3	A3	2260
1	1	A3	2261
1	2	A3	2261
1	3	A3	2261
1	1	A3	2262
1	2	A3	2262
1	3	A3	2262
1	1	A3	2263
1	2	A3	2263
1	3	A3	2263
1	1	A3	2264
1	2	A3	2264
1	3	A3	2264
1	1	A3	2265
1	2	A3	2265
1	3	A3	2265
1	1	A3	2266
1	2	A3	2266
1	3	A3	2266
1	1	A3	2267
1	2	A3	2267
1	3	A3	2267
1	1	A3	2268
1	2	A3	2268
1	3	A3	2268
1	1	A3	2269
1	2	A3	2269
1	3	A3	2269
1	1	A3	2270
1	2	A3	2270
1	3	A3	2270
1	1	A3	2271
1	2	A3	2271
1	3	A3	2271
1	1	A3	2272
1	2	A3	2272
1	3	A3	2272
1	1	A3	2273
1	2	A3	2273
1	3	A3	2273
1	1	A3	2274
1	2	A3	2274
1	3	A3	2274
1	1	A3	2275
1	2	A3	2275
1	3	A3	2275
1	1	A3	2276
1	2	A3	2276
1	3	A3	2276
1	1	A3	2277
1	2	A3	2277
1	3	A3	2277
1	1	A3	2278
1	2	A3	2278
1	3	A3	2278
1	1	A3	2279
1	2	A3	2279
1	3	A3	2279
1	1	A3	2280
1	2	A3	2280
1	3	A3	2280
1	1	A3	2281
1	2	A3	2281
1	3	A3	2281
1	1	A3	2282
1	2	A3	2282
1	3	A3	2282
1	1	A3	2283
1	2	A3	2283
1	3	A3	2283
1	1	A3	2284
1	2	A3	2284
1	3	A3	2284
1	1	A3	2285
1	2	A3	2285
1	3	A3	2285
1	1	A3	2286
1	2	A3	2286
1	3	A3	2286
1	1	A3	2287
1	2	A3	2287
1	3	A3	2287
1	1	A3	2288
1	2	A3	2288
1	3	A3	2288
1	1	A3	2289
1	2	A3	2289
1	3	A3	2289
1	1	A3	2290
1	2	A3	2290
1	3	A3	2290
1	1	A3	2291
1	2	A3	2291
1	3	A3	2291
1	1	A3	2292
1	2	A3	2292
1	3	A3	2292
1	1	A3	2293
1	2	A3	2293
1	3	A3	2293
1	1	A3	2294
1	2	A3	2294
1	3	A3	2294
1	1	A3	2295
1	2	A3	2295
1	3	A3	2295
1	1	A3	2296
1	2	A3	2296
1	3	A3	2296
1	1	A3	2297
1	2	A3	2297
1	3	A3	2297
1	1	A3	2298
1	2	A3	2298
1	3	A3	2298
1	1	A3	2299
1	2	A3	2299
1	3	A3	2299
1	1	A3	2300
1	2	A3	2300
1	3	A3	2300
1	1	A3	2301
1	2	A3	2301
1	3	A3	2301
1	1	A3	2302
1	2	A3	2302
1	3	A3	2302
1	1	A3	2303
1	2	A3	2303
1	3	A3	2303
1	1	A3	2304
1	2	A3	2304
1	3	A3	2304
1	1	A3	2305
1	2	A3	2305
1	3	A3	2305
1	1	A3	2306
1	2	A3	2306
1	3	A3	2306
1	1	A3	2307
1	2	A3	2307
1	3	A3	2307
1	1	A3	2308
1	2	A3	2308
1	3	A3	2308
1	1	A3	2309
1	2	A3	2309
1	3	A3	2309
1	1	A3	2310
1	2	A3	2310
1	3	A3	2310
1	1	A3	2311
1	2	A3	2311
1	3	A3	2311
1	1	A3	2312
1	2	A3	2312
1	3	A3	2312
1	1	A3	2313
1	2	A3	2313
1	3	A3	2313
1	1	A3	2314
1	2	A3	2314
1	3	A3	2314
1	1	A3	2315
1	2	A3	2315
1	3	A3	2315
1	1	A3	2316
1	2	A3	2316
1	3	A3	2316
1	1	A3	2317
1	2	A3	2317
1	3	A3	2317
1	1	A3	2318
1	2	A3	2318
1	3	A3	2318
1	1	A3	2319
1	2	A3	2319
1	3	A3	2319
1	1	A3	2320
1	2	A3	2320
1	3	A3	2320
1	1	A3	2321
1	2	A3	2321
1	3	A3	2321
1	1	A3	2322
1	2	A3	2322
1	3	A3	2322
1	1	A3	2323
1	2	A3	2323
1	3	A3	2323
1	1	A3	2324
1	2	A3	2324
1	3	A3	2324
1	1	A3	2325
1	2	A3	2325
1	3	A3	2325
1	1	A3	2326
1	2	A3	2326
1	3	A3	2326
1	1	A3	2327
1	2	A3	2327
1	3	A3	2327
1	1	A3	2328
1	2	A3	2328
1	3	A3	2328
1	1	A3	2329
1	2	A3	2329
1	3	A3	2329
1	1	A3	2330
1	2	A3	2330
1	3	A3	2330
1	1	A3	2331
1	2	A3	2331
1	3	A3	2331
1	1	A3	2332
1	2	A3	2332
1	3	A3	2332
1	1	A3	2333
1	2	A3	2333
1	3	A3	2333
1	1	A3	2334
1	2	A3	2334
1	3	A3	2334
1	1	A3	2335
1	2	A3	2335
1	3	A3	2335
1	1	A3	2336
1	2	A3	2336
1	3	A3	2336
1	1	A3	2337
1	2	A3	2337
1	3	A3	2337
1	1	A3	2338
1	2	A3	2338
1	3	A3	2338
1	1	A3	2339
1	2	A3	2339
1	3	A3	2339
1	1	A3	2340
1	2	A3	2340
1	3	A3	2340
1	1	A3	2341
1	2	A3	2341
1	3	A3	2341
1	1	A3	2342
1	2	A3	2342
1	3	A3	2342
1	1	A3	2343
1	2	A3	2343
1	3	A3	2343
1	1	A3	2344
1	2	A3	2344
1	3	A3	2344
1	1	A3	2345
1	2	A3	2345
1	3	A3	2345
1	1	A3	2346
1	2	A3	2346
1	3	A3	2346
1	1	A3	2347
1	2	A3	2347
1	3	A3	2347
1	1	A3	2348
1	2	A3	2348
1	3	A3	2348
1	1	A3	2349
1	2	A3	2349
1	3	A3	2349
1	1	A3	2350
1	2	A3	2350
1	3	A3	2350
1	1	A3	2351
1	2	A3	2351
1	3	A3	2351
1	1	A3	2352
1	2	A3	2352
1	3	A3	2352
1	1	A3	2353
1	2	A3	2353
1	3	A3	2353
1	1	A3	2354
1	2	A3	2354
1	3	A3	2354
1	1	A3	2355
1	2	A3	2355
1	3	A3	2355
1	1	A3	2356
1	2	A3	2356
1	3	A3	2356
1	1	A3	2357
1	2	A3	2357
1	3	A3	2357
1	1	A3	2358
1	2	A3	2358
1	3	A3	2358
1	1	A3	2359
1	2	A3	2359
1	3	A3	2359
1	1	A3	2360
1	2	A3	2360
1	3	A3	2360
1	1	A3	2361
1	2	A3	2361
1	3	A3	2361
1	1	A3	2362
1	2	A3	2362
1	3	A3	2362
1	1	A3	2363
1	2	A3	2363
1	3	A3	2363
1	1	A3	2364
1	2	A3	2364
1	3	A3	2364
1	1	A3	2365
1	2	A3	2365
1	3	A3	2365
1	1	A3	2366
1	2	A3	2366
1	3	A3	2366
1	1	A3	2367
1	2	A3	2367
1	3	A3	2367
1	1	A3	2368
1	2	A3	2368
1	3	A3	2368
1	1	A3	2369
1	2	A3	2369
1	3	A3	2369
1	1	A3	2370
1	2	A3	2370
1	3	A3	2370
1	1	A3	2371
1	2	A3	2371
1	3	A3	2371
1	1	A3	2372
1	2	A3	2372
1	3	A3	2372
1	1	A3	2373
1	2	A3	2373
1	3	A3	2373
1	1	A3	2374
1	2	A3	2374
1	3	A3	2374
1	1	A3	2375
1	2	A3	2375
1	3	A3	2375
1	1	A3	2376
1	2	A3	2376
1	3	A3	2376
1	1	A3	2377
1	2	A3	2377
1	3	A3	2377
1	1	A3	2378
1	2	A3	2378
1	3	A3	2378
1	1	A3	2379
1	2	A3	2379
1	3	A3	2379
1	1	A3	2380
1	2	A3	2380
1	3	A3	2380
1	1	A3	2381
1	2	A3	2381
1	3	A3	2381
1	1	A3	2382
1	2	A3	2382
1	3	A3	2382
1	1	A3	2383
1	2	A3	2383
1	3	A3	2383
1	1	A3	2384
1	2	A3	2384
1	3	A3	2384
1	1	A3	2385
1	2	A3	2385
1	3	A3	2385
1	1	A3	2386
1	2	A3	2386
1	3	A3	2386
1	1	A3	2387
1	2	A3	2387
1	3	A3	2387
1	1	A3	2388
1	2	A3	2388
1	3	A3	2388
1	1	A3	2389
1	2	A3	2389
1	3	A3	2389
1	1	A3	2390
1	2	A3	2390
1	3	A3	2390
1	1	A3	2391
1	2	A3	2391
1	3	A3	2391
1	1	A3	2392
1	2	A3	2392
1	3	A3	2392
1	1	A3	2393
1	2	A3	2393
1	3	A3	2393
1	1	A3	2394
1	2	A3	2394
1	3	A3	2394
1	1	A3	2395
1	2	A3	2395
1	3	A3	2395
1	1	A3	2396
1	2	A3	2396
1	3	A3	2396
1	1	A3	2397
1	2	A3	2397
1	3	A3	2397
1	1	A3	2398
1	2	A3	2398
1	3	A3	2398
1	1	A3	2399
1	2	A3	2399
1	3	A3	2399
1	1	A3	2400
1	2	A3	2400
1	3	A3	2400
1	1	A3	2401
1	2	A3	2401
1	3	A3	2401
1	1	A3	2402
1	2	A3	2402
1	3	A3	2402
1	1	A3	2403
1	2	A3	2403
1	3	A3	2403
1	1	A3	2404
1	2	A3	2404
1	3	A3	2404
1	1	A3	2405
1	2	A3	2405
1	3	A3	2405
1	1	A3	2406
1	2	A3	2406
1	3	A3	2406
1	1	A3	2407
1	2	A3	2407
1	3	A3	2407
1	1	A3	2408
1	2	A3	2408
1	3	A3	2408
1	1	A3	2409
1	2	A3	2409
1	3	A3	2409
1	1	A3	2410
1	2	A3	2410
1	3	A3	2410
1	1	A3	2411
1	2	A3	2411
1	3	A3	2411
1	1	A3	2412
1	2	A3	2412
1	3	A3	2412
1	1	A3	2413
1	2	A3	2413
1	3	A3	2413
1	1	A3	2414
1	2	A3	2414
1	3	A3	2414
1	1	A3	2415
1	2	A3	2415
1	3	A3	2415
1	1	A3	2416
1	2	A3	2416
1	3	A3	2416
1	1	A3	2417
1	2	A3	2417
1	3	A3	2417
1	1	A3	2418
1	2	A3	2418
1	3	A3	2418
1	1	A3	2419
1	2	A3	2419
1	3	A3	2419
1	1	A3	2420
1	2	A3	2420
1	3	A3	2420
1	1	A3	2421
1	2	A3	2421
1	3	A3	2421
1	1	A3	2422
1	2	A3	2422
1	3	A3	2422
1	1	A3	2423
1	2	A3	2423
1	3	A3	2423
1	1	A3	2424
1	2	A3	2424
1	3	A3	2424
1	1	A3	2425
1	2	A3	2425
1	3	A3	2425
1	1	A3	2426
1	2	A3	2426
1	3	A3	2426
1	1	A3	2427
1	2	A3	2427
1	3	A3	2427
1	1	A3	2428
1	2	A3	2428
1	3	A3	2428
1	1	A3	2429
1	2	A3	2429
1	3	A3	2429
1	1	A3	2430
1	2	A3	2430
1	3	A3	2430
1	1	A3	2431
1	2	A3	2431
1	3	A3	2431
1	1	A3	2432
1	2	A3	2432
1	3	A3	2432
1	1	A3	2433
1	2	A3	2433
1	3	A3	2433
1	1	A3	2434
1	2	A3	2434
1	3	A3	2434
1	1	A3	2435
1	2	A3	2435
1	3	A3	2435
1	1	A3	2436
1	2	A3	2436
1	3	A3	2436
1	1	A3	2437
1	2	A3	2437
1	3	A3	2437
1	1	A3	2438
1	2	A3	2438
1	3	A3	2438
1	1	A3	2439
1	2	A3	2439
1	3	A3	2439
1	1	A3	2440
1	2	A3	2440
1	3	A3	2440
1	1	A3	2441
1	2	A3	2441
1	3	A3	2441
1	1	A3	2442
1	2	A3	2442
1	3	A3	2442
1	1	A3	2443
1	2	A3	2443
1	3	A3	2443
1	1	A3	2444
1	2	A3	2444
1	3	A3	2444
1	1	A3	2445
1	2	A3	2445
1	3	A3	2445
1	1	A3	2446
1	2	A3	2446
1	3	A3	2446
1	1	A3	2447
1	2	A3	2447
1	3	A3	2447
1	1	A3	2448
1	2	A3	2448
1	3	A3	2448
1	1	A3	2449
1	2	A3	2449
1	3	A3	2449
1	1	A3	2450
1	2	A3	2450
1	3	A3	2450
1	1	A3	2451
1	2	A3	2451
1	3	A3	2451
1	1	A3	2452
1	2	A3	2452
1	3	A3	2452
1	1	A3	2453
1	2	A3	2453
1	3	A3	2453
1	1	A3	2454
1	2	A3	2454
1	3	A3	2454
1	1	A3	2455
1	2	A3	2455
1	3	A3	2455
1	1	A3	2456
1	2	A3	2456
1	3	A3	2456
1	1	A3	2457
1	2	A3	2457
1	3	A3	2457
1	1	A3	2458
1	2	A3	2458
1	3	A3	2458
1	1	A3	2459
1	2	A3	2459
1	3	A3	2459
1	1	A3	2460
1	2	A3	2460
1	3	A3	2460
1	1	A3	2461
1	2	A3	2461
1	3	A3	2461
1	1	A3	2462
1	2	A3	2462
1	3	A3	2462
1	1	A3	2463
1	2	A3	2463
1	3	A3	2463
1	1	A3	2464
1	2	A3	2464
1	3	A3	2464
1	1	A3	2465
1	2	A3	2465
1	3	A3	2465
1	1	A3	2466
1	2	A3	2466
1	3	A3	2466
1	1	A3	2467
1	2	A3	2467
1	3	A3	2467
1	1	A3	2468
1	2	A3	2468
1	3	A3	2468
1	1	A3	2469
1	2	A3	2469
1	3	A3	2469
1	1	A3	2470
1	2	A3	2470
1	3	A3	2470
1	1	A3	2471
1	2	A3	2471
1	3	A3	2471
1	1	A3	2472
1	2	A3	2472
1	3	A3	2472
1	1	A3	2473
1	2	A3	2473
1	3	A3	2473
1	1	A3	2474
1	2	A3	2474
1	3	A3	2474
1	1	A3	2475
1	2	A3	2475
1	3	A3	2475
1	1	A3	2476
1	2	A3	2476
1	3	A3	2476
1	1	A3	2477
1	2	A3	2477
1	3	A3	2477
1	1	A3	2478
1	2	A3	2478
1	3	A3	2478
1	1	A3	2479
1	2	A3	2479
1	3	A3	2479
1	1	A3	2480
1	2	A3	2480
1	3	A3	2480
1	1	A3	2481
1	2	A3	2481
1	3	A3	2481
1	1	A3	2482
1	2	A3	2482
1	3	A3	2482
1	1	A3	2483
1	2	A3	2483
1	3	A3	2483
1	1	A3	2484
1	2	A3	2484
1	3	A3	2484
1	1	A3	2485
1	2	A3	2485
1	3	A3	2485
1	1	A3	2486
1	2	A3	2486
1	3	A3	2486
1	1	A3	2487
1	2	A3	2487
1	3	A3	2487
1	1	A3	2488
1	2	A3	2488
1	3	A3	2488
1	1	A3	2489
1	2	A3	2489
1	3	A3	2489
1	1	A3	2490
1	2	A3	2490
1	3	A3	2490
1	1	A3	2491
1	2	A3	2491
1	3	A3	2491
1	1	A3	2492
1	2	A3	2492
1	3	A3	2492
1	1	A3	2493
1	2	A3	2493
1	3	A3	2493
1	1	A3	2494
1	2	A3	2494
1	3	A3	2494
1	1	A3	2495
1	2	A3	2495
1	3	A3	2495
1	1	A3	2496
1	2	A3	2496
1	3	A3	2496
1	1	A3	2497
1	2	A3	2497
1	3	A3	2497
1	1	A3	2498
1	2	A3	2498
1	3	A3	2498
1	1	A3	2499
1	2	A3	2499
1	3	A3	2499
1	1	A3	2500
1	2	A3	2500
1	3	A3	2500
1	1	A3	2501
1	2	A3	2501
1	3	A3	2501
1	1	A3	2502
1	2	A3	2502
1	3	A3	2502
1	1	A3	2503
1	2	A3	2503
1	3	A3	2503
1	1	A3	2504
1	2	A3	2504
1	3	A3	2504
1	1	A3	2505
1	2	A3	2505
1	3	A3	2505
1	1	A3	2506
1	2	A3	2506
1	3	A3	2506
1	1	A3	2507
1	2	A3	2507
1	3	A3	2507
1	1	A3	2508
1	2	A3	2508
1	3	A3	2508
1	1	A3	2509
1	2	A3	2509
1	3	A3	2509
1	1	A3	2510
1	2	A3	2510
1	3	A3	2510
1	1	A3	2511
1	2	A3	2511
1	3	A3	2511
1	1	A3	2512
1	2	A3	2512
1	3	A3	2512
1	1	A3	2513
1	2	A3	2513
1	3	A3	2513
1	1	A3	2514
1	2	A3	2514
1	3	A3	2514
1	1	A3	2515
1	2	A3	2515
1	3	A3	2515
1	1	A3	2516
1	2	A3	2516
1	3	A3	2516
1	1	A3	2517
1	2	A3	2517
1	3	A3	2517
1	1	A3	2518
1	2	A3	2518
1	3	A3	2518
1	1	A3	2519
1	2	A3	2519
1	3	A3	2519
1	1	A3	2520
1	2	A3	2520
1	3	A3	2520
1	1	A3	2521
1	2	A3	2521
1	3	A3	2521
1	1	A3	2522
1	2	A3	2522
1	3	A3	2522
1	1	A3	2523
1	2	A3	2523
1	3	A3	2523
1	1	A3	2524
1	2	A3	2524
1	3	A3	2524
1	1	A3	2525
1	2	A3	2525
1	3	A3	2525
1	1	A3	2526
1	2	A3	2526
1	3	A3	2526
1	1	A3	2527
1	2	A3	2527
1	3	A3	2527
1	1	A3	2528
1	2	A3	2528
1	3	A3	2528
1	1	A3	2529
1	2	A3	2529
1	3	A3	2529
1	1	A3	2530
1	2	A3	2530
1	3	A3	2530
1	1	A3	2531
1	2	A3	2531
1	3	A3	2531
1	1	A3	2532
1	2	A3	2532
1	3	A3	2532
1	1	A3	2533
1	2	A3	2533
1	3	A3	2533
1	1	A3	2534
1	2	A3	2534
1	3	A3	2534
1	1	A3	2535
1	2	A3	2535
1	3	A3	2535
1	1	A3	2536
1	2	A3	2536
1	3	A3	2536
1	1	A3	2537
1	2	A3	2537
1	3	A3	2537
1	1	A3	2538
1	2	A3	2538
1	3	A3	2538
1	1	A3	2539
1	2	A3	2539
1	3	A3	2539
1	1	A3	2540
1	2	A3	2540
1	3	A3	2540
1	1	A3	2541
1	2	A3	2541
1	3	A3	2541
1	1	A3	2542
1	2	A3	2542
1	3	A3	2542
1	1	A3	2543
1	2	A3	2543
1	3	A3	2543
1	1	A3	2544
1	2	A3	2544
1	3	A3	2544
1	1	A3	2545
1	2	A3	2545
1	3	A3	2545
1	1	A3	2546
1	2	A3	2546
1	3	A3	2546
1	1	A3	2547
1	2	A3	2547
1	3	A3	2547
1	1	A3	2548
1	2	A3	2548
1	3	A3	2548
1	1	A3	2549
1	2	A3	2549
1	3	A3	2549
1	1	A3	2550
1	2	A3	2550
1	3	A3	2550
1	1	A3	2551
1	2	A3	2551
1	3	A3	2551
1	1	A3	2552
1	2	A3	2552
1	3	A3	2552
1	1	A3	2553
1	2	A3	2553
1	3	A3	2553
1	1	A3	2554
1	2	A3	2554
1	3	A3	2554
1	1	A3	2555
1	2	A3	2555
1	3	A3	2555
1	1	A3	2556
1	2	A3	2556
1	3	A3	2556
1	1	A3	2557
1	2	A3	2557
1	3	A3	2557
1	1	A3	2558
1	2	A3	2558
1	3	A3	2558
1	1	A3	2559
1	2	A3	2559
1	3	A3	2559
1	1	A3	2560
1	2	A3	2560
1	3	A3	2560
1	1	A3	2561
1	2	A3	2561
1	3	A3	2561
1	1	A3	2562
1	2	A3	2562
1	3	A3	2562
1	1	A3	2563
1	2	A3	2563
1	3	A3	2563
1	1	A3	2564
1	2	A3	2564
1	3	A3	2564
1	1	A3	2565
1	2	A3	2565
1	3	A3	2565
1	1	A3	2566
1	2	A3	2566
1	3	A3	2566
1	1	A3	2567
1	2	A3	2567
1	3	A3	2567
1	1	A3	2568
1	2	A3	2568
1	3	A3	2568
1	1	A3	2569
1	2	A3	2569
1	3	A3	2569
1	1	A3	2570
1	2	A3	2570
1	3	A3	2570
1	1	A3	2571
1	2	A3	2571
1	3	A3	2571
1	1	A3	2572
1	2	A3	2572
1	3	A3	2572
1	1	A3	2573
1	2	A3	2573
1	3	A3	2573
1	1	A3	2574
1	2	A3	2574
1	3	A3	2574
1	1	A3	2575
1	2	A3	2575
1	3	A3	2575
1	1	A3	2576
1	2	A3	2576
1	3	A3	2576
1	1	A3	2577
1	2	A3	2577
1	3	A3	2577
1	1	A3	2578
1	2	A3	2578
1	3	A3	2578
1	1	A3	2579
1	2	A3	2579
1	3	A3	2579
1	1	A3	2580
1	2	A3	2580
1	3	A3	2580
1	1	A3	2581
1	2	A3	2581
1	3	A3	2581
1	1	A3	2582
1	2	A3	2582
1	3	A3	2582
1	1	A3	2583
1	2	A3	2583
1	3	A3	2583
1	1	A3	2584
1	2	A3	2584
1	3	A3	2584
1	1	A3	2585
1	2	A3	2585
1	3	A3	2585
1	1	A3	2586
1	2	A3	2586
1	3	A3	2586
1	1	A3	2587
1	2	A3	2587
1	3	A3	2587
1	1	A3	2588
1	2	A3	2588
1	3	A3	2588
1	1	A3	2589
1	2	A3	2589
1	3	A3	2589
1	1	A3	2590
1	2	A3	2590
1	3	A3	2590
1	1	A3	2591
1	2	A3	2591
1	3	A3	2591
1	1	A3	2592
1	2	A3	2592
1	3	A3	2592
1	1	A3	2593
1	2	A3	2593
1	3	A3	2593
1	1	A3	2594
1	2	A3	2594
1	3	A3	2594
1	1	A3	2595
1	2	A3	2595
1	3	A3	2595
1	1	A3	2596
1	2	A3	2596
1	3	A3	2596
1	1	A3	2597
1	2	A3	2597
1	3	A3	2597
1	1	A3	2598
1	2	A3	2598
1	3	A3	2598
1	1	A3	2599
1	2	A3	2599
1	3	A3	2599
1	1	A3	2600
1	2	A3	2600
1	3	A3	2600
1	1	A3	2601
1	2	A3	2601
1	3	A3	2601
1	1	A3	2602
1	2	A3	2602
1	3	A3	2602
1	1	A3	2603
1	2	A3	2603
1	3	A3	2603
1	1	A3	2604
1	2	A3	2604
1	3	A3	2604
1	1	A3	2605
1	2	A3	2605
1	3	A3	2605
1	1	A3	2606
1	2	A3	2606
1	3	A3	2606
1	1	A3	2607
1	2	A3	2607
1	3	A3	2607
1	1	A3	2608
1	2	A3	2608
1	3	A3	2608
1	1	A3	2609
1	2	A3	2609
1	3	A3	2609
1	1	A3	2610
1	2	A3	2610
1	3	A3	2610
1	1	A3	2611
1	2	A3	2611
1	3	A3	2611
1	1	A3	2612
1	2	A3	2612
1	3	A3	2612
1	1	A3	2613
1	2	A3	2613
1	3	A3	2613
1	1	A3	2614
1	2	A3	2614
1	3	A3	2614
1	1	A3	2615
1	2	A3	2615
1	3	A3	2615
1	1	A3	2616
1	2	A3	2616
1	3	A3	2616
1	1	A3	2617
1	2	A3	2617
1	3	A3	2617
1	1	A3	2618
1	2	A3	2618
1	3	A3	2618
1	1	A3	2619
1	2	A3	2619
1	3	A3	2619
1	1	A3	2620
1	2	A3	2620
1	3	A3	2620
1	1	A3	2621
1	2	A3	2621
1	3	A3	2621
1	1	A3	2622
1	2	A3	2622
1	3	A3	2622
1	1	A3	2623
1	2	A3	2623
1	3	A3	2623
1	1	A3	2624
1	2	A3	2624
1	3	A3	2624
1	1	A3	2625
1	2	A3	2625
1	3	A3	2625
1	1	A3	2626
1	2	A3	2626
1	3	A3	2626
1	1	A3	2627
1	2	A3	2627
1	3	A3	2627
1	1	A3	2628
1	2	A3	2628
1	3	A3	2628
1	1	A3	2629
1	2	A3	2629
1	3	A3	2629
1	1	A3	2630
1	2	A3	2630
1	3	A3	2630
1	1	A3	2631
1	2	A3	2631
1	3	A3	2631
1	1	A3	2632
1	2	A3	2632
1	3	A3	2632
1	1	A3	2633
1	2	A3	2633
1	3	A3	2633
1	1	A3	2634
1	2	A3	2634
1	3	A3	2634
1	1	A3	2635
1	2	A3	2635
1	3	A3	2635
1	1	A3	2636
1	2	A3	2636
1	3	A3	2636
1	1	A3	2637
1	2	A3	2637
1	3	A3	2637
1	1	A3	2638
1	2	A3	2638
1	3	A3	2638
1	1	A3	2639
1	2	A3	2639
1	3	A3	2639
1	1	A3	2640
1	2	A3	2640
1	3	A3	2640
1	1	A3	2641
1	2	A3	2641
1	3	A3	2641
1	1	A3	2642
1	2	A3	2642
1	3	A3	2642
1	1	A3	2643
1	2	A3	2643
1	3	A3	2643
1	1	A3	2644
1	2	A3	2644
1	3	A3	2644
1	1	A3	2645
1	2	A3	2645
1	3	A3	2645
1	1	A3	2646
1	2	A3	2646
1	3	A3	2646
1	1	A3	2647
1	2	A3	2647
1	3	A3	2647
1	1	A3	2648
1	2	A3	2648
1	3	A3	2648
1	1	A3	2649
1	2	A3	2649
1	3	A3	2649
1	1	A3	2650
1	2	A3	2650
1	3	A3	2650
1	1	A3	2651
1	2	A3	2651
1	3	A3	2651
1	1	A3	2652
1	2	A3	2652
1	3	A3	2652
1	1	A3	2653
1	2	A3	2653
1	3	A3	2653
1	1	A3	2654
1	2	A3	2654
1	3	A3	2654
1	1	A3	2655
1	2	A3	2655
1	3	A3	2655
1	1	A3	2656
1	2	A3	2656
1	3	A3	2656
1	1	A3	2657
1	2	A3	2657
1	3	A3	2657
1	1	A3	2658
1	2	A3	2658
1	3	A3	2658
1	1	A3	2659
1	2	A3	2659
1	3	A3	2659
1	1	A3	2660
1	2	A3	2660
1	3	A3	2660
1	1	A3	2661
1	2	A3	2661
1	3	A3	2661
1	1	A3	2662
1	2	A3	2662
1	3	A3	2662
1	1	A3	2663
1	2	A3	2663
1	3	A3	2663
1	1	A3	2664
1	2	A3	2664
1	3	A3	2664
1	1	A3	2665
1	2	A3	2665
1	3	A3	2665
1	1	A3	2666
1	2	A3	2666
1	3	A3	2666
1	1	A3	2667
1	2	A3	2667
1	3	A3	2667
1	1	A3	2668
1	2	A3	2668
1	3	A3	2668
1	1	A3	2669
1	2	A3	2669
1	3	A3	2669
1	1	A3	2670
1	2	A3	2670
1	3	A3	2670
1	1	A3	2671
1	2	A3	2671
1	3	A3	2671
1	1	A3	2672
1	2	A3	2672
1	3	A3	2672
1	1	A3	2673
1	2	A3	2673
1	3	A3	2673
1	1	A3	2674
1	2	A3	2674
1	3	A3	2674
1	1	A3	2675
1	2	A3	2675
1	3	A3	2675
1	1	A3	2676
1	2	A3	2676
1	3	A3	2676
1	1	A3	2677
1	2	A3	2677
1	3	A3	2677
1	1	A3	2678
1	2	A3	2678
1	3	A3	2678
1	1	A3	2679
1	2	A3	2679
1	3	A3	2679
1	1	A3	2680
1	2	A3	2680
1	3	A3	2680
1	1	A3	2681
1	2	A3	2681
1	3	A3	2681
1	1	A3	2682
1	2	A3	2682
1	3	A3	2682
1	1	A3	2683
1	2	A3	2683
1	3	A3	2683
1	1	A3	2684
1	2	A3	2684
1	3	A3	2684
1	1	A3	2685
1	2	A3	2685
1	3	A3	2685
1	1	A3	2686
1	2	A3	2686
1	3	A3	2686
1	1	A3	2687
1	2	A3	2687
1	3	A3	2687
1	1	A3	2688
1	2	A3	2688
1	3	A3	2688
1	1	A3	2689
1	2	A3	2689
1	3	A3	2689
1	1	A3	2690
1	2	A3	2690
1	3	A3	2690
1	1	A3	2691
1	2	A3	2691
1	3	A3	2691
1	1	A3	2692
1	2	A3	2692
1	3	A3	2692
1	1	A3	2693
1	2	A3	2693
1	3	A3	2693
1	1	A3	2694
1	2	A3	2694
1	3	A3	2694
1	1	A3	2695
1	2	A3	2695
1	3	A3	2695
1	1	A3	2696
1	2	A3	2696
1	3	A3	2696
1	1	A3	2697
1	2	A3	2697
1	3	A3	2697
1	1	A3	2698
1	2	A3	2698
1	3	A3	2698
1	1	A3	2699
1	2	A3	2699
1	3	A3	2699
1	1	A3	2700
1	2	A3	2700
1	3	A3	2700
1	1	A3	2701
1	2	A3	2701
1	3	A3	2701
1	1	A3	2702
1	2	A3	2702
1	3	A3	2702
1	1	A3	2703
1	2	A3	2703
1	3	A3	2703
1	1	A3	2704
1	2	A3	2704
1	3	A3	2704
1	1	A3	2705
1	2	A3	2705
1	3	A3	2705
1	1	A3	2706
1	2	A3	2706
1	3	A3	2706
1	1	A3	2707
1	2	A3	2707
1	3	A3	2707
1	1	A3	2708
1	2	A3	2708
1	3	A3	2708
1	1	A3	2709
1	2	A3	2709
1	3	A3	2709
1	1	A3	2710
1	2	A3	2710
1	3	A3	2710
1	1	A3	2711
1	2	A3	2711
1	3	A3	2711
1	1	A3	2712
1	2	A3	2712
1	3	A3	2712
1	1	A3	2713
1	2	A3	2713
1	3	A3	2713
1	1	A3	2714
1	2	A3	2714
1	3	A3	2714
1	1	A3	2715
1	2	A3	2715
1	3	A3	2715
1	1	A3	2716
1	2	A3	2716
1	3	A3	2716
1	1	A3	2717
1	2	A3	2717
1	3	A3	2717
1	1	A3	2718
1	2	A3	2718
1	3	A3	2718
1	1	A3	2719
1	2	A3	2719
1	3	A3	2719
1	1	A3	2720
1	2	A3	2720
1	3	A3	2720
1	1	A3	2721
1	2	A3	2721
1	3	A3	2721
1	1	A3	2722
1	2	A3	2722
1	3	A3	2722
1	1	A3	2723
1	2	A3	2723
1	3	A3	2723
1	1	A3	2724
1	2	A3	2724
1	3	A3	2724
1	1	A3	2725
1	2	A3	2725
1	3	A3	2725
1	1	A3	2726
1	2	A3	2726
1	3	A3	2726
1	1	A3	2727
1	2	A3	2727
1	3	A3	2727
1	1	A3	2728
1	2	A3	2728
1	3	A3	2728
1	1	A3	2729
1	2	A3	2729
1	3	A3	2729
1	1	A3	2730
1	2	A3	2730
1	3	A3	2730
1	1	A3	2731
1	2	A3	2731
1	3	A3	2731
1	1	A3	2732
1	2	A3	2732
1	3	A3	2732
1	1	A3	2733
1	2	A3	2733
1	3	A3	2733
1	1	A3	2734
1	2	A3	2734
1	3	A3	2734
1	1	A3	2735
1	2	A3	2735
1	3	A3	2735
1	1	A3	2736
1	2	A3	2736
1	3	A3	2736
1	1	A3	2737
1	2	A3	2737
1	3	A3	2737
1	1	A3	2738
1	2	A3	2738
1	3	A3	2738
1	1	A3	2739
1	2	A3	2739
1	3	A3	2739
1	1	A3	2740
1	2	A3	2740
1	3	A3	2740
1	1	A3	2741
1	2	A3	2741
1	3	A3	2741
1	1	A3	2742
1	2	A3	2742
1	3	A3	2742
1	1	A3	2743
1	2	A3	2743
1	3	A3	2743
1	1	A3	2744
1	2	A3	2744
1	3	A3	2744
1	1	A3	2745
1	2	A3	2745
1	3	A3	2745
1	1	A3	2746
1	2	A3	2746
1	3	A3	2746
1	1	A3	2747
1	2	A3	2747
1	3	A3	2747
1	1	A3	2748
1	2	A3	2748
1	3	A3	2748
1	1	A3	2749
1	2	A3	2749
1	3	A3	2749
1	1	A3	2750
1	2	A3	2750
1	3	A3	2750
1	1	A3	2751
1	2	A3	2751
1	3	A3	2751
1	1	A3	2752
1	2	A3	2752
1	3	A3	2752
1	1	A3	2753
1	2	A3	2753
1	3	A3	2753
1	1	A3	2754
1	2	A3	2754
1	3	A3	2754
1	1	A3	2755
1	2	A3	2755
1	3	A3	2755
1	1	A3	2756
1	2	A3	2756
1	3	A3	2756
1	1	A3	2757
1	2	A3	2757
1	3	A3	2757
1	1	A3	2758
1	2	A3	2758
1	3	A3	2758
1	1	A3	2759
1	2	A3	2759
1	3	A3	2759
1	1	A3	2760
1	2	A3	2760
1	3	A3	2760
1	1	A3	2761
1	2	A3	2761
1	3	A3	2761
1	1	A3	2762
1	2	A3	2762
1	3	A3	2762
1	1	A3	2763
1	2	A3	2763
1	3	A3	2763
1	1	A3	2764
1	2	A3	2764
1	3	A3	2764
1	1	A3	2765
1	2	A3	2765
1	3	A3	2765
1	1	A3	2766
1	2	A3	2766
1	3	A3	2766
1	1	A3	2767
1	2	A3	2767
1	3	A3	2767
1	1	A3	2768
1	2	A3	2768
1	3	A3	2768
1	1	A3	2769
1	2	A3	2769
1	3	A3	2769
1	1	A3	2770
1	2	A3	2770
1	3	A3	2770
1	1	A3	2771
1	2	A3	2771
1	3	A3	2771
1	1	A3	2772
1	2	A3	2772
1	3	A3	2772
1	1	A3	2773
1	2	A3	2773
1	3	A3	2773
1	1	A3	2774
1	2	A3	2774
1	3	A3	2774
1	1	A3	2775
1	2	A3	2775
1	3	A3	2775
1	1	A3	2776
1	2	A3	2776
1	3	A3	2776
1	1	A3	2777
1	2	A3	2777
1	3	A3	2777
1	1	A3	2778
1	2	A3	2778
1	3	A3	2778
1	1	A3	2779
1	2	A3	2779
1	3	A3	2779
1	1	A3	2780
1	2	A3	2780
1	3	A3	2780
1	1	A3	2781
1	2	A3	2781
1	3	A3	2781
1	1	A3	2782
1	2	A3	2782
1	3	A3	2782
1	1	A3	2783
1	2	A3	2783
1	3	A3	2783
1	1	A3	2784
1	2	A3	2784
1	3	A3	2784
1	1	A3	2785
1	2	A3	2785
1	3	A3	2785
1	1	A3	2786
1	2	A3	2786
1	3	A3	2786
1	1	A3	2787
1	2	A3	2787
1	3	A3	2787
1	1	A3	2788
1	2	A3	2788
1	3	A3	2788
1	1	A3	2789
1	2	A3	2789
1	3	A3	2789
1	1	A3	2790
1	2	A3	2790
1	3	A3	2790
1	1	A3	2791
1	2	A3	2791
1	3	A3	2791
1	1	A3	2792
1	2	A3	2792
1	3	A3	2792
1	1	A3	2793
1	2	A3	2793
1	3	A3	2793
1	1	A3	2794
1	2	A3	2794
1	3	A3	2794
1	1	A3	2795
1	2	A3	2795
1	3	A3	2795
1	1	A3	2796
1	2	A3	2796
1	3	A3	2796
1	1	A3	2797
1	2	A3	2797
1	3	A3	2797
1	1	A3	2798
1	2	A3	2798
1	3	A3	2798
1	1	A3	2799
1	2	A3	2799
1	3	A3	2799
1	1	A3	2800
1	2	A3	2800
1	3	A3	2800
1	1	A3	2801
1	2	A3	2801
1	3	A3	2801
1	1	A3	2802
1	2	A3	2802
1	3	A3	2802
1	1	A3	2803
1	2	A3	2803
1	3	A3	2803
1	1	A3	2804
1	2	A3	2804
1	3	A3	2804
1	1	A3	2805
1	2	A3	2805
1	3	A3	2805
1	1	A3	2806
1	2	A3	2806
1	3	A3	2806
1	1	A3	2807
1	2	A3	2807
1	3	A3	2807
1	1	A3	2808
1	2	A3	2808
1	3	A3	2808
1	1	A3	2809
1	2	A3	2809
1	3	A3	2809
1	1	A3	2810
1	2	A3	2810
1	3	A3	2810
1	1	A3	2811
1	2	A3	2811
1	3	A3	2811
1	1	A3	2812
1	2	A3	2812
1	3	A3	2812
1	1	A3	2813
1	2	A3	2813
1	3	A3	2813
1	1	A3	2814
1	2	A3	2814
1	3	A3	2814
1	1	A3	2815
1	2	A3	2815
1	3	A3	2815
1	1	A3	2816
1	2	A3	2816
1	3	A3	2816
1	1	A3	2817
1	2	A3	2817
1	3	A3	2817
1	1	A3	2818
1	2	A3	2818
1	3	A3	2818
1	1	A3	2819
1	2	A3	2819
1	3	A3	2819
1	1	A3	2820
1	2	A3	2820
1	3	A3	2820
1	1	A3	2821
1	2	A3	2821
1	3	A3	2821
1	1	A3	2822
1	2	A3	2822
1	3	A3	2822
1	1	A3	2823
1	2	A3	2823
1	3	A3	2823
1	1	A3	2824
1	2	A3	2824
1	3	A3	2824
1	1	A3	2825
1	2	A3	2825
1	3	A3	2825
1	1	A3	2826
1	2	A3	2826
1	3	A3	2826
1	1	A3	2827
1	2	A3	2827
1	3	A3	2827
1	1	A3	2828
1	2	A3	2828
1	3	A3	2828
1	1	A3	2829
1	2	A3	2829
1	3	A3	2829
1	1	A3	2830
1	2	A3	2830
1	3	A3	2830
1	1	A3	2831
1	2	A3	2831
1	3	A3	2831
1	1	A3	2832
1	2	A3	2832
1	3	A3	2832
1	1	A3	2833
1	2	A3	2833
1	3	A3	2833
1	1	A3	2834
1	2	A3	2834
1	3	A3	2834
1	1	A3	2835
1	2	A3	2835
1	3	A3	2835
1	1	A3	2836
1	2	A3	2836
1	3	A3	2836
1	1	A3	2837
1	2	A3	2837
1	3	A3	2837
1	1	A3	2838
1	2	A3	2838
1	3	A3	2838
1	1	A3	2839
1	2	A3	2839
1	3	A3	2839
1	1	A3	2840
1	2	A3	2840
1	3	A3	2840
1	1	A3	2841
1	2	A3	2841
1	3	A3	2841
1	1	A3	2842
1	2	A3	2842
1	3	A3	2842
1	1	A3	2843
1	2	A3	2843
1	3	A3	2843
1	1	A3	2844
1	2	A3	2844
1	3	A3	2844
1	1	A3	2845
1	2	A3	2845
1	3	A3	2845
1	1	A3	2846
1	2	A3	2846
1	3	A3	2846
1	1	A3	2847
1	2	A3	2847
1	3	A3	2847
1	1	A3	2848
1	2	A3	2848
1	3	A3	2848
1	1	A3	2849
1	2	A3	2849
1	3	A3	2849
1	1	A3	2850
1	2	A3	2850
1	3	A3	2850
1	1	A3	2851
1	2	A3	2851
1	3	A3	2851
1	1	A3	2852
1	2	A3	2852
1	3	A3	2852
1	1	A3	2853
1	2	A3	2853
1	3	A3	2853
1	1	A3	2854
1	2	A3	2854
1	3	A3	2854
1	1	A3	2855
1	2	A3	2855
1	3	A3	2855
1	1	A3	2856
1	2	A3	2856
1	3	A3	2856
1	1	A3	2857
1	2	A3	2857
1	3	A3	2857
1	1	A3	2858
1	2	A3	2858
1	3	A3	2858
1	1	A3	2859
1	2	A3	2859
1	3	A3	2859
1	1	A3	2860
1	2	A3	2860
1	3	A3	2860
1	1	A3	2861
1	2	A3	2861
1	3	A3	2861
1	1	A3	2862
1	2	A3	2862
1	3	A3	2862
1	1	A3	2863
1	2	A3	2863
1	3	A3	2863
1	1	A3	2864
1	2	A3	2864
1	3	A3	2864
1	1	A3	2865
1	2	A3	2865
1	3	A3	2865
1	1	A3	2866
1	2	A3	2866
1	3	A3	2866
1	1	A3	2867
1	2	A3	2867
1	3	A3	2867
1	1	A3	2868
1	2	A3	2868
1	3	A3	2868
1	1	A3	2869
1	2	A3	2869
1	3	A3	2869
1	1	A3	2870
1	2	A3	2870
1	3	A3	2870
1	1	A3	2871
1	2	A3	2871
1	3	A3	2871
1	1	A3	2872
1	2	A3	2872
1	3	A3	2872
1	1	A3	2873
1	2	A3	2873
1	3	A3	2873
1	1	A3	2874
1	2	A3	2874
1	3	A3	2874
1	1	A3	2875
1	2	A3	2875
1	3	A3	2875
1	1	A3	2876
1	2	A3	2876
1	3	A3	2876
1	1	A3	2877
1	2	A3	2877
1	3	A3	2877
1	1	A3	2878
1	2	A3	2878
1	3	A3	2878
1	1	A3	2879
1	2	A3	2879
1	3	A3	2879
1	1	A3	2880
1	2	A3	2880
1	3	A3	2880
1	1	A3	2881
1	2	A3	2881
1	3	A3	2881
1	1	A3	2882
1	2	A3	2882
1	3	A3	2882
1	1	A3	2883
1	2	A3	2883
1	3	A3	2883
1	1	A3	2884
1	2	A3	2884
1	3	A3	2884
1	1	A3	2885
1	2	A3	2885
1	3	A3	2885
1	1	A3	2886
1	2	A3	2886
1	3	A3	2886
1	1	A3	2887
1	2	A3	2887
1	3	A3	2887
1	1	A3	2888
1	2	A3	2888
1	3	A3	2888
1	1	A3	2889
1	2	A3	2889
1	3	A3	2889
1	1	A3	2890
1	2	A3	2890
1	3	A3	2890
1	1	A3	2891
1	2	A3	2891
1	3	A3	2891
1	1	A3	2892
1	2	A3	2892
1	3	A3	2892
1	1	A3	2893
1	2	A3	2893
1	3	A3	2893
1	1	A3	2894
1	2	A3	2894
1	3	A3	2894
1	1	A3	2895
1	2	A3	2895
1	3	A3	2895
1	1	A3	2896
1	2	A3	2896
1	3	A3	2896
1	1	A3	2897
1	2	A3	2897
1	3	A3	2897
1	1	A3	2898
1	2	A3	2898
1	3	A3	2898
1	1	A3	2899
1	2	A3	2899
1	3	A3	2899
1	1	A3	2900
1	2	A3	2900
1	3	A3	2900
1	1	A3	2901
1	2	A3	2901
1	3	A3	2901
1	1	A3	2902
1	2	A3	2902
1	3	A3	2902
1	1	A3	2903
1	2	A3	2903
1	3	A3	2903
1	1	A3	2904
1	2	A3	2904
1	3	A3	2904
1	1	A3	2905
1	2	A3	2905
1	3	A3	2905
1	1	A3	2906
1	2	A3	2906
1	3	A3	2906
1	1	A3	2907
1	2	A3	2907
1	3	A3	2907
1	1	A3	2908
1	2	A3	2908
1	3	A3	2908
1	1	A3	2909
1	2	A3	2909
1	3	A3	2909
1	1	A3	2910
1	2	A3	2910
1	3	A3	2910
1	1	A3	2911
1	2	A3	2911
1	3	A3	2911
1	1	A3	2912
1	2	A3	2912
1	3	A3	2912
1	1	A3	2913
1	2	A3	2913
1	3	A3	2913
1	1	A3	2914
1	2	A3	2914
1	3	A3	2914
1	1	A3	2915
1	2	A3	2915
1	3	A3	2915
1	1	A3	2916
1	2	A3	2916
1	3	A3	2916
1	1	A3	2917
1	2	A3	2917
1	3	A3	2917
1	1	A3	2918
1	2	A3	2918
1	3	A3	2918
1	1	A3	2919
1	2	A3	2919
1	3	A3	2919
1	1	A3	2920
1	2	A3	2920
1	3	A3	2920
1	1	A3	2921
1	2	A3	2921
1	3	A3	2921
1	1	A3	2922
1	2	A3	2922
1	3	A3	2922
1	1	A3	2923
1	2	A3	2923
1	3	A3	2923
1	1	A3	2924
1	2	A3	2924
1	3	A3	2924
1	1	A3	2925
1	2	A3	2925
1	3	A3	2925
1	1	A3	2926
1	2	A3	2926
1	3	A3	2926
1	1	A3	2927
1	2	A3	2927
1	3	A3	2927
1	1	A3	2928
1	2	A3	2928
1	3	A3	2928
1	1	A3	2929
1	2	A3	2929
1	3	A3	2929
1	1	A3	2930
1	2	A3	2930
1	3	A3	2930
1	1	A3	2931
1	2	A3	2931
1	3	A3	2931
1	1	A3	2932
1	2	A3	2932
1	3	A3	2932
1	1	A3	2933
1	2	A3	2933
1	3	A3	2933
1	1	A3	2934
1	2	A3	2934
1	3	A3	2934
1	1	A3	2935
1	2	A3	2935
1	3	A3	2935
1	1	A3	2936
1	2	A3	2936
1	3	A3	2936
1	1	A3	2937
1	2	A3	2937
1	3	A3	2937
1	1	A3	2938
1	2	A3	2938
1	3	A3	2938
1	1	A3	2939
1	2	A3	2939
1	3	A3	2939
1	1	A3	2940
1	2	A3	2940
1	3	A3	2940
1	1	A3	2941
1	2	A3	2941
1	3	A3	2941
1	1	A3	2942
1	2	A3	2942
1	3	A3	2942
1	1	A3	2943
1	2	A3	2943
1	3	A3	2943
1	1	A3	2944
1	2	A3	2944
1	3	A3	2944
1	1	A3	2945
1	2	A3	2945
1	3	A3	2945
1	1	A3	2946
1	2	A3	2946
1	3	A3	2946
1	1	A3	2947
1	2	A3	2947
1	3	A3	2947
1	1	A3	2948
1	2	A3	2948
1	3	A3	2948
1	1	A3	2949
1	2	A3	2949
1	3	A3	2949
1	1	A3	2950
1	2	A3	2950
1	3	A3	2950
1	1	A3	2951
1	2	A3	2951
1	3	A3	2951
1	1	A3	2952
1	2	A3	2952
1	3	A3	2952
1	1	A3	2953
1	2	A3	2953
1	3	A3	2953
1	1	A3	2954
1	2	A3	2954
1	3	A3	2954
1	1	A3	2955
1	2	A3	2955
1	3	A3	2955
1	1	A3	2956
1	2	A3	2956
1	3	A3	2956
1	1	A3	2957
1	2	A3	2957
1	3	A3	2957
1	1	A3	2958
1	2	A3	2958
1	3	A3	2958
1	1	A3	2959
1	2	A3	2959
1	3	A3	2959
1	1	A3	2960
1	2	A3	2960
1	3	A3	2960
1	1	A3	2961
1	2	A3	2961
1	3	A3	2961
1	1	A3	2962
1	2	A3	2962
1	3	A3	2962
1	1	A3	2963
1	2	A3	2963
1	3	A3	2963
1	1	A3	2964
1	2	A3	2964
1	3	A3	2964
1	1	A3	2965
1	2	A3	2965
1	3	A3	2965
1	1	A3	2966
1	2	A3	2966
1	3	A3	2966
1	1	A3	2967
1	2	A3	2967
1	3	A3	2967
1	1	A3	2968
1	2	A3	2968
1	3	A3	2968
1	1	A3	2969
1	2	A3	2969
1	3	A3	2969
1	1	A3	2970
1	2	A3	2970
1	3	A3	2970
1	1	A3	2971
1	2	A3	2971
1	3	A3	2971
1	1	A3	2972
1	2	A3	2972
1	3	A3	2972
1	1	A3	2973
1	2	A3	2973
1	3	A3	2973
1	1	A3	2974
1	2	A3	2974
1	3	A3	2974
1	1	A3	2975
1	2	A3	2975
1	3	A3	2975
1	1	A3	2976
1	2	A3	2976
1	3	A3	2976
1	1	A3	2977
1	2	A3	2977
1	3	A3	2977
1	1	A3	2978
1	2	A3	2978
1	3	A3	2978
1	1	A3	2979
1	2	A3	2979
1	3	A3	2979
1	1	A3	2980
1	2	A3	2980
1	3	A3	2980
1	1	A3	2981
1	2	A3	2981
1	3	A3	2981
1	1	A3	2982
1	2	A3	2982
1	3	A3	2982
1	1	A3	2983
1	2	A3	2983
1	3	A3	2983
1	1	A3	2984
1	2	A3	2984
1	3	A3	2984
1	1	A3	2985
1	2	A3	2985
1	3	A3	2985
1	1	A3	2986
1	2	A3	2986
1	3	A3	2986
1	1	A3	2987
1	2	A3	2987
1	3	A3	2987
1	1	A3	2988
1	2	A3	2988
1	3	A3	2988
1	1	A3	2989
1	2	A3	2989
1	3	A3	2989
1	1	A3	2990
1	2	A3	2990
1	3	A3	2990
1	1	A3	2991
1	2	A3	2991
1	3	A3	2991
1	1	A3	2992
1	2	A3	2992
1	3	A3	2992
1	1	A3	2993
1	2	A3	2993
1	3	A3	2993
1	1	A3	2994
1	2	A3	2994
1	3	A3	2994
1	1	A3	2995
1	2	A3	2995
1	3	A3	2995
1	1	A3	2996
1	2	A3	2996
1	3	A3	2996
1	1	A3	2997
1	2	A3	2997
1	3	A3	2997
1	1	A3	2998
1	2	A3	2998
1	3	A3	2998
1	1	A3	2999
1	2	A3	2999
1	3	A3	2999
1	1	A3	3000
1	2	A3	3000
1	3	A3	3000
1	1	A3	3001
1	2	A3	3001
1	3	A3	3001
1	1	A3	3002
1	2	A3	3002
1	3	A3	3002
1	1	A3	3003
1	2	A3	3003
1	3	A3	3003
1	1	A3	3004
1	2	A3	3004
1	3	A3	3004
1	1	A3	3005
1	2	A3	3005
1	3	A3	3005
1	1	A3	3006
1	2	A3	3006
1	3	A3	3006
1	1	A3	3007
1	2	A3	3007
1	3	A3	3007
1	1	A3	3008
1	2	A3	3008
1	3	A3	3008
1	1	A3	3009
1	2	A3	3009
1	3	A3	3009
1	1	A3	3010
1	2	A3	3010
1	3	A3	3010
1	1	A3	3011
1	2	A3	3011
1	3	A3	3011
1	1	A3	3012
1	2	A3	3012
1	3	A3	3012
1	1	A3	3013
1	2	A3	3013
1	3	A3	3013
1	1	A3	3014
1	2	A3	3014
1	3	A3	3014
1	1	A3	3015
1	2	A3	3015
1	3	A3	3015
1	1	A3	3016
1	2	A3	3016
1	3	A3	3016
1	1	A3	3017
1	2	A3	3017
1	3	A3	3017
1	1	A3	3018
1	2	A3	3018
1	3	A3	3018
1	1	A3	3019
1	2	A3	3019
1	3	A3	3019
1	1	A3	3020
1	2	A3	3020
1	3	A3	3020
1	1	A3	3021
1	2	A3	3021
1	3	A3	3021
1	1	A3	3022
1	2	A3	3022
1	3	A3	3022
1	1	A3	3023
1	2	A3	3023
1	3	A3	3023
1	1	A3	3024
1	2	A3	3024
1	3	A3	3024
1	1	A3	3025
1	2	A3	3025
1	3	A3	3025
1	1	A3	3026
1	2	A3	3026
1	3	A3	3026
1	1	A3	3027
1	2	A3	3027
1	3	A3	3027
1	1	A3	3028
1	2	A3	3028
1	3	A3	3028
1	1	A3	3029
1	2	A3	3029
1	3	A3	3029
1	1	A3	3030
1	2	A3	3030
1	3	A3	3030
1	1	A3	3031
1	2	A3	3031
1	3	A3	3031
1	1	A3	3032
1	2	A3	3032
1	3	A3	3032
1	1	A3	3033
1	2	A3	3033
1	3	A3	3033
1	1	A3	3034
1	2	A3	3034
1	3	A3	3034
1	1	A3	3035
1	2	A3	3035
1	3	A3	3035
1	1	A3	3036
1	2	A3	3036
1	3	A3	3036
1	1	A3	3037
1	2	A3	3037
1	3	A3	3037
1	1	A3	3038
1	2	A3	3038
1	3	A3	3038
1	1	A3	3039
1	2	A3	3039
1	3	A3	3039
1	1	A3	3040
1	2	A3	3040
1	3	A3	3040
1	1	A3	3041
1	2	A3	3041
1	3	A3	3041
1	1	A3	3042
1	2	A3	3042
1	3	A3	3042
1	1	A3	3043
1	2	A3	3043
1	3	A3	3043
1	1	A3	3044
1	2	A3	3044
1	3	A3	3044
1	1	A3	3045
1	2	A3	3045
1	3	A3	3045
1	1	A3	3046
1	2	A3	3046
1	3	A3	3046
1	1	A3	3047
1	2	A3	3047
1	3	A3	3047
1	1	A3	3048
1	2	A3	3048
1	3	A3	3048
1	1	A3	3049
1	2	A3	3049
1	3	A3	3049
1	1	A3	3050
1	2	A3	3050
1	3	A3	3050
1	1	A3	3051
1	2	A3	3051
1	3	A3	3051
1	1	A3	3052
1	2	A3	3052
1	3	A3	3052
1	1	A3	3053
1	2	A3	3053
1	3	A3	3053
1	1	A3	3054
1	2	A3	3054
1	3	A3	3054
1	1	A3	3055
1	2	A3	3055
1	3	A3	3055
1	1	A3	3056
1	2	A3	3056
1	3	A3	3056
1	1	A3	3057
1	2	A3	3057
1	3	A3	3057
1	1	A3	3058
1	2	A3	3058
1	3	A3	3058
1	1	A3	3059
1	2	A3	3059
1	3	A3	3059
1	1	A3	3060
1	2	A3	3060
1	3	A3	3060
1	1	A3	3061
1	2	A3	3061
1	3	A3	3061
1	1	A3	3062
1	2	A3	3062
1	3	A3	3062
1	1	A3	3063
1	2	A3	3063
1	3	A3	3063
1	1	A3	3064
1	2	A3	3064
1	3	A3	3064
1	1	A3	3065
1	2	A3	3065
1	3	A3	3065
1	1	A3	3066
1	2	A3	3066
1	3	A3	3066
1	1	A3	3067
1	2	A3	3067
1	3	A3	3067
1	1	A3	3068
1	2	A3	3068
1	3	A3	3068
1	1	A3	3069
1	2	A3	3069
1	3	A3	3069
1	1	A3	3070
1	2	A3	3070
1	3	A3	3070
1	1	A3	3071
1	2	A3	3071
1	3	A3	3071
1	1	A3	3072
1	2	A3	3072
1	3	A3	3072
1	1	A3	3073
1	2	A3	3073
1	3	A3	3073
1	1	A3	3074
1	2	A3	3074
1	3	A3	3074
1	1	A3	3075
1	2	A3	3075
1	3	A3	3075
1	1	A3	3076
1	2	A3	3076
1	3	A3	3076
1	1	A3	3077
1	2	A3	3077
1	3	A3	3077
1	1	A3	3078
1	2	A3	3078
1	3	A3	3078
1	1	A3	3079
1	2	A3	3079
1	3	A3	3079
1	1	A3	3080
1	2	A3	3080
1	3	A3	3080
1	1	A3	3081
1	2	A3	3081
1	3	A3	3081
1	1	A3	3082
1	2	A3	3082
1	3	A3	3082
1	1	A3	3083
1	2	A3	3083
1	3	A3	3083
1	1	A3	3084
1	2	A3	3084
1	3	A3	3084
1	1	A3	3085
1	2	A3	3085
1	3	A3	3085
1	1	A3	3086
1	2	A3	3086
1	3	A3	3086
1	1	A3	3087
1	2	A3	3087
1	3	A3	3087
1	1	A3	3088
1	2	A3	3088
1	3	A3	3088
1	1	A3	3089
1	2	A3	3089
1	3	A3	3089
1	1	A3	3090
1	2	A3	3090
1	3	A3	3090
1	1	A3	3091
1	2	A3	3091
1	3	A3	3091
1	1	A3	3092
1	2	A3	3092
1	3	A3	3092
1	1	A3	3093
1	2	A3	3093
1	3	A3	3093
1	1	A3	3094
1	2	A3	3094
1	3	A3	3094
1	1	A3	3095
1	2	A3	3095
1	3	A3	3095
1	1	A3	3096
1	2	A3	3096
1	3	A3	3096
1	1	A3	3097
1	2	A3	3097
1	3	A3	3097
1	1	A3	3098
1	2	A3	3098
1	3	A3	3098
1	1	A3	3099
1	2	A3	3099
1	3	A3	3099
1	1	A3	3100
1	2	A3	3100
1	3	A3	3100
1	1	A3	3101
1	2	A3	3101
1	3	A3	3101
1	1	A3	3102
1	2	A3	3102
1	3	A3	3102
1	1	A3	3103
1	2	A3	3103
1	3	A3	3103
1	1	A3	3104
1	2	A3	3104
1	3	A3	3104
1	1	A3	3105
1	2	A3	3105
1	3	A3	3105
1	1	A3	3106
1	2	A3	3106
1	3	A3	3106
1	1	A3	3107
1	2	A3	3107
1	3	A3	3107
1	1	A3	3108
1	2	A3	3108
1	3	A3	3108
1	1	A3	3109
1	2	A3	3109
1	3	A3	3109
1	1	A3	3110
1	2	A3	3110
1	3	A3	3110
1	1	A3	3111
1	2	A3	3111
1	3	A3	3111
1	1	A3	3112
1	2	A3	3112
1	3	A3	3112
1	1	A3	3113
1	2	A3	3113
1	3	A3	3113
1	1	A3	3114
1	2	A3	3114
1	3	A3	3114
1	1	A3	3115
1	2	A3	3115
1	3	A3	3115
1	1	A3	3116
1	2	A3	3116
1	3	A3	3116
1	1	A3	3117
1	2	A3	3117
1	3	A3	3117
1	1	A3	3118
1	2	A3	3118
1	3	A3	3118
1	1	A3	3119
1	2	A3	3119
1	3	A3	3119
1	1	A3	3120
1	2	A3	3120
1	3	A3	3120
1	1	A3	3121
1	2	A3	3121
1	3	A3	3121
1	1	A3	3122
1	2	A3	3122
1	3	A3	3122
1	1	A3	3123
1	2	A3	3123
1	3	A3	3123
1	1	A3	3124
1	2	A3	3124
1	3	A3	3124
1	1	A3	3125
1	2	A3	3125
1	3	A3	3125
1	1	A3	3126
1	2	A3	3126
1	3	A3	3126
1	1	A3	3127
1	2	A3	3127
1	3	A3	3127
1	1	A3	3128
1	2	A3	3128
1	3	A3	3128
1	1	A3	3129
1	2	A3	3129
1	3	A3	3129
1	1	A3	3130
1	2	A3	3130
1	3	A3	3130
1	1	A3	3131
1	2	A3	3131
1	3	A3	3131
1	1	A3	3132
1	2	A3	3132
1	3	A3	3132
1	1	A3	3133
1	2	A3	3133
1	3	A3	3133
1	1	A3	3134
1	2	A3	3134
1	3	A3	3134
1	1	A3	3135
1	2	A3	3135
1	3	A3	3135
1	1	A3	3136
1	2	A3	3136
1	3	A3	3136
1	1	A3	3137
1	2	A3	3137
1	3	A3	3137
1	1	A3	3138
1	2	A3	3138
1	3	A3	3138
1	1	A3	3139
1	2	A3	3139
1	3	A3	3139
1	1	A3	3140
1	2	A3	3140
1	3	A3	3140
1	1	A3	3141
1	2	A3	3141
1	3	A3	3141
1	1	A3	3142
1	2	A3	3142
1	3	A3	3142
1	1	A3	3143
1	2	A3	3143
1	3	A3	3143
1	1	A3	3144
1	2	A3	3144
1	3	A3	3144
1	1	A3	3145
1	2	A3	3145
1	3	A3	3145
1	1	A3	3146
1	2	A3	3146
1	3	A3	3146
1	1	A3	3147
1	2	A3	3147
1	3	A3	3147
1	1	A3	3148
1	2	A3	3148
1	3	A3	3148
1	1	A3	3149
1	2	A3	3149
1	3	A3	3149
1	1	A3	3150
1	2	A3	3150
1	3	A3	3150
1	1	A3	3151
1	2	A3	3151
1	3	A3	3151
1	1	A3	3152
1	2	A3	3152
1	3	A3	3152
1	1	A3	3153
1	2	A3	3153
1	3	A3	3153
1	1	A3	3154
1	2	A3	3154
1	3	A3	3154
1	1	A3	3155
1	2	A3	3155
1	3	A3	3155
1	1	A3	3156
1	2	A3	3156
1	3	A3	3156
1	1	A3	3157
1	2	A3	3157
1	3	A3	3157
1	1	A3	3158
1	2	A3	3158
1	3	A3	3158
1	1	A3	3159
1	2	A3	3159
1	3	A3	3159
1	1	A3	3160
1	2	A3	3160
1	3	A3	3160
1	1	A3	3161
1	2	A3	3161
1	3	A3	3161
1	1	A3	3162
1	2	A3	3162
1	3	A3	3162
1	1	A3	3163
1	2	A3	3163
1	3	A3	3163
1	1	A3	3164
1	2	A3	3164
1	3	A3	3164
1	1	A3	3165
1	2	A3	3165
1	3	A3	3165
1	1	A3	3166
1	2	A3	3166
1	3	A3	3166
1	1	A3	3167
1	2	A3	3167
1	3	A3	3167
1	1	A3	3168
1	2	A3	3168
1	3	A3	3168
1	1	A3	3169
1	2	A3	3169
1	3	A3	3169
1	1	A3	3170
1	2	A3	3170
1	3	A3	3170
1	1	A3	3171
1	2	A3	3171
1	3	A3	3171
1	1	A3	3172
1	2	A3	3172
1	3	A3	3172
1	1	A3	3173
1	2	A3	3173
1	3	A3	3173
1	1	A3	3174
1	2	A3	3174
1	3	A3	3174
1	1	A3	3175
1	2	A3	3175
1	3	A3	3175
1	1	A3	3176
1	2	A3	3176
1	3	A3	3176
1	1	A3	3177
1	2	A3	3177
1	3	A3	3177
1	1	A3	3178
1	2	A3	3178
1	3	A3	3178
1	1	A3	3179
1	2	A3	3179
1	3	A3	3179
1	1	A3	3180
1	2	A3	3180
1	3	A3	3180
1	1	A3	3181
1	2	A3	3181
1	3	A3	3181
1	1	A3	3182
1	2	A3	3182
1	3	A3	3182
1	1	A3	3183
1	2	A3	3183
1	3	A3	3183
1	1	A3	3184
1	2	A3	3184
1	3	A3	3184
1	1	A3	3185
1	2	A3	3185
1	3	A3	3185
1	1	A3	3186
1	2	A3	3186
1	3	A3	3186
1	1	A3	3187
1	2	A3	3187
1	3	A3	3187
1	1	A3	3188
1	2	A3	3188
1	3	A3	3188
1	1	A3	3189
1	2	A3	3189
1	3	A3	3189
1	1	A3	3190
1	2	A3	3190
1	3	A3	3190
1	1	A3	3191
1	2	A3	3191
1	3	A3	3191
1	1	A3	3192
1	2	A3	3192
1	3	A3	3192
1	1	A3	3193
1	2	A3	3193
1	3	A3	3193
1	1	A3	3194
1	2	A3	3194
1	3	A3	3194
1	1	A3	3195
1	2	A3	3195
1	3	A3	3195
1	1	A3	3196
1	2	A3	3196
1	3	A3	3196
1	1	A3	3197
1	2	A3	3197
1	3	A3	3197
1	1	A3	3198
1	2	A3	3198
1	3	A3	3198
1	1	A3	3199
1	2	A3	3199
1	3	A3	3199
1	1	A3	3200
1	2	A3	3200
1	3	A3	3200
1	1	A3	3201
1	2	A3	3201
1	3	A3	3201
1	1	A3	3202
1	2	A3	3202
1	3	A3	3202
1	1	A3	3203
1	2	A3	3203
1	3	A3	3203
1	1	A3	3204
1	2	A3	3204
1	3	A3	3204
1	1	A3	3205
1	2	A3	3205
1	3	A3	3205
1	1	A3	3206
1	2	A3	3206
1	3	A3	3206
1	1	A3	3207
1	2	A3	3207
1	3	A3	3207
1	1	A3	3208
1	2	A3	3208
1	3	A3	3208
1	1	A3	3209
1	2	A3	3209
1	3	A3	3209
1	1	A3	3210
1	2	A3	3210
1	3	A3	3210
1	1	A3	3211
1	2	A3	3211
1	3	A3	3211
1	1	A3	3212
1	2	A3	3212
1	3	A3	3212
1	1	A3	3213
1	2	A3	3213
1	3	A3	3213
1	1	A3	3214
1	2	A3	3214
1	3	A3	3214
1	1	A3	3215
1	2	A3	3215
1	3	A3	3215
1	1	A3	3216
1	2	A3	3216
1	3	A3	3216
1	1	A3	3217
1	2	A3	3217
1	3	A3	3217
1	1	A3	3218
1	2	A3	3218
1	3	A3	3218
1	1	A3	3219
1	2	A3	3219
1	3	A3	3219
1	1	A3	3220
1	2	A3	3220
1	3	A3	3220
1	1	A3	3221
1	2	A3	3221
1	3	A3	3221
1	1	A3	3222
1	2	A3	3222
1	3	A3	3222
1	1	A3	3223
1	2	A3	3223
1	3	A3	3223
1	1	A3	3224
1	2	A3	3224
1	3	A3	3224
1	1	A3	3225
1	2	A3	3225
1	3	A3	3225
1	1	A3	3226
1	2	A3	3226
1	3	A3	3226
1	1	A3	3227
1	2	A3	3227
1	3	A3	3227
1	1	A3	3228
1	2	A3	3228
1	3	A3	3228
1	1	A3	3229
1	2	A3	3229
1	3	A3	3229
1	1	A3	3230
1	2	A3	3230
1	3	A3	3230
1	1	A3	3231
1	2	A3	3231
1	3	A3	3231
1	1	A3	3232
1	2	A3	3232
1	3	A3	3232
1	1	A3	3233
1	2	A3	3233
1	3	A3	3233
1	1	A3	3234
1	2	A3	3234
1	3	A3	3234
1	1	A3	3235
1	2	A3	3235
1	3	A3	3235
1	1	A3	3236
1	2	A3	3236
1	3	A3	3236
1	1	A3	3237
1	2	A3	3237
1	3	A3	3237
1	1	A3	3238
1	2	A3	3238
1	3	A3	3238
1	1	A3	3239
1	2	A3	3239
1	3	A3	3239
1	1	A3	3240
1	2	A3	3240
1	3	A3	3240
1	1	A3	3241
1	2	A3	3241
1	3	A3	3241
1	1	A3	3242
1	2	A3	3242
1	3	A3	3242
1	1	A3	3243
1	2	A3	3243
1	3	A3	3243
1	1	A3	3244
1	2	A3	3244
1	3	A3	3244
1	1	A3	3245
1	2	A3	3245
1	3	A3	3245
1	1	A3	3246
1	2	A3	3246
1	3	A3	3246
1	1	A3	3247
1	2	A3	3247
1	3	A3	3247
1	1	A3	3248
1	2	A3	3248
1	3	A3	3248
1	1	A3	3249
1	2	A3	3249
1	3	A3	3249
1	1	A3	3250
1	2	A3	3250
1	3	A3	3250
1	1	A3	3251
1	2	A3	3251
1	3	A3	3251
1	1	A3	3252
1	2	A3	3252
1	3	A3	3252
1	1	A3	3253
1	2	A3	3253
1	3	A3	3253
1	1	A3	3254
1	2	A3	3254
1	3	A3	3254
1	1	A3	3255
1	2	A3	3255
1	3	A3	3255
1	1	A3	3256
1	2	A3	3256
1	3	A3	3256
1	1	A3	3257
1	2	A3	3257
1	3	A3	3257
1	1	A3	3258
1	2	A3	3258
1	3	A3	3258
1	1	A3	3259
1	2	A3	3259
1	3	A3	3259
1	1	A3	3260
1	2	A3	3260
1	3	A3	3260
1	1	A3	3261
1	2	A3	3261
1	3	A3	3261
1	1	A3	3262
1	2	A3	3262
1	3	A3	3262
1	1	A3	3263
1	2	A3	3263
1	3	A3	3263
1	1	A3	3264
1	2	A3	3264
1	3	A3	3264
1	1	A3	3265
1	2	A3	3265
1	3	A3	3265
1	1	A3	3266
1	2	A3	3266
1	3	A3	3266
1	1	A3	3267
1	2	A3	3267
1	3	A3	3267
1	1	A3	3268
1	2	A3	3268
1	3	A3	3268
1	1	A3	3269
1	2	A3	3269
1	3	A3	3269
1	1	A3	3270
1	2	A3	3270
1	3	A3	3270
1	1	A3	3271
1	2	A3	3271
1	3	A3	3271
1	1	A3	3272
1	2	A3	3272
1	3	A3	3272
1	1	A3	3273
1	2	A3	3273
1	3	A3	3273
1	1	A3	3274
1	2	A3	3274
1	3	A3	3274
1	1	A3	3275
1	2	A3	3275
1	3	A3	3275
1	1	A3	3276
1	2	A3	3276
1	3	A3	3276
1	1	A3	3277
1	2	A3	3277
1	3	A3	3277
1	1	A3	3278
1	2	A3	3278
1	3	A3	3278
1	1	A3	3279
1	2	A3	3279
1	3	A3	3279
1	1	A3	3280
1	2	A3	3280
1	3	A3	3280
1	1	A3	3281
1	2	A3	3281
1	3	A3	3281
1	1	A3	3282
1	2	A3	3282
1	3	A3	3282
1	1	A3	3283
1	2	A3	3283
1	3	A3	3283
1	1	A3	3284
1	2	A3	3284
1	3	A3	3284
1	1	A3	3285
1	2	A3	3285
1	3	A3	3285
1	1	A3	3286
1	2	A3	3286
1	3	A3	3286
1	1	A3	3287
1	2	A3	3287
1	3	A3	3287
1	1	A3	3288
1	2	A3	3288
1	3	A3	3288
1	1	A3	3289
1	2	A3	3289
1	3	A3	3289
1	1	A3	3290
1	2	A3	3290
1	3	A3	3290
1	1	A3	3291
1	2	A3	3291
1	3	A3	3291
1	1	A3	3292
1	2	A3	3292
1	3	A3	3292
1	1	A3	3293
1	2	A3	3293
1	3	A3	3293
1	1	A3	3294
1	2	A3	3294
1	3	A3	3294
1	1	A3	3295
1	2	A3	3295
1	3	A3	3295
1	1	A3	3296
1	2	A3	3296
1	3	A3	3296
1	1	A3	3297
1	2	A3	3297
1	3	A3	3297
1	1	A3	3298
1	2	A3	3298
1	3	A3	3298
1	1	A3	3299
1	2	A3	3299
1	3	A3	3299
1	1	A3	3300
1	2	A3	3300
1	3	A3	3300
1	1	A3	3301
1	2	A3	3301
1	3	A3	3301
1	1	A3	3302
1	2	A3	3302
1	3	A3	3302
1	1	A3	3303
1	2	A3	3303
1	3	A3	3303
1	1	A3	3304
1	2	A3	3304
1	3	A3	3304
1	1	A3	3305
1	2	A3	3305
1	3	A3	3305
1	1	A3	3306
1	2	A3	3306
1	3	A3	3306
1	1	A3	3307
1	2	A3	3307
1	3	A3	3307
1	1	A3	3308
1	2	A3	3308
1	3	A3	3308
1	1	A3	3309
1	2	A3	3309
1	3	A3	3309
1	1	A3	3310
1	2	A3	3310
1	3	A3	3310
1	1	A3	3311
1	2	A3	3311
1	3	A3	3311
1	1	A3	3312
1	2	A3	3312
1	3	A3	3312
1	1	A3	3313
1	2	A3	3313
1	3	A3	3313
1	1	A3	3314
1	2	A3	3314
1	3	A3	3314
1	1	A3	3315
1	2	A3	3315
1	3	A3	3315
1	1	A3	3316
1	2	A3	3316
1	3	A3	3316
1	1	A3	3317
1	2	A3	3317
1	3	A3	3317
1	1	A3	3318
1	2	A3	3318
1	3	A3	3318
1	1	A3	3319
1	2	A3	3319
1	3	A3	3319
1	1	A3	3320
1	2	A3	3320
1	3	A3	3320
1	1	A3	3321
1	2	A3	3321
1	3	A3	3321
1	1	A3	3322
1	2	A3	3322
1	3	A3	3322
1	1	A3	3323
1	2	A3	3323
1	3	A3	3323
1	1	A3	3324
1	2	A3	3324
1	3	A3	3324
1	1	A3	3325
1	2	A3	3325
1	3	A3	3325
1	1	A3	3326
1	2	A3	3326
1	3	A3	3326
1	1	A3	3327
1	2	A3	3327
1	3	A3	3327
1	1	A3	3328
1	2	A3	3328
1	3	A3	3328
1	1	A3	3329
1	2	A3	3329
1	3	A3	3329
1	1	A3	3330
1	2	A3	3330
1	3	A3	3330
1	1	A3	3331
1	2	A3	3331
1	3	A3	3331
1	1	A3	3332
1	2	A3	3332
1	3	A3	3332
1	1	A3	3333
1	2	A3	3333
1	3	A3	3333
1	1	A3	3334
1	2	A3	3334
1	3	A3	3334
1	1	A3	3335
1	2	A3	3335
1	3	A3	3335
1	1	A3	3336
1	2	A3	3336
1	3	A3	3336
1	1	A3	3337
1	2	A3	3337
1	3	A3	3337
1	1	A3	3338
1	2	A3	3338
1	3	A3	3338
1	1	A3	3339
1	2	A3	3339
1	3	A3	3339
1	1	A3	3340
1	2	A3	3340
1	3	A3	3340
1	1	A3	3341
1	2	A3	3341
1	3	A3	3341
1	1	A3	3342
1	2	A3	3342
1	3	A3	3342
1	1	A3	3343
1	2	A3	3343
1	3	A3	3343
1	1	A3	3344
1	2	A3	3344
1	3	A3	3344
1	1	A3	3345
1	2	A3	3345
1	3	A3	3345
1	1	A3	3346
1	2	A3	3346
1	3	A3	3346
1	1	A3	3347
1	2	A3	3347
1	3	A3	3347
1	1	A3	3348
1	2	A3	3348
1	3	A3	3348
1	1	A3	3349
1	2	A3	3349
1	3	A3	3349
1	1	A3	3350
1	2	A3	3350
1	3	A3	3350
1	1	A3	3351
1	2	A3	3351
1	3	A3	3351
1	1	A3	3352
1	2	A3	3352
1	3	A3	3352
1	1	A3	3353
1	2	A3	3353
1	3	A3	3353
1	1	A3	3354
1	2	A3	3354
1	3	A3	3354
1	1	A3	3355
1	2	A3	3355
1	3	A3	3355
1	1	A3	3356
1	2	A3	3356
1	3	A3	3356
1	1	A3	3357
1	2	A3	3357
1	3	A3	3357
1	1	A3	3358
1	2	A3	3358
1	3	A3	3358
1	1	A3	3359
1	2	A3	3359
1	3	A3	3359
1	1	A3	3360
1	2	A3	3360
1	3	A3	3360
1	1	A3	3361
1	2	A3	3361
1	3	A3	3361
1	1	A3	3362
1	2	A3	3362
1	3	A3	3362
1	1	A3	3363
1	2	A3	3363
1	3	A3	3363
1	1	A3	3364
1	2	A3	3364
1	3	A3	3364
1	1	A3	3365
1	2	A3	3365
1	3	A3	3365
1	1	A3	3366
1	2	A3	3366
1	3	A3	3366
1	1	A3	3367
1	2	A3	3367
1	3	A3	3367
1	1	A3	3368
1	2	A3	3368
1	3	A3	3368
1	1	A3	3369
1	2	A3	3369
1	3	A3	3369
1	1	A3	3370
1	2	A3	3370
1	3	A3	3370
1	1	A3	3371
1	2	A3	3371
1	3	A3	3371
1	1	A3	3372
1	2	A3	3372
1	3	A3	3372
1	1	A3	3373
1	2	A3	3373
1	3	A3	3373
1	1	A3	3374
1	2	A3	3374
1	3	A3	3374
1	1	A3	3375
1	2	A3	3375
1	3	A3	3375
1	1	A3	3376
1	2	A3	3376
1	3	A3	3376
1	1	A3	3377
1	2	A3	3377
1	3	A3	3377
1	1	A3	3378
1	2	A3	3378
1	3	A3	3378
1	1	A3	3379
1	2	A3	3379
1	3	A3	3379
1	1	A3	3380
1	2	A3	3380
1	3	A3	3380
1	1	A3	3381
1	2	A3	3381
1	3	A3	3381
1	1	A3	3382
1	2	A3	3382
1	3	A3	3382
1	1	A3	3383
1	2	A3	3383
1	3	A3	3383
1	1	A3	3384
1	2	A3	3384
1	3	A3	3384
1	1	A3	3385
1	2	A3	3385
1	3	A3	3385
1	1	A3	3386
1	2	A3	3386
1	3	A3	3386
1	1	A3	3387
1	2	A3	3387
1	3	A3	3387
1	1	A3	3388
1	2	A3	3388
1	3	A3	3388
1	1	A3	3389
1	2	A3	3389
1	3	A3	3389
1	1	A3	3390
1	2	A3	3390
1	3	A3	3390
1	1	A3	3391
1	2	A3	3391
1	3	A3	3391
1	1	A3	3392
1	2	A3	3392
1	3	A3	3392
1	1	A3	3393
1	2	A3	3393
1	3	A3	3393
1	1	A3	3394
1	2	A3	3394
1	3	A3	3394
1	1	A3	3395
1	2	A3	3395
1	3	A3	3395
1	1	A3	3396
1	2	A3	3396
1	3	A3	3396
1	1	A3	3397
1	2	A3	3397
1	3	A3	3397
1	1	A3	3398
1	2	A3	3398
1	3	A3	3398
1	1	A3	3399
1	2	A3	3399
1	3	A3	3399
1	1	A3	3400
1	2	A3	3400
1	3	A3	3400
1	1	A3	3401
1	2	A3	3401
1	3	A3	3401
1	1	A3	3402
1	2	A3	3402
1	3	A3	3402
1	1	A3	3403
1	2	A3	3403
1	3	A3	3403
1	1	A3	3404
1	2	A3	3404
1	3	A3	3404
1	1	A3	3405
1	2	A3	3405
1	3	A3	3405
1	1	A3	3406
1	2	A3	3406
1	3	A3	3406
1	1	A3	3407
1	2	A3	3407
1	3	A3	3407
1	1	A3	3408
1	2	A3	3408
1	3	A3	3408
1	1	A3	3409
1	2	A3	3409
1	3	A3	3409
1	1	A3	3410
1	2	A3	3410
1	3	A3	3410
1	1	A3	3411
1	2	A3	3411
1	3	A3	3411
1	1	A3	3412
1	2	A3	3412
1	3	A3	3412
1	1	A3	3413
1	2	A3	3413
1	3	A3	3413
1	1	A3	3414
1	2	A3	3414
1	3	A3	3414
1	1	A3	3415
1	2	A3	3415
1	3	A3	3415
1	1	A3	3416
1	2	A3	3416
1	3	A3	3416
1	1	A3	3417
1	2	A3	3417
1	3	A3	3417
1	1	A3	3418
1	2	A3	3418
1	3	A3	3418
1	1	A3	3419
1	2	A3	3419
1	3	A3	3419
1	1	A3	3420
1	2	A3	3420
1	3	A3	3420
1	1	A3	3421
1	2	A3	3421
1	3	A3	3421
1	1	A3	3422
1	2	A3	3422
1	3	A3	3422
1	1	A3	3423
1	2	A3	3423
1	3	A3	3423
1	1	A3	3424
1	2	A3	3424
1	3	A3	3424
1	1	A3	3425
1	2	A3	3425
1	3	A3	3425
1	1	A3	3426
1	2	A3	3426
1	3	A3	3426
1	1	A3	3427
1	2	A3	3427
1	3	A3	3427
1	1	A3	3428
1	2	A3	3428
1	3	A3	3428
1	1	A3	3429
1	2	A3	3429
1	3	A3	3429
1	1	A3	3430
1	2	A3	3430
1	3	A3	3430
1	1	A3	3431
1	2	A3	3431
1	3	A3	3431
1	1	A3	3432
1	2	A3	3432
1	3	A3	3432
1	1	A3	3433
1	2	A3	3433
1	3	A3	3433
1	1	A3	3434
1	2	A3	3434
1	3	A3	3434
1	1	A3	3435
1	2	A3	3435
1	3	A3	3435
1	1	A3	3436
1	2	A3	3436
1	3	A3	3436
1	1	A3	3437
1	2	A3	3437
1	3	A3	3437
1	1	A3	3438
1	2	A3	3438
1	3	A3	3438
1	1	A3	3439
1	2	A3	3439
1	3	A3	3439
1	1	A3	3440
1	2	A3	3440
1	3	A3	3440
1	1	A3	3441
1	2	A3	3441
1	3	A3	3441
1	1	A3	3442
1	2	A3	3442
1	3	A3	3442
1	1	A3	3443
1	2	A3	3443
1	3	A3	3443
1	1	A3	3444
1	2	A3	3444
1	3	A3	3444
1	1	A3	3445
1	2	A3	3445
1	3	A3	3445
1	1	A3	3446
1	2	A3	3446
1	3	A3	3446
1	1	A3	3447
1	2	A3	3447
1	3	A3	3447
1	1	A3	3448
1	2	A3	3448
1	3	A3	3448
1	1	A3	3449
1	2	A3	3449
1	3	A3	3449
1	1	A3	3450
1	2	A3	3450
1	3	A3	3450
1	1	A3	3451
1	2	A3	3451
1	3	A3	3451
1	1	A3	3452
1	2	A3	3452
1	3	A3	3452
1	1	A3	3453
1	2	A3	3453
1	3	A3	3453
1	1	A3	3454
1	2	A3	3454
1	3	A3	3454
1	1	A3	3455
1	2	A3	3455
1	3	A3	3455
1	1	A3	3456
1	2	A3	3456
1	3	A3	3456
1	1	A3	3457
1	2	A3	3457
1	3	A3	3457
1	1	A3	3458
1	2	A3	3458
1	3	A3	3458
1	1	A3	3459
1	2	A3	3459
1	3	A3	3459
1	1	A3	3460
1	2	A3	3460
1	3	A3	3460
1	1	A3	3461
1	2	A3	3461
1	3	A3	3461
1	1	A3	3462
1	2	A3	3462
1	3	A3	3462
1	1	A3	3463
1	2	A3	3463
1	3	A3	3463
1	1	A3	3464
1	2	A3	3464
1	3	A3	3464
1	1	A3	3465
1	2	A3	3465
1	3	A3	3465
1	1	A3	3466
1	2	A3	3466
1	3	A3	3466
1	1	A3	3467
1	2	A3	3467
1	3	A3	3467
1	1	A3	3468
1	2	A3	3468
1	3	A3	3468
1	1	A3	3469
1	2	A3	3469
1	3	A3	3469
1	1	A3	3470
1	2	A3	3470
1	3	A3	3470
1	1	A3	3471
1	2	A3	3471
1	3	A3	3471
1	1	A3	3472
1	2	A3	3472
1	3	A3	3472
1	1	A3	3473
1	2	A3	3473
1	3	A3	3473
1	1	A3	3474
1	2	A3	3474
1	3	A3	3474
1	1	A3	3475
1	2	A3	3475
1	3	A3	3475
1	1	A3	3476
1	2	A3	3476
1	3	A3	3476
1	1	A3	3477
1	2	A3	3477
1	3	A3	3477
1	1	A3	3478
1	2	A3	3478
1	3	A3	3478
1	1	A3	3479
1	2	A3	3479
1	3	A3	3479
1	1	A3	3480
1	2	A3	3480
1	3	A3	3480
1	1	A3	3481
1	2	A3	3481
1	3	A3	3481
1	1	A3	3482
1	2	A3	3482
1	3	A3	3482
1	1	A3	3483
1	2	A3	3483
1	3	A3	3483
1	1	A3	3484
1	2	A3	3484
1	3	A3	3484
1	1	A3	3485
1	2	A3	3485
1	3	A3	3485
1	1	A3	3486
1	2	A3	3486
1	3	A3	3486
1	1	A3	3487
1	2	A3	3487
1	3	A3	3487
1	1	A3	3488
1	2	A3	3488
1	3	A3	3488
1	1	A3	3489
1	2	A3	3489
1	3	A3	3489
1	1	A3	3490
1	2	A3	3490
1	3	A3	3490
1	1	A3	3491
1	2	A3	3491
1	3	A3	3491
1	1	A3	3492
1	2	A3	3492
1	3	A3	3492
1	1	A3	3493
1	2	A3	3493
1	3	A3	3493
1	1	A3	3494
1	2	A3	3494
1	3	A3	3494
1	1	A3	3495
1	2	A3	3495
1	3	A3	3495
1	1	A3	3496
1	2	A3	3496
1	3	A3	3496
1	1	A3	3497
1	2	A3	3497
1	3	A3	3497
1	1	A3	3498
1	2	A3	3498
1	3	A3	3498
1	1	A3	3499
1	2	A3	3499
1	3	A3	3499
1	1	A3	3500
1	2	A3	3500
1	3	A3	3500
1	1	A3	3501
1	2	A3	3501
1	3	A3	3501
1	1	A3	3502
1	2	A3	3502
1	3	A3	3502
1	1	A3	3503
1	2	A3	3503
1	3	A3	3503
1	1	A3	3504
1	2	A3	3504
1	3	A3	3504
1	1	A3	3505
1	2	A3	3505
1	3	A3	3505
1	1	A3	3506
1	2	A3	3506
1	3	A3	3506
1	1	A3	3507
1	2	A3	3507
1	3	A3	3507
1	1	A3	3508
1	2	A3	3508
1	3	A3	3508
1	1	A3	3509
1	2	A3	3509
1	3	A3	3509
1	1	A3	3510
1	2	A3	3510
1	3	A3	3510
1	1	A3	3511
1	2	A3	3511
1	3	A3	3511
1	1	A3	3512
1	2	A3	3512
1	3	A3	3512
1	1	A3	3513
1	2	A3	3513
1	3	A3	3513
1	1	A3	3514
1	2	A3	3514
1	3	A3	3514
1	1	A3	3515
1	2	A3	3515
1	3	A3	3515
1	1	A3	3516
1	2	A3	3516
1	3	A3	3516
1	1	A3	3517
1	2	A3	3517
1	3	A3	3517
1	1	A3	3518
1	2	A3	3518
1	3	A3	3518
1	1	A3	3519
1	2	A3	3519
1	3	A3	3519
1	1	A3	3520
1	2	A3	3520
1	3	A3	3520
1	1	A3	3521
1	2	A3	3521
1	3	A3	3521
1	1	A3	3522
1	2	A3	3522
1	3	A3	3522
1	1	A3	3523
1	2	A3	3523
1	3	A3	3523
1	1	A3	3524
1	2	A3	3524
1	3	A3	3524
1	1	A3	3525
1	2	A3	3525
1	3	A3	3525
1	1	A3	3526
1	2	A3	3526
1	3	A3	3526
1	1	A3	3527
1	2	A3	3527
1	3	A3	3527
1	1	A3	3528
1	2	A3	3528
1	3	A3	3528
1	1	A3	3529
1	2	A3	3529
1	3	A3	3529
1	1	A3	3530
1	2	A3	3530
1	3	A3	3530
1	1	A3	3531
1	2	A3	3531
1	3	A3	3531
1	1	A3	3532
1	2	A3	3532
1	3	A3	3532
1	1	A3	3533
1	2	A3	3533
1	3	A3	3533
1	1	A3	3534
1	2	A3	3534
1	3	A3	3534
1	1	A3	3535
1	2	A3	3535
1	3	A3	3535
1	1	A3	3536
1	2	A3	3536
1	3	A3	3536
1	1	A3	3537
1	2	A3	3537
1	3	A3	3537
1	1	A3	3538
1	2	A3	3538
1	3	A3	3538
1	1	A3	3539
1	2	A3	3539
1	3	A3	3539
1	1	A3	3540
1	2	A3	3540
1	3	A3	3540
1	1	A3	3541
1	2	A3	3541
1	3	A3	3541
1	1	A3	3542
1	2	A3	3542
1	3	A3	3542
1	1	A3	3543
1	2	A3	3543
1	3	A3	3543
1	1	A3	3544
1	2	A3	3544
1	3	A3	3544
1	1	A3	3545
1	2	A3	3545
1	3	A3	3545
1	1	A3	3546
1	2	A3	3546
1	3	A3	3546
1	1	A3	3547
1	2	A3	3547
1	3	A3	3547
1	1	A3	3548
1	2	A3	3548
1	3	A3	3548
1	1	A3	3549
1	2	A3	3549
1	3	A3	3549
1	1	A3	3550
1	2	A3	3550
1	3	A3	3550
1	1	A3	3551
1	2	A3	3551
1	3	A3	3551
1	1	A3	3552
1	2	A3	3552
1	3	A3	3552
1	1	A3	3553
1	2	A3	3553
1	3	A3	3553
1	1	A3	3554
1	2	A3	3554
1	3	A3	3554
1	1	A3	3555
1	2	A3	3555
1	3	A3	3555
1	1	A3	3556
1	2	A3	3556
1	3	A3	3556
1	1	A3	3557
1	2	A3	3557
1	3	A3	3557
1	1	A3	3558
1	2	A3	3558
1	3	A3	3558
1	1	A3	3559
1	2	A3	3559
1	3	A3	3559
1	1	A3	3560
1	2	A3	3560
1	3	A3	3560
1	1	A3	3561
1	2	A3	3561
1	3	A3	3561
1	1	A3	3562
1	2	A3	3562
1	3	A3	3562
1	1	A3	3563
1	2	A3	3563
1	3	A3	3563
1	1	A3	3564
1	2	A3	3564
1	3	A3	3564
1	1	A3	3565
1	2	A3	3565
1	3	A3	3565
1	1	A3	3566
1	2	A3	3566
1	3	A3	3566
1	1	A3	3567
1	2	A3	3567
1	3	A3	3567
1	1	A3	3568
1	2	A3	3568
1	3	A3	3568
1	1	A3	3569
1	2	A3	3569
1	3	A3	3569
1	1	A3	3570
1	2	A3	3570
1	3	A3	3570
1	1	A3	3571
1	2	A3	3571
1	3	A3	3571
1	1	A3	3572
1	2	A3	3572
1	3	A3	3572
1	1	A3	3573
1	2	A3	3573
1	3	A3	3573
1	1	A3	3574
1	2	A3	3574
1	3	A3	3574
1	1	A3	3575
1	2	A3	3575
1	3	A3	3575
1	1	A3	3576
1	2	A3	3576
1	3	A3	3576
1	1	A3	3577
1	2	A3	3577
1	3	A3	3577
1	1	A3	3578
1	2	A3	3578
1	3	A3	3578
1	1	A3	3579
1	2	A3	3579
1	3	A3	3579
1	1	A3	3580
1	2	A3	3580
1	3	A3	3580
1	1	A3	3581
1	2	A3	3581
1	3	A3	3581
1	1	A3	3582
1	2	A3	3582
1	3	A3	3582
1	1	A3	3583
1	2	A3	3583
1	3	A3	3583
1	1	A3	3584
1	2	A3	3584
1	3	A3	3584
1	1	A3	3585
1	2	A3	3585
1	3	A3	3585
1	1	A3	3586
1	2	A3	3586
1	3	A3	3586
1	1	A3	3587
1	2	A3	3587
1	3	A3	3587
1	1	A3	3588
1	2	A3	3588
1	3	A3	3588
1	1	A3	3589
1	2	A3	3589
1	3	A3	3589
1	1	A3	3590
1	2	A3	3590
1	3	A3	3590
1	1	A3	3591
1	2	A3	3591
1	3	A3	3591
1	1	A3	3592
1	2	A3	3592
1	3	A3	3592
1	1	A3	3593
1	2	A3	3593
1	3	A3	3593
1	1	A3	3594
1	2	A3	3594
1	3	A3	3594
1	1	A3	3595
1	2	A3	3595
1	3	A3	3595
1	1	A3	3596
1	2	A3	3596
1	3	A3	3596
1	1	A3	3597
1	2	A3	3597
1	3	A3	3597
1	1	A3	3598
1	2	A3	3598
1	3	A3	3598
1	1	A3	3599
1	2	A3	3599
1	3	A3	3599
1	1	A3	3600
1	2	A3	3600
1	3	A3	3600
1	1	A3	3601
1	2	A3	3601
1	3	A3	3601
1	1	A3	3602
1	2	A3	3602
1	3	A3	3602
1	1	A3	3603
1	2	A3	3603
1	3	A3	3603
1	1	A3	3604
1	2	A3	3604
1	3	A3	3604
1	1	A3	3605
1	2	A3	3605
1	3	A3	3605
1	1	A3	3606
1	2	A3	3606
1	3	A3	3606
1	1	A3	3607
1	2	A3	3607
1	3	A3	3607
1	1	A3	3608
1	2	A3	3608
1	3	A3	3608
1	1	A3	3609
1	2	A3	3609
1	3	A3	3609
1	1	A3	3610
1	2	A3	3610
1	3	A3	3610
1	1	A3	3611
1	2	A3	3611
1	3	A3	3611
1	1	A3	3612
1	2	A3	3612
1	3	A3	3612
1	1	A3	3613
1	2	A3	3613
1	3	A3	3613
1	1	A3	3614
1	2	A3	3614
1	3	A3	3614
1	1	A3	3615
1	2	A3	3615
1	3	A3	3615
1	1	A3	3616
1	2	A3	3616
1	3	A3	3616
1	1	A3	3617
1	2	A3	3617
1	3	A3	3617
1	1	A3	3618
1	2	A3	3618
1	3	A3	3618
1	1	A3	3619
1	2	A3	3619
1	3	A3	3619
1	1	A3	3620
1	2	A3	3620
1	3	A3	3620
1	1	A3	3621
1	2	A3	3621
1	3	A3	3621
1	1	A3	3622
1	2	A3	3622
1	3	A3	3622
1	1	A3	3623
1	2	A3	3623
1	3	A3	3623
1	1	A3	3624
1	2	A3	3624
1	3	A3	3624
1	1	A3	3625
1	2	A3	3625
1	3	A3	3625
1	1	A3	3626
1	2	A3	3626
1	3	A3	3626
1	1	A3	3627
1	2	A3	3627
1	3	A3	3627
1	1	A3	3628
1	2	A3	3628
1	3	A3	3628
1	1	A3	3629
1	2	A3	3629
1	3	A3	3629
1	1	A3	3630
1	2	A3	3630
1	3	A3	3630
1	1	A3	3631
1	2	A3	3631
1	3	A3	3631
1	1	A3	3632
1	2	A3	3632
1	3	A3	3632
1	1	A3	3633
1	2	A3	3633
1	3	A3	3633
1	1	A3	3634
1	2	A3	3634
1	3	A3	3634
1	1	A3	3635
1	2	A3	3635
1	3	A3	3635
1	1	A3	3636
1	2	A3	3636
1	3	A3	3636
1	1	A3	3637
1	2	A3	3637
1	3	A3	3637
1	1	A3	3638
1	2	A3	3638
1	3	A3	3638
1	1	A3	3639
1	2	A3	3639
1	3	A3	3639
1	1	A3	3640
1	2	A3	3640
1	3	A3	3640
1	1	A3	3641
1	2	A3	3641
1	3	A3	3641
1	1	A3	3642
1	2	A3	3642
1	3	A3	3642
1	1	A3	3643
1	2	A3	3643
1	3	A3	3643
1	1	A3	3644
1	2	A3	3644
1	3	A3	3644
1	1	A3	3645
1	2	A3	3645
1	3	A3	3645
1	1	A3	3646
1	2	A3	3646
1	3	A3	3646
1	1	A3	3647
1	2	A3	3647
1	3	A3	3647
1	1	A3	3648
1	2	A3	3648
1	3	A3	3648
1	1	A3	3649
1	2	A3	3649
1	3	A3	3649
1	1	A3	3650
1	2	A3	3650
1	3	A3	3650
1	1	A3	3651
1	2	A3	3651
1	3	A3	3651
1	1	A3	3652
1	2	A3	3652
1	3	A3	3652
1	1	A3	3653
1	2	A3	3653
1	3	A3	3653
1	1	A3	3654
1	2	A3	3654
1	3	A3	3654
1	1	A3	3655
1	2	A3	3655
1	3	A3	3655
1	1	A3	3656
1	2	A3	3656
1	3	A3	3656
1	1	A3	3657
1	2	A3	3657
1	3	A3	3657
1	1	A3	3658
1	2	A3	3658
1	3	A3	3658
1	1	A3	3659
1	2	A3	3659
1	3	A3	3659
1	1	A3	3660
1	2	A3	3660
1	3	A3	3660
1	1	A3	3661
1	2	A3	3661
1	3	A3	3661
1	1	A3	3662
1	2	A3	3662
1	3	A3	3662
1	1	A3	3663
1	2	A3	3663
1	3	A3	3663
1	1	A3	3664
1	2	A3	3664
1	3	A3	3664
1	1	A3	3665
1	2	A3	3665
1	3	A3	3665
1	1	A3	3666
1	2	A3	3666
1	3	A3	3666
1	1	A3	3667
1	2	A3	3667
1	3	A3	3667
1	1	A3	3668
1	2	A3	3668
1	3	A3	3668
1	1	A3	3669
1	2	A3	3669
1	3	A3	3669
1	1	A3	3670
1	2	A3	3670
1	3	A3	3670
1	1	A3	3671
1	2	A3	3671
1	3	A3	3671
1	1	A3	3672
1	2	A3	3672
1	3	A3	3672
1	1	A3	3673
1	2	A3	3673
1	3	A3	3673
1	1	A3	3674
1	2	A3	3674
1	3	A3	3674
1	1	A3	3675
1	2	A3	3675
1	3	A3	3675
1	1	A3	3676
1	2	A3	3676
1	3	A3	3676
1	1	A3	3677
1	2	A3	3677
1	3	A3	3677
1	1	A3	3678
1	2	A3	3678
1	3	A3	3678
1	1	A3	3679
1	2	A3	3679
1	3	A3	3679
1	1	A3	3680
1	2	A3	3680
1	3	A3	3680
1	1	A3	3681
1	2	A3	3681
1	3	A3	3681
1	1	A3	3682
1	2	A3	3682
1	3	A3	3682
1	1	A3	3683
1	2	A3	3683
1	3	A3	3683
1	1	A3	3684
1	2	A3	3684
1	3	A3	3684
1	1	A3	3685
1	2	A3	3685
1	3	A3	3685
1	1	A3	3686
1	2	A3	3686
1	3	A3	3686
1	1	A3	3687
1	2	A3	3687
1	3	A3	3687
1	1	A3	3688
1	2	A3	3688
1	3	A3	3688
1	1	A3	3689
1	2	A3	3689
1	3	A3	3689
1	1	A3	3690
1	2	A3	3690
1	3	A3	3690
1	1	A3	3691
1	2	A3	3691
1	3	A3	3691
1	1	A3	3692
1	2	A3	3692
1	3	A3	3692
1	1	A3	3693
1	2	A3	3693
1	3	A3	3693
1	1	A3	3694
1	2	A3	3694
1	3	A3	3694
1	1	A3	3695
1	2	A3	3695
1	3	A3	3695
1	1	A3	3696
1	2	A3	3696
1	3	A3	3696
1	1	A3	3697
1	2	A3	3697
1	3	A3	3697
1	1	A3	3698
1	2	A3	3698
1	3	A3	3698
1	1	A3	3699
1	2	A3	3699
1	3	A3	3699
1	1	A3	3700
1	2	A3	3700
1	3	A3	3700
1	1	A3	3701
1	2	A3	3701
1	3	A3	3701
1	1	A3	3702
1	2	A3	3702
1	3	A3	3702
1	1	A3	3703
1	2	A3	3703
1	3	A3	3703
1	1	A3	3704
1	2	A3	3704
1	3	A3	3704
1	1	A3	3705
1	2	A3	3705
1	3	A3	3705
1	1	A3	3706
1	2	A3	3706
1	3	A3	3706
1	1	A3	3707
1	2	A3	3707
1	3	A3	3707
1	1	A3	3708
1	2	A3	3708
1	3	A3	3708
1	1	A3	3709
1	2	A3	3709
1	3	A3	3709
1	1	A3	3710
1	2	A3	3710
1	3	A3	3710
1	1	A3	3711
1	2	A3	3711
1	3	A3	3711
1	1	A3	3712
1	2	A3	3712
1	3	A3	3712
1	1	A3	3713
1	2	A3	3713
1	3	A3	3713
1	1	A3	3714
1	2	A3	3714
1	3	A3	3714
1	1	A3	3715
1	2	A3	3715
1	3	A3	3715
1	1	A3	3716
1	2	A3	3716
1	3	A3	3716
1	1	A3	3717
1	2	A3	3717
1	3	A3	3717
1	1	A3	3718
1	2	A3	3718
1	3	A3	3718
1	1	A3	3719
1	2	A3	3719
1	3	A3	3719
1	1	A3	3720
1	2	A3	3720
1	3	A3	3720
1	1	A3	3721
1	2	A3	3721
1	3	A3	3721
1	1	A3	3722
1	2	A3	3722
1	3	A3	3722
1	1	A3	3723
1	2	A3	3723
1	3	A3	3723
1	1	A3	3724
1	2	A3	3724
1	3	A3	3724
1	1	A3	3725
1	2	A3	3725
1	3	A3	3725
1	1	A3	3726
1	2	A3	3726
1	3	A3	3726
1	1	A3	3727
1	2	A3	3727
1	3	A3	3727
1	1	A3	3728
1	2	A3	3728
1	3	A3	3728
1	1	A3	3729
1	2	A3	3729
1	3	A3	3729
1	1	A3	3730
1	2	A3	3730
1	3	A3	3730
1	1	A3	3731
1	2	A3	3731
1	3	A3	3731
1	1	A3	3732
1	2	A3	3732
1	3	A3	3732
1	1	A3	3733
1	2	A3	3733
1	3	A3	3733
1	1	A3	3734
1	2	A3	3734
1	3	A3	3734
1	1	A3	3735
1	2	A3	3735
1	3	A3	3735
1	1	A3	3736
1	2	A3	3736
1	3	A3	3736
1	1	A3	3737
1	2	A3	3737
1	3	A3	3737
1	1	A3	3738
1	2	A3	3738
1	3	A3	3738
1	1	A3	3739
1	2	A3	3739
1	3	A3	3739
1	1	A3	3740
1	2	A3	3740
1	3	A3	3740
1	1	A3	3741
1	2	A3	3741
1	3	A3	3741
1	1	A3	3742
1	2	A3	3742
1	3	A3	3742
1	1	A3	3743
1	2	A3	3743
1	3	A3	3743
1	1	A3	3744
1	2	A3	3744
1	3	A3	3744
1	1	A3	3745
1	2	A3	3745
1	3	A3	3745
1	1	A3	3746
1	2	A3	3746
1	3	A3	3746
1	1	A3	3747
1	2	A3	3747
1	3	A3	3747
1	1	A3	3748
1	2	A3	3748
1	3	A3	3748
1	1	A3	3749
1	2	A3	3749
1	3	A3	3749
1	1	A3	3750
1	2	A3	3750
1	3	A3	3750
1	1	A3	3751
1	2	A3	3751
1	3	A3	3751
1	1	A3	3752
1	2	A3	3752
1	3	A3	3752
1	1	A3	3753
1	2	A3	3753
1	3	A3	3753
1	1	A3	3754
1	2	A3	3754
1	3	A3	3754
1	1	A3	3755
1	2	A3	3755
1	3	A3	3755
1	1	A3	3756
1	2	A3	3756
1	3	A3	3756
1	1	A3	3757
1	2	A3	3757
1	3	A3	3757
1	1	A3	3758
1	2	A3	3758
1	3	A3	3758
1	1	A3	3759
1	2	A3	3759
1	3	A3	3759
1	1	A3	3760
1	2	A3	3760
1	3	A3	3760
1	1	A3	3761
1	2	A3	3761
1	3	A3	3761
1	1	A3	3762
1	2	A3	3762
1	3	A3	3762
1	1	A3	3763
1	2	A3	3763
1	3	A3	3763
1	1	A3	3764
1	2	A3	3764
1	3	A3	3764
1	1	A3	3765
1	2	A3	3765
1	3	A3	3765
1	1	A3	3766
1	2	A3	3766
1	3	A3	3766
1	1	A3	3767
1	2	A3	3767
1	3	A3	3767
1	1	A3	3768
1	2	A3	3768
1	3	A3	3768
1	1	A3	3769
1	2	A3	3769
1	3	A3	3769
1	1	A3	3770
1	2	A3	3770
1	3	A3	3770
1	1	A3	3771
1	2	A3	3771
1	3	A3	3771
1	1	A3	3772
1	2	A3	3772
1	3	A3	3772
1	1	A3	3773
1	2	A3	3773
1	3	A3	3773
1	1	A3	3774
1	2	A3	3774
1	3	A3	3774
1	1	A3	3775
1	2	A3	3775
1	3	A3	3775
1	1	A3	3776
1	2	A3	3776
1	3	A3	3776
1	1	A3	3777
1	2	A3	3777
1	3	A3	3777
1	1	A3	3778
1	2	A3	3778
1	3	A3	3778
1	1	A3	3779
1	2	A3	3779
1	3	A3	3779
1	1	A3	3780
1	2	A3	3780
1	3	A3	3780
1	1	A3	3781
1	2	A3	3781
1	3	A3	3781
1	1	A3	3782
1	2	A3	3782
1	3	A3	3782
1	1	A3	3783
1	2	A3	3783
1	3	A3	3783
1	1	A3	3784
1	2	A3	3784
1	3	A3	3784
1	1	A3	3785
1	2	A3	3785
1	3	A3	3785
1	1	A3	3786
1	2	A3	3786
1	3	A3	3786
1	1	A3	3787
1	2	A3	3787
1	3	A3	3787
1	1	A3	3788
1	2	A3	3788
1	3	A3	3788
1	1	A3	3789
1	2	A3	3789
1	3	A3	3789
1	1	A3	3790
1	2	A3	3790
1	3	A3	3790
1	1	A3	3791
1	2	A3	3791
1	3	A3	3791
1	1	A3	3792
1	2	A3	3792
1	3	A3	3792
1	1	A3	3793
1	2	A3	3793
1	3	A3	3793
1	1	A3	3794
1	2	A3	3794
1	3	A3	3794
1	1	A3	3795
1	2	A3	3795
1	3	A3	3795
1	1	A3	3796
1	2	A3	3796
1	3	A3	3796
1	1	A3	3797
1	2	A3	3797
1	3	A3	3797
1	1	A3	3798
1	2	A3	3798
1	3	A3	3798
1	1	A3	3799
1	2	A3	3799
1	3	A3	3799
1	1	A3	3800
1	2	A3	3800
1	3	A3	3800
1	1	A3	3801
1	2	A3	3801
1	3	A3	3801
1	1	A3	3802
1	2	A3	3802
1	3	A3	3802
1	1	A3	3803
1	2	A3	3803
1	3	A3	3803
1	1	A3	3804
1	2	A3	3804
1	3	A3	3804
1	1	A3	3805
1	2	A3	3805
1	3	A3	3805
1	1	A3	3806
1	2	A3	3806
1	3	A3	3806
1	1	A3	3807
1	2	A3	3807
1	3	A3	3807
1	1	A3	3808
1	2	A3	3808
1	3	A3	3808
1	1	A3	3809
1	2	A3	3809
1	3	A3	3809
1	1	A3	3810
1	2	A3	3810
1	3	A3	3810
1	1	A3	3811
1	2	A3	3811
1	3	A3	3811
1	1	A3	3812
1	2	A3	3812
1	3	A3	3812
1	1	A3	3813
1	2	A3	3813
1	3	A3	3813
1	1	A3	3814
1	2	A3	3814
1	3	A3	3814
1	1	A3	3815
1	2	A3	3815
1	3	A3	3815
1	1	A3	3816
1	2	A3	3816
1	3	A3	3816
1	1	A3	3817
1	2	A3	3817
1	3	A3	3817
1	1	A3	3818
1	2	A3	3818
1	3	A3	3818
1	1	A3	3819
1	2	A3	3819
1	3	A3	3819
1	1	A3	3820
1	2	A3	3820
1	3	A3	3820
1	1	A3	3821
1	2	A3	3821
1	3	A3	3821
1	1	A3	3822
1	2	A3	3822
1	3	A3	3822
1	1	A3	3823
1	2	A3	3823
1	3	A3	3823
1	1	A3	3824
1	2	A3	3824
1	3	A3	3824
1	1	A3	3825
1	2	A3	3825
1	3	A3	3825
1	1	A3	3826
1	2	A3	3826
1	3	A3	3826
1	1	A3	3827
1	2	A3	3827
1	3	A3	3827
1	1	A3	3828
1	2	A3	3828
1	3	A3	3828
1	1	A3	3829
1	2	A3	3829
1	3	A3	3829
1	1	A3	3830
1	2	A3	3830
1	3	A3	3830
1	1	A3	3831
1	2	A3	3831
1	3	A3	3831
1	1	A3	3832
1	2	A3	3832
1	3	A3	3832
1	1	A3	3833
1	2	A3	3833
1	3	A3	3833
1	1	A3	3834
1	2	A3	3834
1	3	A3	3834
1	1	A3	3835
1	2	A3	3835
1	3	A3	3835
1	1	A3	3836
1	2	A3	3836
1	3	A3	3836
1	1	A3	3837
1	2	A3	3837
1	3	A3	3837
1	1	A3	3838
1	2	A3	3838
1	3	A3	3838
1	1	A3	3839
1	2	A3	3839
1	3	A3	3839
1	1	A3	3840
1	2	A3	3840
1	3	A3	3840
1	1	A3	3841
1	2	A3	3841
1	3	A3	3841
1	1	A3	3842
1	2	A3	3842
1	3	A3	3842
1	1	A3	3843
1	2	A3	3843
1	3	A3	3843
1	1	A3	3844
1	2	A3	3844
1	3	A3	3844
1	1	A3	3845
1	2	A3	3845
1	3	A3	3845
1	1	A3	3846
1	2	A3	3846
1	3	A3	3846
1	1	A3	3847
1	2	A3	3847
1	3	A3	3847
1	1	A3	3848
1	2	A3	3848
1	3	A3	3848
1	1	A3	3849
1	2	A3	3849
1	3	A3	3849
1	1	A3	3850
1	2	A3	3850
1	3	A3	3850
1	1	A3	3851
1	2	A3	3851
1	3	A3	3851
1	1	A3	3852
1	2	A3	3852
1	3	A3	3852
1	1	A3	3853
1	2	A3	3853
1	3	A3	3853
1	1	A3	3854
1	2	A3	3854
1	3	A3	3854
1	1	A3	3855
1	2	A3	3855
1	3	A3	3855
1	1	A3	3856
1	2	A3	3856
1	3	A3	3856
1	1	A3	3857
1	2	A3	3857
1	3	A3	3857
1	1	A3	3858
1	2	A3	3858
1	3	A3	3858
1	1	A3	3859
1	2	A3	3859
1	3	A3	3859
1	1	A3	3860
1	2	A3	3860
1	3	A3	3860
1	1	A3	3861
1	2	A3	3861
1	3	A3	3861
1	1	A3	3862
1	2	A3	3862
1	3	A3	3862
1	1	A3	3863
1	2	A3	3863
1	3	A3	3863
1	1	A3	3864
1	2	A3	3864
1	3	A3	3864
1	1	A3	3865
1	2	A3	3865
1	3	A3	3865
1	1	A3	3866
1	2	A3	3866
1	3	A3	3866
1	1	A3	3867
1	2	A3	3867
1	3	A3	3867
1	1	A3	3868
1	2	A3	3868
1	3	A3	3868
1	1	A3	3869
1	2	A3	3869
1	3	A3	3869
1	1	A3	3870
1	2	A3	3870
1	3	A3	3870
1	1	A3	3871
1	2	A3	3871
1	3	A3	3871
1	1	A3	3872
1	2	A3	3872
1	3	A3	3872
1	1	A3	3873
1	2	A3	3873
1	3	A3	3873
1	1	A3	3874
1	2	A3	3874
1	3	A3	3874
1	1	A3	3875
1	2	A3	3875
1	3	A3	3875
1	1	A3	3876
1	2	A3	3876
1	3	A3	3876
1	1	A3	3877
1	2	A3	3877
1	3	A3	3877
1	1	A3	3878
1	2	A3	3878
1	3	A3	3878
1	1	A3	3879
1	2	A3	3879
1	3	A3	3879
1	1	A3	3880
1	2	A3	3880
1	3	A3	3880
1	1	A3	3881
1	2	A3	3881
1	3	A3	3881
1	1	A3	3882
1	2	A3	3882
1	3	A3	3882
1	1	A3	3883
1	2	A3	3883
1	3	A3	3883
1	1	A3	3884
1	2	A3	3884
1	3	A3	3884
1	1	A3	3885
1	2	A3	3885
1	3	A3	3885
1	1	A3	3886
1	2	A3	3886
1	3	A3	3886
1	1	A3	3887
1	2	A3	3887
1	3	A3	3887
1	1	A3	3888
1	2	A3	3888
1	3	A3	3888
1	1	A3	3889
1	2	A3	3889
1	3	A3	3889
1	1	A3	3890
1	2	A3	3890
1	3	A3	3890
1	1	A3	3891
1	2	A3	3891
1	3	A3	3891
1	1	A3	3892
1	2	A3	3892
1	3	A3	3892
1	1	A3	3893
1	2	A3	3893
1	3	A3	3893
1	1	A3	3894
1	2	A3	3894
1	3	A3	3894
1	1	A3	3895
1	2	A3	3895
1	3	A3	3895
1	1	A3	3896
1	2	A3	3896
1	3	A3	3896
1	1	A3	3897
1	2	A3	3897
1	3	A3	3897
1	1	A3	3898
1	2	A3	3898
1	3	A3	3898
1	1	A3	3899
1	2	A3	3899
1	3	A3	3899
1	1	A3	3900
1	2	A3	3900
1	3	A3	3900
1	1	A3	3901
1	2	A3	3901
1	3	A3	3901
1	1	A3	3902
1	2	A3	3902
1	3	A3	3902
1	1	A3	3903
1	2	A3	3903
1	3	A3	3903
1	1	A3	3904
1	2	A3	3904
1	3	A3	3904
1	1	A3	3905
1	2	A3	3905
1	3	A3	3905
1	1	A3	3906
1	2	A3	3906
1	3	A3	3906
1	1	A3	3907
1	2	A3	3907
1	3	A3	3907
1	1	A3	3908
1	2	A3	3908
1	3	A3	3908
1	1	A3	3909
1	2	A3	3909
1	3	A3	3909
1	1	A3	3910
1	2	A3	3910
1	3	A3	3910
1	1	A3	3911
1	2	A3	3911
1	3	A3	3911
1	1	A3	3912
1	2	A3	3912
1	3	A3	3912
1	1	A3	3913
1	2	A3	3913
1	3	A3	3913
1	1	A3	3914
1	2	A3	3914
1	3	A3	3914
1	1	A3	3915
1	2	A3	3915
1	3	A3	3915
1	1	A3	3916
1	2	A3	3916
1	3	A3	3916
1	1	A3	3917
1	2	A3	3917
1	3	A3	3917
1	1	A3	3918
1	2	A3	3918
1	3	A3	3918
1	1	A3	3919
1	2	A3	3919
1	3	A3	3919
1	1	A3	3920
1	2	A3	3920
1	3	A3	3920
1	1	A3	3921
1	2	A3	3921
1	3	A3	3921
1	1	A3	3922
1	2	A3	3922
1	3	A3	3922
1	1	A3	3923
1	2	A3	3923
1	3	A3	3923
1	1	A3	3924
1	2	A3	3924
1	3	A3	3924
1	1	A3	3925
1	2	A3	3925
1	3	A3	3925
1	1	A3	3926
1	2	A3	3926
1	3	A3	3926
1	1	A3	3927
1	2	A3	3927
1	3	A3	3927
1	1	A3	3928
1	2	A3	3928
1	3	A3	3928
1	1	A3	3929
1	2	A3	3929
1	3	A3	3929
1	1	A3	3930
1	2	A3	3930
1	3	A3	3930
1	1	A3	3931
1	2	A3	3931
1	3	A3	3931
1	1	A3	3932
1	2	A3	3932
1	3	A3	3932
1	1	A3	3933
1	2	A3	3933
1	3	A3	3933
1	1	A3	3934
1	2	A3	3934
1	3	A3	3934
1	1	A3	3935
1	2	A3	3935
1	3	A3	3935
1	1	A3	3936
1	2	A3	3936
1	3	A3	3936
1	1	A3	3937
1	2	A3	3937
1	3	A3	3937
1	1	A3	3938
1	2	A3	3938
1	3	A3	3938
1	1	A3	3939
1	2	A3	3939
1	3	A3	3939
1	1	A3	3940
1	2	A3	3940
1	3	A3	3940
1	1	A3	3941
1	2	A3	3941
1	3	A3	3941
1	1	A3	3942
1	2	A3	3942
1	3	A3	3942
1	1	A3	3943
1	2	A3	3943
1	3	A3	3943
1	1	A3	3944
1	2	A3	3944
1	3	A3	3944
1	1	A3	3945
1	2	A3	3945
1	3	A3	3945
1	1	A3	3946
1	2	A3	3946
1	3	A3	3946
1	1	A3	3947
1	2	A3	3947
1	3	A3	3947
1	1	A3	3948
1	2	A3	3948
1	3	A3	3948
1	1	A3	3949
1	2	A3	3949
1	3	A3	3949
1	1	A3	3950
1	2	A3	3950
1	3	A3	3950
1	1	A3	3951
1	2	A3	3951
1	3	A3	3951
1	1	A3	3952
1	2	A3	3952
1	3	A3	3952
1	1	A3	3953
1	2	A3	3953
1	3	A3	3953
1	1	A3	3954
1	2	A3	3954
1	3	A3	3954
1	1	A3	3955
1	2	A3	3955
1	3	A3	3955
1	1	A3	3956
1	2	A3	3956
1	3	A3	3956
1	1	A3	3957
1	2	A3	3957
1	3	A3	3957
1	1	A3	3958
1	2	A3	3958
1	3	A3	3958
1	1	A3	3959
1	2	A3	3959
1	3	A3	3959
1	1	A3	3960
1	2	A3	3960
1	3	A3	3960
1	1	A3	3961
1	2	A3	3961
1	3	A3	3961
1	1	A3	3962
1	2	A3	3962
1	3	A3	3962
1	1	A3	3963
1	2	A3	3963
1	3	A3	3963
1	1	A3	3964
1	2	A3	3964
1	3	A3	3964
1	1	A3	3965
1	2	A3	3965
1	3	A3	3965
1	1	A3	3966
1	2	A3	3966
1	3	A3	3966
1	1	A3	3967
1	2	A3	3967
1	3	A3	3967
1	1	A3	3968
1	2	A3	3968
1	3	A3	3968
1	1	A3	3969
1	2	A3	3969
1	3	A3	3969
1	1	A3	3970
1	2	A3	3970
1	3	A3	3970
1	1	A3	3971
1	2	A3	3971
1	3	A3	3971
1	1	A3	3972
1	2	A3	3972
1	3	A3	3972
1	1	A3	3973
1	2	A3	3973
1	3	A3	3973
1	1	A3	3974
1	2	A3	3974
1	3	A3	3974
1	1	A3	3975
1	2	A3	3975
1	3	A3	3975
1	1	A3	3976
1	2	A3	3976
1	3	A3	3976
1	1	A3	3977
1	2	A3	3977
1	3	A3	3977
1	1	A3	3978
1	2	A3	3978
1	3	A3	3978
1	1	A3	3979
1	2	A3	3979
1	3	A3	3979
1	1	A3	3980
1	2	A3	3980
1	3	A3	3980
1	1	A3	3981
1	2	A3	3981
1	3	A3	3981
1	1	A3	3982
1	2	A3	3982
1	3	A3	3982
1	1	A3	3983
1	2	A3	3983
1	3	A3	3983
1	1	A3	3984
1	2	A3	3984
1	3	A3	3984
1	1	A3	3985
1	2	A3	3985
1	3	A3	3985
1	1	A3	3986
1	2	A3	3986
1	3	A3	3986
1	1	A3	3987
1	2	A3	3987
1	3	A3	3987
1	1	A3	3988
1	2	A3	3988
1	3	A3	3988
1	1	A3	3989
1	2	A3	3989
1	3	A3	3989
1	1	A3	3990
1	2	A3	3990
1	3	A3	3990
1	1	A3	3991
1	2	A3	3991
1	3	A3	3991
1	1	A3	3992
1	2	A3	3992
1	3	A3	3992
1	1	A3	3993
1	2	A3	3993
1	3	A3	3993
1	1	A3	3994
1	2	A3	3994
1	3	A3	3994
1	1	A3	3995
1	2	A3	3995
1	3	A3	3995
1	1	A3	3996
1	2	A3	3996
1	3	A3	3996
1	1	A3	3997
1	2	A3	3997
1	3	A3	3997
1	1	A3	3998
1	2	A3	3998
1	3	A3	3998
1	1	A3	3999
1	2	A3	3999
1	3	A3	3999
1	1	A3	4000
1	2	A3	4000
1	3	A3	4000
1	1	A3	4001
1	2	A3	4001
1	3	A3	4001
1	1	A3	4002
1	2	A3	4002
1	3	A3	4002
1	1	A3	4003
1	2	A3	4003
1	3	A3	4003
1	1	A3	4004
1	2	A3	4004
1	3	A3	4004
1	1	A3	4005
1	2	A3	4005
1	3	A3	4005
1	1	A3	4006
1	2	A3	4006
1	3	A3	4006
1	1	A3	4007
1	2	A3	4007
1	3	A3	4007
1	1	A3	4008
1	2	A3	4008
1	3	A3	4008
1	1	A3	4009
1	2	A3	4009
1	3	A3	4009
1	1	A3	4010
1	2	A3	4010
1	3	A3	4010
1	1	A3	4011
1	2	A3	4011
1	3	A3	4011
1	1	A3	4012
1	2	A3	4012
1	3	A3	4012
1	1	A3	4013
1	2	A3	4013
1	3	A3	4013
1	1	A3	4014
1	2	A3	4014
1	3	A3	4014
1	1	A3	4015
1	2	A3	4015
1	3	A3	4015
1	1	A3	4016
1	2	A3	4016
1	3	A3	4016
1	1	A3	4017
1	2	A3	4017
1	3	A3	4017
1	1	A3	4018
1	2	A3	4018
1	3	A3	4018
1	1	A3	4019
1	2	A3	4019
1	3	A3	4019
1	1	A3	4020
1	2	A3	4020
1	3	A3	4020
1	1	A3	4021
1	2	A3	4021
1	3	A3	4021
1	1	A3	4022
1	2	A3	4022
1	3	A3	4022
1	1	A3	4023
1	2	A3	4023
1	3	A3	4023
1	1	A3	4024
1	2	A3	4024
1	3	A3	4024
1	1	A3	4025
1	2	A3	4025
1	3	A3	4025
1	1	A3	4026
1	2	A3	4026
1	3	A3	4026
1	1	A3	4027
1	2	A3	4027
1	3	A3	4027
1	1	A3	4028
1	2	A3	4028
1	3	A3	4028
1	1	A3	4029
1	2	A3	4029
1	3	A3	4029
1	1	A3	4030
1	2	A3	4030
1	3	A3	4030
1	1	A3	4031
1	2	A3	4031
1	3	A3	4031
1	1	A3	4032
1	2	A3	4032
1	3	A3	4032
1	1	A3	4033
1	2	A3	4033
1	3	A3	4033
1	1	A3	4034
1	2	A3	4034
1	3	A3	4034
1	1	A3	4035
1	2	A3	4035
1	3	A3	4035
1	1	A3	4036
1	2	A3	4036
1	3	A3	4036
1	1	A3	4037
1	2	A3	4037
1	3	A3	4037
1	1	A3	4038
1	2	A3	4038
1	3	A3	4038
1	1	A3	4039
1	2	A3	4039
1	3	A3	4039
1	1	A3	4040
1	2	A3	4040
1	3	A3	4040
1	1	A3	4041
1	2	A3	4041
1	3	A3	4041
1	1	A3	4042
1	2	A3	4042
1	3	A3	4042
1	1	A3	4043
1	2	A3	4043
1	3	A3	4043
1	1	A3	4044
1	2	A3	4044
1	3	A3	4044
1	1	A3	4045
1	2	A3	4045
1	3	A3	4045
1	1	A3	4046
1	2	A3	4046
1	3	A3	4046
1	1	A3	4047
1	2	A3	4047
1	3	A3	4047
1	1	A3	4048
1	2	A3	4048
1	3	A3	4048
1	1	A3	4049
1	2	A3	4049
1	3	A3	4049
1	1	A3	4050
1	2	A3	4050
1	3	A3	4050
1	1	A3	4051
1	2	A3	4051
1	3	A3	4051
1	1	A3	4052
1	2	A3	4052
1	3	A3	4052
1	1	A3	4053
1	2	A3	4053
1	3	A3	4053
1	1	A3	4054
1	2	A3	4054
1	3	A3	4054
1	1	A3	4055
1	2	A3	4055
1	3	A3	4055
1	1	A3	4056
1	2	A3	4056
1	3	A3	4056
1	1	A3	4057
1	2	A3	4057
1	3	A3	4057
1	1	A3	4058
1	2	A3	4058
1	3	A3	4058
1	1	A3	4059
1	2	A3	4059
1	3	A3	4059
1	1	A3	4060
1	2	A3	4060
1	3	A3	4060
1	1	A3	4061
1	2	A3	4061
1	3	A3	4061
1	1	A3	4062
1	2	A3	4062
1	3	A3	4062
1	1	A3	4063
1	2	A3	4063
1	3	A3	4063
1	1	A3	4064
1	2	A3	4064
1	3	A3	4064
1	1	A3	4065
1	2	A3	4065
1	3	A3	4065
1	1	A3	4066
1	2	A3	4066
1	3	A3	4066
1	1	A3	4067
1	2	A3	4067
1	3	A3	4067
1	1	A3	4068
1	2	A3	4068
1	3	A3	4068
1	1	A3	4069
1	2	A3	4069
1	3	A3	4069
1	1	A3	4070
1	2	A3	4070
1	3	A3	4070
1	1	A3	4071
1	2	A3	4071
1	3	A3	4071
1	1	A3	4072
1	2	A3	4072
1	3	A3	4072
1	1	A3	4073
1	2	A3	4073
1	3	A3	4073
1	1	A3	4074
1	2	A3	4074
1	3	A3	4074
1	1	A3	4075
1	2	A3	4075
1	3	A3	4075
1	1	A3	4076
1	2	A3	4076
1	3	A3	4076
1	1	A3	4077
1	2	A3	4077
1	3	A3	4077
1	1	A3	4078
1	2	A3	4078
1	3	A3	4078
1	1	A3	4079
1	2	A3	4079
1	3	A3	4079
1	1	A3	4080
1	2	A3	4080
1	3	A3	4080
1	1	A3	4081
1	2	A3	4081
1	3	A3	4081
1	1	A3	4082
1	2	A3	4082
1	3	A3	4082
1	1	A3	4083
1	2	A3	4083
1	3	A3	4083
1	1	A3	4084
1	2	A3	4084
1	3	A3	4084
1	1	A3	4085
1	2	A3	4085
1	3	A3	4085
1	1	A3	4086
1	2	A3	4086
1	3	A3	4086
1	1	A3	4087
1	2	A3	4087
1	3	A3	4087
1	1	A3	4088
1	2	A3	4088
1	3	A3	4088
1	1	A3	4089
1	2	A3	4089
1	3	A3	4089
1	1	A3	4090
1	2	A3	4090
1	3	A3	4090
1	1	A3	4091
1	2	A3	4091
1	3	A3	4091
1	1	A3	4092
1	2	A3	4092
1	3	A3	4092
1	1	A3	4093
1	2	A3	4093
1	3	A3	4093
1	1	A3	4094
1	2	A3	4094
1	3	A3	4094
1	1	A3	4095
1	2	A3	4095
1	3	A3	4095
1	1	A3	4096
1	2	A3	4096
1	3	A3	4096
1	1	A3	4097
1	2	A3	4097
1	3	A3	4097
1	1	A3	4098
1	2	A3	4098
1	3	A3	4098
1	1	A3	4099
1	2	A3	4099
1	3	A3	4099
1	1	A3	4100
1	2	A3	4100
1	3	A3	4100
1	1	A3	4101
1	2	A3	4101
1	3	A3	4101
1	1	A3	4102
1	2	A3	4102
1	3	A3	4102
1	1	A3	4103
1	2	A3	4103
1	3	A3	4103
1	1	A3	4104
1	2	A3	4104
1	3	A3	4104
1	1	A3	4105
1	2	A3	4105
1	3	A3	4105
1	1	A3	4106
1	2	A3	4106
1	3	A3	4106
1	1	A3	4107
1	2	A3	4107
1	3	A3	4107
1	1	A3	4108
1	2	A3	4108
1	3	A3	4108
1	1	A3	4109
1	2	A3	4109
1	3	A3	4109
1	1	A3	4110
1	2	A3	4110
1	3	A3	4110
1	1	A3	4111
1	2	A3	4111
1	3	A3	4111
1	1	A3	4112
1	2	A3	4112
1	3	A3	4112
1	1	A3	4113
1	2	A3	4113
1	3	A3	4113
1	1	A3	4114
1	2	A3	4114
1	3	A3	4114
1	1	A3	4115
1	2	A3	4115
1	3	A3	4115
1	1	A3	4116
1	2	A3	4116
1	3	A3	4116
1	1	A3	4117
1	2	A3	4117
1	3	A3	4117
1	1	A3	4118
1	2	A3	4118
1	3	A3	4118
1	1	A3	4119
1	2	A3	4119
1	3	A3	4119
1	1	A3	4120
1	2	A3	4120
1	3	A3	4120
1	1	A3	4121
1	2	A3	4121
1	3	A3	4121
1	1	A3	4122
1	2	A3	4122
1	3	A3	4122
1	1	A3	4123
1	2	A3	4123
1	3	A3	4123
1	1	A3	4124
1	2	A3	4124
1	3	A3	4124
1	1	A3	4125
1	2	A3	4125
1	3	A3	4125
1	1	A3	4126
1	2	A3	4126
1	3	A3	4126
1	1	A3	4127
1	2	A3	4127
1	3	A3	4127
1	1	A3	4128
1	2	A3	4128
1	3	A3	4128
1	1	A3	4129
1	2	A3	4129
1	3	A3	4129
1	1	A3	4130
1	2	A3	4130
1	3	A3	4130
1	1	A3	4131
1	2	A3	4131
1	3	A3	4131
1	1	A3	4132
1	2	A3	4132
1	3	A3	4132
1	1	A3	4133
1	2	A3	4133
1	3	A3	4133
1	1	A3	4134
1	2	A3	4134
1	3	A3	4134
1	1	A3	4135
1	2	A3	4135
1	3	A3	4135
1	1	A3	4136
1	2	A3	4136
1	3	A3	4136
1	1	A3	4137
1	2	A3	4137
1	3	A3	4137
1	1	A3	4138
1	2	A3	4138
1	3	A3	4138
1	1	A3	4139
1	2	A3	4139
1	3	A3	4139
1	1	A3	4140
1	2	A3	4140
1	3	A3	4140
1	1	A3	4141
1	2	A3	4141
1	3	A3	4141
1	1	A3	4142
1	2	A3	4142
1	3	A3	4142
1	1	A3	4143
1	2	A3	4143
1	3	A3	4143
1	1	A3	4144
1	2	A3	4144
1	3	A3	4144
1	1	A3	4145
1	2	A3	4145
1	3	A3	4145
1	1	A3	4146
1	2	A3	4146
1	3	A3	4146
1	1	A3	4147
1	2	A3	4147
1	3	A3	4147
1	1	A3	4148
1	2	A3	4148
1	3	A3	4148
1	1	A3	4149
1	2	A3	4149
1	3	A3	4149
1	1	A3	4150
1	2	A3	4150
1	3	A3	4150
1	1	A3	4151
1	2	A3	4151
1	3	A3	4151
1	1	A3	4152
1	2	A3	4152
1	3	A3	4152
1	1	A3	4153
1	2	A3	4153
1	3	A3	4153
1	1	A3	4154
1	2	A3	4154
1	3	A3	4154
1	1	A3	4155
1	2	A3	4155
1	3	A3	4155
1	1	A3	4156
1	2	A3	4156
1	3	A3	4156
1	1	A3	4157
1	2	A3	4157
1	3	A3	4157
1	1	A3	4158
1	2	A3	4158
1	3	A3	4158
1	1	A3	4159
1	2	A3	4159
1	3	A3	4159
1	1	A3	4160
1	2	A3	4160
1	3	A3	4160
1	1	A3	4161
1	2	A3	4161
1	3	A3	4161
1	1	A3	4162
1	2	A3	4162
1	3	A3	4162
1	1	A3	4163
1	2	A3	4163
1	3	A3	4163
1	1	A3	4164
1	2	A3	4164
1	3	A3	4164
1	1	A3	4165
1	2	A3	4165
1	3	A3	4165
1	1	A3	4166
1	2	A3	4166
1	3	A3	4166
1	1	A3	4167
1	2	A3	4167
1	3	A3	4167
1	1	A3	4168
1	2	A3	4168
1	3	A3	4168
1	1	A3	4169
1	2	A3	4169
1	3	A3	4169
1	1	A3	4170
1	2	A3	4170
1	3	A3	4170
1	1	A3	4171
1	2	A3	4171
1	3	A3	4171
1	1	A3	4172
1	2	A3	4172
1	3	A3	4172
1	1	A3	4173
1	2	A3	4173
1	3	A3	4173
1	1	A3	4174
1	2	A3	4174
1	3	A3	4174
1	1	A3	4175
1	2	A3	4175
1	3	A3	4175
1	1	A3	4176
1	2	A3	4176
1	3	A3	4176
1	1	A3	4177
1	2	A3	4177
1	3	A3	4177
1	1	A3	4178
1	2	A3	4178
1	3	A3	4178
1	1	A3	4179
1	2	A3	4179
1	3	A3	4179
1	1	A3	4180
1	2	A3	4180
1	3	A3	4180
1	1	A3	4181
1	2	A3	4181
1	3	A3	4181
1	1	A3	4182
1	2	A3	4182
1	3	A3	4182
1	1	A3	4183
1	2	A3	4183
1	3	A3	4183
1	1	A3	4184
1	2	A3	4184
1	3	A3	4184
1	1	A3	4185
1	2	A3	4185
1	3	A3	4185
1	1	A3	4186
1	2	A3	4186
1	3	A3	4186
1	1	A3	4187
1	2	A3	4187
1	3	A3	4187
1	1	A3	4188
1	2	A3	4188
1	3	A3	4188
1	1	A3	4189
1	2	A3	4189
1	3	A3	4189
1	1	A3	4190
1	2	A3	4190
1	3	A3	4190
1	1	A3	4191
1	2	A3	4191
1	3	A3	4191
1	1	A3	4192
1	2	A3	4192
1	3	A3	4192
1	1	A3	4193
1	2	A3	4193
1	3	A3	4193
1	1	A3	4194
1	2	A3	4194
1	3	A3	4194
1	1	A3	4195
1	2	A3	4195
1	3	A3	4195
1	1	A3	4196
1	2	A3	4196
1	3	A3	4196
1	1	A3	4197
1	2	A3	4197
1	3	A3	4197
1	1	A3	4198
1	2	A3	4198
1	3	A3	4198
1	1	A3	4199
1	2	A3	4199
1	3	A3	4199
1	1	A3	4200
1	2	A3	4200
1	3	A3	4200
1	1	A3	4201
1	2	A3	4201
1	3	A3	4201
1	1	A3	4202
1	2	A3	4202
1	3	A3	4202
1	1	A3	4203
1	2	A3	4203
1	3	A3	4203
1	1	A3	4204
1	2	A3	4204
1	3	A3	4204
1	1	A3	4205
1	2	A3	4205
1	3	A3	4205
1	1	A3	4206
1	2	A3	4206
1	3	A3	4206
1	1	A3	4207
1	2	A3	4207
1	3	A3	4207
1	1	A3	4208
1	2	A3	4208
1	3	A3	4208
1	1	A3	4209
1	2	A3	4209
1	3	A3	4209
1	1	A3	4210
1	2	A3	4210
1	3	A3	4210
1	1	A3	4211
1	2	A3	4211
1	3	A3	4211
1	1	A3	4212
1	2	A3	4212
1	3	A3	4212
1	1	A3	4213
1	2	A3	4213
1	3	A3	4213
1	1	A3	4214
1	2	A3	4214
1	3	A3	4214
1	1	A3	4215
1	2	A3	4215
1	3	A3	4215
1	1	A3	4216
1	2	A3	4216
1	3	A3	4216
1	1	A3	4217
1	2	A3	4217
1	3	A3	4217
1	1	A3	4218
1	2	A3	4218
1	3	A3	4218
1	1	A3	4219
1	2	A3	4219
1	3	A3	4219
1	1	A3	4220
1	2	A3	4220
1	3	A3	4220
1	1	A3	4221
1	2	A3	4221
1	3	A3	4221
1	1	A3	4222
1	2	A3	4222
1	3	A3	4222
1	1	A3	4223
1	2	A3	4223
1	3	A3	4223
1	1	A3	4224
1	2	A3	4224
1	3	A3	4224
1	1	A3	4225
1	2	A3	4225
1	3	A3	4225
1	1	A3	4226
1	2	A3	4226
1	3	A3	4226
1	1	A3	4227
1	2	A3	4227
1	3	A3	4227
1	1	A3	4228
1	2	A3	4228
1	3	A3	4228
1	1	A3	4229
1	2	A3	4229
1	3	A3	4229
1	1	A3	4230
1	2	A3	4230
1	3	A3	4230
1	1	A3	4231
1	2	A3	4231
1	3	A3	4231
1	1	A3	4232
1	2	A3	4232
1	3	A3	4232
1	1	A3	4233
1	2	A3	4233
1	3	A3	4233
1	1	A3	4234
1	2	A3	4234
1	3	A3	4234
1	1	A3	4235
1	2	A3	4235
1	3	A3	4235
1	1	A3	4236
1	2	A3	4236
1	3	A3	4236
1	1	A3	4237
1	2	A3	4237
1	3	A3	4237
1	1	A3	4238
1	2	A3	4238
1	3	A3	4238
1	1	A3	4239
1	2	A3	4239
1	3	A3	4239
1	1	A3	4240
1	2	A3	4240
1	3	A3	4240
1	1	A3	4241
1	2	A3	4241
1	3	A3	4241
1	1	A3	4242
1	2	A3	4242
1	3	A3	4242
1	1	A3	4243
1	2	A3	4243
1	3	A3	4243
1	1	A3	4244
1	2	A3	4244
1	3	A3	4244
1	1	A3	4245
1	2	A3	4245
1	3	A3	4245
1	1	A3	4246
1	2	A3	4246
1	3	A3	4246
1	1	A3	4247
1	2	A3	4247
1	3	A3	4247
1	1	A3	4248
1	2	A3	4248
1	3	A3	4248
1	1	A3	4249
1	2	A3	4249
1	3	A3	4249
1	1	A3	4250
1	2	A3	4250
1	3	A3	4250
1	1	A3	4251
1	2	A3	4251
1	3	A3	4251
1	1	A3	4252
1	2	A3	4252
1	3	A3	4252
1	1	A3	4253
1	2	A3	4253
1	3	A3	4253
1	1	A3	4254
1	2	A3	4254
1	3	A3	4254
1	1	A3	4255
1	2	A3	4255
1	3	A3	4255
1	1	A3	4256
1	2	A3	4256
1	3	A3	4256
1	1	A3	4257
1	2	A3	4257
1	3	A3	4257
1	1	A3	4258
1	2	A3	4258
1	3	A3	4258
1	1	A3	4259
1	2	A3	4259
1	3	A3	4259
1	1	A3	4260
1	2	A3	4260
1	3	A3	4260
1	1	A3	4261
1	2	A3	4261
1	3	A3	4261
1	1	A3	4262
1	2	A3	4262
1	3	A3	4262
1	1	A3	4263
1	2	A3	4263
1	3	A3	4263
1	1	A3	4264
1	2	A3	4264
1	3	A3	4264
1	1	A3	4265
1	2	A3	4265
1	3	A3	4265
1	1	A3	4266
1	2	A3	4266
1	3	A3	4266
1	1	A3	4267
1	2	A3	4267
1	3	A3	4267
1	1	A3	4268
1	2	A3	4268
1	3	A3	4268
1	1	A3	4269
1	2	A3	4269
1	3	A3	4269
1	1	A3	4270
1	2	A3	4270
1	3	A3	4270
1	1	A3	4271
1	2	A3	4271
1	3	A3	4271
1	1	A3	4272
1	2	A3	4272
1	3	A3	4272
1	1	A3	4273
1	2	A3	4273
1	3	A3	4273
1	1	A3	4274
1	2	A3	4274
1	3	A3	4274
1	1	A3	4275
1	2	A3	4275
1	3	A3	4275
1	1	A3	4276
1	2	A3	4276
1	3	A3	4276
1	1	A3	4277
1	2	A3	4277
1	3	A3	4277
1	1	A3	4278
1	2	A3	4278
1	3	A3	4278
1	1	A3	4279
1	2	A3	4279
1	3	A3	4279
1	1	A3	4280
1	2	A3	4280
1	3	A3	4280
1	1	A3	4281
1	2	A3	4281
1	3	A3	4281
1	1	A3	4282
1	2	A3	4282
1	3	A3	4282
1	1	A3	4283
1	2	A3	4283
1	3	A3	4283
1	1	A3	4284
1	2	A3	4284
1	3	A3	4284
1	1	A3	4285
1	2	A3	4285
1	3	A3	4285
1	1	A3	4286
1	2	A3	4286
1	3	A3	4286
1	1	A3	4287
1	2	A3	4287
1	3	A3	4287
1	1	A3	4288
1	2	A3	4288
1	3	A3	4288
1	1	A3	4289
1	2	A3	4289
1	3	A3	4289
1	1	A3	4290
1	2	A3	4290
1	3	A3	4290
1	1	A3	4291
1	2	A3	4291
1	3	A3	4291
1	1	A3	4292
1	2	A3	4292
1	3	A3	4292
1	1	A3	4293
1	2	A3	4293
1	3	A3	4293
1	1	A3	4294
1	2	A3	4294
1	3	A3	4294
1	1	A3	4295
1	2	A3	4295
1	3	A3	4295
1	1	A3	4296
1	2	A3	4296
1	3	A3	4296
1	1	A3	4297
1	2	A3	4297
1	3	A3	4297
1	1	A3	4298
1	2	A3	4298
1	3	A3	4298
1	1	A3	4299
1	2	A3	4299
1	3	A3	4299
1	1	A3	4300
1	2	A3	4300
1	3	A3	4300
1	1	A3	4301
1	2	A3	4301
1	3	A3	4301
1	1	A3	4302
1	2	A3	4302
1	3	A3	4302
1	1	A3	4303
1	2	A3	4303
1	3	A3	4303
1	1	A3	4304
1	2	A3	4304
1	3	A3	4304
1	1	A3	4305
1	2	A3	4305
1	3	A3	4305
1	1	A3	4306
1	2	A3	4306
1	3	A3	4306
1	1	A3	4307
1	2	A3	4307
1	3	A3	4307
1	1	A3	4308
1	2	A3	4308
1	3	A3	4308
1	1	A3	4309
1	2	A3	4309
1	3	A3	4309
1	1	A3	4310
1	2	A3	4310
1	3	A3	4310
1	1	A3	4311
1	2	A3	4311
1	3	A3	4311
1	1	A3	4312
1	2	A3	4312
1	3	A3	4312
1	1	A3	4313
1	2	A3	4313
1	3	A3	4313
1	1	A3	4314
1	2	A3	4314
1	3	A3	4314
1	1	A3	4315
1	2	A3	4315
1	3	A3	4315
1	1	A3	4316
1	2	A3	4316
1	3	A3	4316
1	1	A3	4317
1	2	A3	4317
1	3	A3	4317
1	1	A3	4318
1	2	A3	4318
1	3	A3	4318
1	1	A3	4319
1	2	A3	4319
1	3	A3	4319
1	1	A3	4320
1	2	A3	4320
1	3	A3	4320
1	1	A3	4321
1	2	A3	4321
1	3	A3	4321
1	1	A3	4322
1	2	A3	4322
1	3	A3	4322
1	1	A3	4323
1	2	A3	4323
1	3	A3	4323
1	1	A3	4324
1	2	A3	4324
1	3	A3	4324
1	1	A3	4325
1	2	A3	4325
1	3	A3	4325
1	1	A3	4326
1	2	A3	4326
1	3	A3	4326
1	1	A3	4327
1	2	A3	4327
1	3	A3	4327
1	1	A3	4328
1	2	A3	4328
1	3	A3	4328
1	1	A3	4329
1	2	A3	4329
1	3	A3	4329
1	1	A3	4330
1	2	A3	4330
1	3	A3	4330
1	1	A3	4331
1	2	A3	4331
1	3	A3	4331
1	1	A3	4332
1	2	A3	4332
1	3	A3	4332
1	1	A3	4333
1	2	A3	4333
1	3	A3	4333
1	1	A3	4334
1	2	A3	4334
1	3	A3	4334
1	1	A3	4335
1	2	A3	4335
1	3	A3	4335
1	1	A3	4336
1	2	A3	4336
1	3	A3	4336
1	1	A3	4337
1	2	A3	4337
1	3	A3	4337
1	1	A3	4338
1	2	A3	4338
1	3	A3	4338
1	1	A3	4339
1	2	A3	4339
1	3	A3	4339
1	1	A3	4340
1	2	A3	4340
1	3	A3	4340
1	1	A3	4341
1	2	A3	4341
1	3	A3	4341
1	1	A3	4342
1	2	A3	4342
1	3	A3	4342
1	1	A3	4343
1	2	A3	4343
1	3	A3	4343
1	1	A3	4344
1	2	A3	4344
1	3	A3	4344
1	1	A3	4345
1	2	A3	4345
1	3	A3	4345
1	1	A3	4346
1	2	A3	4346
1	3	A3	4346
1	1	A3	4347
1	2	A3	4347
1	3	A3	4347
1	1	A3	4348
1	2	A3	4348
1	3	A3	4348
1	1	A3	4349
1	2	A3	4349
1	3	A3	4349
1	1	A3	4350
1	2	A3	4350
1	3	A3	4350
1	1	A3	4351
1	2	A3	4351
1	3	A3	4351
1	1	A3	4352
1	2	A3	4352
1	3	A3	4352
1	1	A3	4353
1	2	A3	4353
1	3	A3	4353
1	1	A3	4354
1	2	A3	4354
1	3	A3	4354
1	1	A3	4355
1	2	A3	4355
1	3	A3	4355
1	1	A3	4356
1	2	A3	4356
1	3	A3	4356
1	1	A3	4357
1	2	A3	4357
1	3	A3	4357
1	1	A3	4358
1	2	A3	4358
1	3	A3	4358
1	1	A3	4359
1	2	A3	4359
1	3	A3	4359
1	1	A3	4360
1	2	A3	4360
1	3	A3	4360
1	1	A3	4361
1	2	A3	4361
1	3	A3	4361
1	1	A3	4362
1	2	A3	4362
1	3	A3	4362
1	1	A3	4363
1	2	A3	4363
1	3	A3	4363
1	1	A3	4364
1	2	A3	4364
1	3	A3	4364
1	1	A3	4365
1	2	A3	4365
1	3	A3	4365
1	1	A3	4366
1	2	A3	4366
1	3	A3	4366
1	1	A3	4367
1	2	A3	4367
1	3	A3	4367
1	1	A3	4368
1	2	A3	4368
1	3	A3	4368
1	1	A3	4369
1	2	A3	4369
1	3	A3	4369
1	1	A3	4370
1	2	A3	4370
1	3	A3	4370
1	1	A3	4371
1	2	A3	4371
1	3	A3	4371
1	1	A3	4372
1	2	A3	4372
1	3	A3	4372
1	1	A3	4373
1	2	A3	4373
1	3	A3	4373
1	1	A3	4374
1	2	A3	4374
1	3	A3	4374
1	1	A3	4375
1	2	A3	4375
1	3	A3	4375
1	1	A3	4376
1	2	A3	4376
1	3	A3	4376
1	1	A3	4377
1	2	A3	4377
1	3	A3	4377
1	1	A3	4378
1	2	A3	4378
1	3	A3	4378
1	1	A3	4379
1	2	A3	4379
1	3	A3	4379
1	1	A3	4380
1	2	A3	4380
1	3	A3	4380
1	1	A3	4381
1	2	A3	4381
1	3	A3	4381
1	1	A3	4382
1	2	A3	4382
1	3	A3	4382
1	1	A3	4383
1	2	A3	4383
1	3	A3	4383
1	1	A3	4384
1	2	A3	4384
1	3	A3	4384
1	1	A3	4385
1	2	A3	4385
1	3	A3	4385
1	1	A3	4386
1	2	A3	4386
1	3	A3	4386
1	1	A3	4387
1	2	A3	4387
1	3	A3	4387
1	1	A3	4388
1	2	A3	4388
1	3	A3	4388
1	1	A3	4389
1	2	A3	4389
1	3	A3	4389
1	1	A3	4390
1	2	A3	4390
1	3	A3	4390
1	1	A3	4391
1	2	A3	4391
1	3	A3	4391
1	1	A3	4392
1	2	A3	4392
1	3	A3	4392
1	1	A3	4393
1	2	A3	4393
1	3	A3	4393
1	1	A3	4394
1	2	A3	4394
1	3	A3	4394
1	1	A3	4395
1	2	A3	4395
1	3	A3	4395
1	1	A3	4396
1	2	A3	4396
1	3	A3	4396
1	1	A3	4397
1	2	A3	4397
1	3	A3	4397
1	1	A3	4398
1	2	A3	4398
1	3	A3	4398
1	1	A3	4399
1	2	A3	4399
1	3	A3	4399
1	1	A3	4400
1	2	A3	4400
1	3	A3	4400
1	1	A3	4401
1	2	A3	4401
1	3	A3	4401
1	1	A3	4402
1	2	A3	4402
1	3	A3	4402
1	1	A3	4403
1	2	A3	4403
1	3	A3	4403
1	1	A3	4404
1	2	A3	4404
1	3	A3	4404
1	1	A3	4405
1	2	A3	4405
1	3	A3	4405
1	1	A3	4406
1	2	A3	4406
1	3	A3	4406
1	1	A3	4407
1	2	A3	4407
1	3	A3	4407
1	1	A3	4408
1	2	A3	4408
1	3	A3	4408
1	1	A3	4409
1	2	A3	4409
1	3	A3	4409
1	1	A3	4410
1	2	A3	4410
1	3	A3	4410
1	1	A3	4411
1	2	A3	4411
1	3	A3	4411
1	1	A3	4412
1	2	A3	4412
1	3	A3	4412
1	1	A3	4413
1	2	A3	4413
1	3	A3	4413
1	1	A3	4414
1	2	A3	4414
1	3	A3	4414
1	1	A3	4415
1	2	A3	4415
1	3	A3	4415
1	1	A3	4416
1	2	A3	4416
1	3	A3	4416
1	1	A3	4417
1	2	A3	4417
1	3	A3	4417
1	1	A3	4418
1	2	A3	4418
1	3	A3	4418
1	1	A3	4419
1	2	A3	4419
1	3	A3	4419
1	1	A3	4420
1	2	A3	4420
1	3	A3	4420
1	1	A3	4421
1	2	A3	4421
1	3	A3	4421
1	1	A3	4422
1	2	A3	4422
1	3	A3	4422
1	1	A3	4423
1	2	A3	4423
1	3	A3	4423
1	1	A3	4424
1	2	A3	4424
1	3	A3	4424
1	1	A3	4425
1	2	A3	4425
1	3	A3	4425
1	1	A3	4426
1	2	A3	4426
1	3	A3	4426
1	1	A3	4427
1	2	A3	4427
1	3	A3	4427
1	1	A3	4428
1	2	A3	4428
1	3	A3	4428
1	1	A3	4429
1	2	A3	4429
1	3	A3	4429
1	1	A3	4430
1	2	A3	4430
1	3	A3	4430
1	1	A3	4431
1	2	A3	4431
1	3	A3	4431
1	1	A3	4432
1	2	A3	4432
1	3	A3	4432
1	1	A3	4433
1	2	A3	4433
1	3	A3	4433
1	1	A3	4434
1	2	A3	4434
1	3	A3	4434
1	1	A3	4435
1	2	A3	4435
1	3	A3	4435
1	1	A3	4436
1	2	A3	4436
1	3	A3	4436
1	1	A3	4437
1	2	A3	4437
1	3	A3	4437
1	1	A3	4438
1	2	A3	4438
1	3	A3	4438
1	1	A3	4439
1	2	A3	4439
1	3	A3	4439
1	1	A3	4440
1	2	A3	4440
1	3	A3	4440
1	1	A3	4441
1	2	A3	4441
1	3	A3	4441
1	1	A3	4442
1	2	A3	4442
1	3	A3	4442
1	1	A3	4443
1	2	A3	4443
1	3	A3	4443
1	1	A3	4444
1	2	A3	4444
1	3	A3	4444
1	1	A3	4445
1	2	A3	4445
1	3	A3	4445
1	1	A3	4446
1	2	A3	4446
1	3	A3	4446
1	1	A3	4447
1	2	A3	4447
1	3	A3	4447
1	1	A3	4448
1	2	A3	4448
1	3	A3	4448
1	1	A3	4449
1	2	A3	4449
1	3	A3	4449
1	1	A3	4450
1	2	A3	4450
1	3	A3	4450
1	1	A3	4451
1	2	A3	4451
1	3	A3	4451
1	1	A3	4452
1	2	A3	4452
1	3	A3	4452
1	1	A3	4453
1	2	A3	4453
1	3	A3	4453
1	1	A3	4454
1	2	A3	4454
1	3	A3	4454
1	1	A3	4455
1	2	A3	4455
1	3	A3	4455
1	1	A3	4456
1	2	A3	4456
1	3	A3	4456
1	1	A3	4457
1	2	A3	4457
1	3	A3	4457
1	1	A3	4458
1	2	A3	4458
1	3	A3	4458
1	1	A3	4459
1	2	A3	4459
1	3	A3	4459
1	1	A3	4460
1	2	A3	4460
1	3	A3	4460
1	1	A3	4461
1	2	A3	4461
1	3	A3	4461
1	1	A3	4462
1	2	A3	4462
1	3	A3	4462
1	1	A3	4463
1	2	A3	4463
1	3	A3	4463
1	1	A3	4464
1	2	A3	4464
1	3	A3	4464
1	1	A3	4465
1	2	A3	4465
1	3	A3	4465
1	1	A3	4466
1	2	A3	4466
1	3	A3	4466
1	1	A3	4467
1	2	A3	4467
1	3	A3	4467
1	1	A3	4468
1	2	A3	4468
1	3	A3	4468
1	1	A3	4469
1	2	A3	4469
1	3	A3	4469
1	1	A3	4470
1	2	A3	4470
1	3	A3	4470
1	1	A3	4471
1	2	A3	4471
1	3	A3	4471
1	1	A3	4472
1	2	A3	4472
1	3	A3	4472
1	1	A3	4473
1	2	A3	4473
1	3	A3	4473
1	1	A3	4474
1	2	A3	4474
1	3	A3	4474
1	1	A3	4475
1	2	A3	4475
1	3	A3	4475
1	1	A3	4476
1	2	A3	4476
1	3	A3	4476
1	1	A3	4477
1	2	A3	4477
1	3	A3	4477
1	1	A3	4478
1	2	A3	4478
1	3	A3	4478
1	1	A3	4479
1	2	A3	4479
1	3	A3	4479
1	1	A3	4480
1	2	A3	4480
1	3	A3	4480
1	1	A3	4481
1	2	A3	4481
1	3	A3	4481
1	1	A3	4482
1	2	A3	4482
1	3	A3	4482
1	1	A3	4483
1	2	A3	4483
1	3	A3	4483
1	1	A3	4484
1	2	A3	4484
1	3	A3	4484
1	1	A3	4485
1	2	A3	4485
1	3	A3	4485
1	1	A3	4486
1	2	A3	4486
1	3	A3	4486
1	1	A3	4487
1	2	A3	4487
1	3	A3	4487
1	1	A3	4488
1	2	A3	4488
1	3	A3	4488
1	1	A3	4489
1	2	A3	4489
1	3	A3	4489
1	1	A3	4490
1	2	A3	4490
1	3	A3	4490
1	1	A3	4491
1	2	A3	4491
1	3	A3	4491
1	1	A3	4492
1	2	A3	4492
1	3	A3	4492
1	1	A3	4493
1	2	A3	4493
1	3	A3	4493
1	1	A3	4494
1	2	A3	4494
1	3	A3	4494
1	1	A3	4495
1	2	A3	4495
1	3	A3	4495
1	1	A3	4496
1	2	A3	4496
1	3	A3	4496
1	1	A3	4497
1	2	A3	4497
1	3	A3	4497
1	1	A3	4498
1	2	A3	4498
1	3	A3	4498
1	1	A3	4499
1	2	A3	4499
1	3	A3	4499
1	1	A3	4500
1	2	A3	4500
1	3	A3	4500
1	1	A3	4501
1	2	A3	4501
1	3	A3	4501
1	1	A3	4502
1	2	A3	4502
1	3	A3	4502
1	1	A3	4503
1	2	A3	4503
1	3	A3	4503
1	1	A3	4504
1	2	A3	4504
1	3	A3	4504
1	1	A3	4505
1	2	A3	4505
1	3	A3	4505
1	1	A3	4506
1	2	A3	4506
1	3	A3	4506
1	1	A3	4507
1	2	A3	4507
1	3	A3	4507
1	1	A3	4508
1	2	A3	4508
1	3	A3	4508
1	1	A3	4509
1	2	A3	4509
1	3	A3	4509
1	1	A3	4510
1	2	A3	4510
1	3	A3	4510
1	1	A3	4511
1	2	A3	4511
1	3	A3	4511
1	1	A3	4512
1	2	A3	4512
1	3	A3	4512
1	1	A3	4513
1	2	A3	4513
1	3	A3	4513
1	1	A3	4514
1	2	A3	4514
1	3	A3	4514
1	1	A3	4515
1	2	A3	4515
1	3	A3	4515
1	1	A3	4516
1	2	A3	4516
1	3	A3	4516
1	1	A3	4517
1	2	A3	4517
1	3	A3	4517
1	1	A3	4518
1	2	A3	4518
1	3	A3	4518
1	1	A3	4519
1	2	A3	4519
1	3	A3	4519
1	1	A3	4520
1	2	A3	4520
1	3	A3	4520
1	1	A3	4521
1	2	A3	4521
1	3	A3	4521
1	1	A3	4522
1	2	A3	4522
1	3	A3	4522
1	1	A3	4523
1	2	A3	4523
1	3	A3	4523
1	1	A3	4524
1	2	A3	4524
1	3	A3	4524
1	1	A3	4525
1	2	A3	4525
1	3	A3	4525
1	1	A3	4526
1	2	A3	4526
1	3	A3	4526
1	1	A3	4527
1	2	A3	4527
1	3	A3	4527
1	1	A3	4528
1	2	A3	4528
1	3	A3	4528
1	1	A3	4529
1	2	A3	4529
1	3	A3	4529
1	1	A3	4530
1	2	A3	4530
1	3	A3	4530
1	1	A3	4531
1	2	A3	4531
1	3	A3	4531
1	1	A3	4532
1	2	A3	4532
1	3	A3	4532
1	1	A3	4533
1	2	A3	4533
1	3	A3	4533
1	1	A3	4534
1	2	A3	4534
1	3	A3	4534
1	1	A3	4535
1	2	A3	4535
1	3	A3	4535
1	1	A3	4536
1	2	A3	4536
1	3	A3	4536
1	1	A3	4537
1	2	A3	4537
1	3	A3	4537
1	1	A3	4538
1	2	A3	4538
1	3	A3	4538
1	1	A3	4539
1	2	A3	4539
1	3	A3	4539
1	1	A3	4540
1	2	A3	4540
1	3	A3	4540
1	1	A3	4541
1	2	A3	4541
1	3	A3	4541
1	1	A3	4542
1	2	A3	4542
1	3	A3	4542
1	1	A3	4543
1	2	A3	4543
1	3	A3	4543
1	1	A3	4544
1	2	A3	4544
1	3	A3	4544
1	1	A3	4545
1	2	A3	4545
1	3	A3	4545
1	1	A3	4546
1	2	A3	4546
1	3	A3	4546
1	1	A3	4547
1	2	A3	4547
1	3	A3	4547
1	1	A3	4548
1	2	A3	4548
1	3	A3	4548
1	1	A3	4549
1	2	A3	4549
1	3	A3	4549
1	1	A3	4550
1	2	A3	4550
1	3	A3	4550
1	1	A3	4551
1	2	A3	4551
1	3	A3	4551
1	1	A3	4552
1	2	A3	4552
1	3	A3	4552
1	1	A3	4553
1	2	A3	4553
1	3	A3	4553
1	1	A3	4554
1	2	A3	4554
1	3	A3	4554
1	1	A3	4555
1	2	A3	4555
1	3	A3	4555
1	1	A3	4556
1	2	A3	4556
1	3	A3	4556
1	1	A3	4557
1	2	A3	4557
1	3	A3	4557
1	1	A3	4558
1	2	A3	4558
1	3	A3	4558
1	1	A3	4559
1	2	A3	4559
1	3	A3	4559
1	1	A3	4560
1	2	A3	4560
1	3	A3	4560
1	1	A3	4561
1	2	A3	4561
1	3	A3	4561
1	1	A3	4562
1	2	A3	4562
1	3	A3	4562
1	1	A3	4563
1	2	A3	4563
1	3	A3	4563
1	1	A3	4564
1	2	A3	4564
1	3	A3	4564
1	1	A3	4565
1	2	A3	4565
1	3	A3	4565
1	1	A3	4566
1	2	A3	4566
1	3	A3	4566
1	1	A3	4567
1	2	A3	4567
1	3	A3	4567
1	1	A3	4568
1	2	A3	4568
1	3	A3	4568
1	1	A3	4569
1	2	A3	4569
1	3	A3	4569
1	1	A3	4570
1	2	A3	4570
1	3	A3	4570
1	1	A3	4571
1	2	A3	4571
1	3	A3	4571
1	1	A3	4572
1	2	A3	4572
1	3	A3	4572
1	1	A3	4573
1	2	A3	4573
1	3	A3	4573
1	1	A3	4574
1	2	A3	4574
1	3	A3	4574
1	1	A3	4575
1	2	A3	4575
1	3	A3	4575
1	1	A3	4576
1	2	A3	4576
1	3	A3	4576
1	1	A3	4577
1	2	A3	4577
1	3	A3	4577
1	1	A3	4578
1	2	A3	4578
1	3	A3	4578
1	1	A3	4579
1	2	A3	4579
1	3	A3	4579
1	1	A3	4580
1	2	A3	4580
1	3	A3	4580
1	1	A3	4581
1	2	A3	4581
1	3	A3	4581
1	1	A3	4582
1	2	A3	4582
1	3	A3	4582
1	1	A3	4583
1	2	A3	4583
1	3	A3	4583
1	1	A3	4584
1	2	A3	4584
1	3	A3	4584
1	1	A3	4585
1	2	A3	4585
1	3	A3	4585
1	1	A3	4586
1	2	A3	4586
1	3	A3	4586
1	1	A3	4587
1	2	A3	4587
1	3	A3	4587
1	1	A3	4588
1	2	A3	4588
1	3	A3	4588
1	1	A3	4589
1	2	A3	4589
1	3	A3	4589
1	1	A3	4590
1	2	A3	4590
1	3	A3	4590
1	1	A3	4591
1	2	A3	4591
1	3	A3	4591
1	1	A3	4592
1	2	A3	4592
1	3	A3	4592
1	1	A3	4593
1	2	A3	4593
1	3	A3	4593
1	1	A3	4594
1	2	A3	4594
1	3	A3	4594
1	1	A3	4595
1	2	A3	4595
1	3	A3	4595
1	1	A3	4596
1	2	A3	4596
1	3	A3	4596
1	1	A3	4597
1	2	A3	4597
1	3	A3	4597
1	1	A3	4598
1	2	A3	4598
1	3	A3	4598
1	1	A3	4599
1	2	A3	4599
1	3	A3	4599
1	1	A3	4600
1	2	A3	4600
1	3	A3	4600
1	1	A3	4601
1	2	A3	4601
1	3	A3	4601
1	1	A3	4602
1	2	A3	4602
1	3	A3	4602
1	1	A3	4603
1	2	A3	4603
1	3	A3	4603
1	1	A3	4604
1	2	A3	4604
1	3	A3	4604
1	1	A3	4605
1	2	A3	4605
1	3	A3	4605
1	1	A3	4606
1	2	A3	4606
1	3	A3	4606
1	1	A3	4607
1	2	A3	4607
1	3	A3	4607
1	1	A3	4608
1	2	A3	4608
1	3	A3	4608
1	1	A3	4609
1	2	A3	4609
1	3	A3	4609
1	1	A3	4610
1	2	A3	4610
1	3	A3	4610
1	1	A3	4611
1	2	A3	4611
1	3	A3	4611
1	1	A3	4612
1	2	A3	4612
1	3	A3	4612
1	1	A3	4613
1	2	A3	4613
1	3	A3	4613
1	1	A3	4614
1	2	A3	4614
1	3	A3	4614
1	1	A3	4615
1	2	A3	4615
1	3	A3	4615
1	1	A3	4616
1	2	A3	4616
1	3	A3	4616
1	1	A3	4617
1	2	A3	4617
1	3	A3	4617
1	1	A3	4618
1	2	A3	4618
1	3	A3	4618
1	1	A3	4619
1	2	A3	4619
1	3	A3	4619
1	1	A3	4620
1	2	A3	4620
1	3	A3	4620
1	1	A3	4621
1	2	A3	4621
1	3	A3	4621
1	1	A3	4622
1	2	A3	4622
1	3	A3	4622
1	1	A3	4623
1	2	A3	4623
1	3	A3	4623
1	1	A3	4624
1	2	A3	4624
1	3	A3	4624
1	1	A3	4625
1	2	A3	4625
1	3	A3	4625
1	1	A3	4626
1	2	A3	4626
1	3	A3	4626
1	1	A3	4627
1	2	A3	4627
1	3	A3	4627
1	1	A3	4628
1	2	A3	4628
1	3	A3	4628
1	1	A3	4629
1	2	A3	4629
1	3	A3	4629
1	1	A3	4630
1	2	A3	4630
1	3	A3	4630
1	1	A3	4631
1	2	A3	4631
1	3	A3	4631
1	1	A3	4632
1	2	A3	4632
1	3	A3	4632
1	1	A3	4633
1	2	A3	4633
1	3	A3	4633
1	1	A3	4634
1	2	A3	4634
1	3	A3	4634
1	1	A3	4635
1	2	A3	4635
1	3	A3	4635
1	1	A3	4636
1	2	A3	4636
1	3	A3	4636
1	1	A3	4637
1	2	A3	4637
1	3	A3	4637
1	1	A3	4638
1	2	A3	4638
1	3	A3	4638
1	1	A3	4639
1	2	A3	4639
1	3	A3	4639
1	1	A3	4640
1	2	A3	4640
1	3	A3	4640
1	1	A3	4641
1	2	A3	4641
1	3	A3	4641
1	1	A3	4642
1	2	A3	4642
1	3	A3	4642
1	1	A3	4643
1	2	A3	4643
1	3	A3	4643
1	1	A3	4644
1	2	A3	4644
1	3	A3	4644
1	1	A3	4645
1	2	A3	4645
1	3	A3	4645
1	1	A3	4646
1	2	A3	4646
1	3	A3	4646
1	1	A3	4647
1	2	A3	4647
1	3	A3	4647
1	1	A3	4648
1	2	A3	4648
1	3	A3	4648
1	1	A3	4649
1	2	A3	4649
1	3	A3	4649
1	1	A3	4650
1	2	A3	4650
1	3	A3	4650
1	1	A3	4651
1	2	A3	4651
1	3	A3	4651
1	1	A3	4652
1	2	A3	4652
1	3	A3	4652
1	1	A3	4653
1	2	A3	4653
1	3	A3	4653
1	1	A3	4654
1	2	A3	4654
1	3	A3	4654
1	1	A3	4655
1	2	A3	4655
1	3	A3	4655
1	1	A3	4656
1	2	A3	4656
1	3	A3	4656
1	1	A3	4657
1	2	A3	4657
1	3	A3	4657
1	1	A3	4658
1	2	A3	4658
1	3	A3	4658
1	1	A3	4659
1	2	A3	4659
1	3	A3	4659
1	1	A3	4660
1	2	A3	4660
1	3	A3	4660
1	1	A3	4661
1	2	A3	4661
1	3	A3	4661
1	1	A3	4662
1	2	A3	4662
1	3	A3	4662
1	1	A3	4663
1	2	A3	4663
1	3	A3	4663
1	1	A3	4664
1	2	A3	4664
1	3	A3	4664
1	1	A3	4665
1	2	A3	4665
1	3	A3	4665
1	1	A3	4666
1	2	A3	4666
1	3	A3	4666
1	1	A3	4667
1	2	A3	4667
1	3	A3	4667
1	1	A3	4668
1	2	A3	4668
1	3	A3	4668
1	1	A3	4669
1	2	A3	4669
1	3	A3	4669
1	1	A3	4670
1	2	A3	4670
1	3	A3	4670
1	1	A3	4671
1	2	A3	4671
1	3	A3	4671
1	1	A3	4672
1	2	A3	4672
1	3	A3	4672
1	1	A3	4673
1	2	A3	4673
1	3	A3	4673
1	1	A3	4674
1	2	A3	4674
1	3	A3	4674
1	1	A3	4675
1	2	A3	4675
1	3	A3	4675
1	1	A3	4676
1	2	A3	4676
1	3	A3	4676
1	1	A3	4677
1	2	A3	4677
1	3	A3	4677
1	1	A3	4678
1	2	A3	4678
1	3	A3	4678
1	1	A3	4679
1	2	A3	4679
1	3	A3	4679
1	1	A3	4680
1	2	A3	4680
1	3	A3	4680
1	1	A3	4681
1	2	A3	4681
1	3	A3	4681
1	1	A3	4682
1	2	A3	4682
1	3	A3	4682
1	1	A3	4683
1	2	A3	4683
1	3	A3	4683
1	1	A3	4684
1	2	A3	4684
1	3	A3	4684
1	1	A3	4685
1	2	A3	4685
1	3	A3	4685
1	1	A3	4686
1	2	A3	4686
1	3	A3	4686
1	1	A3	4687
1	2	A3	4687
1	3	A3	4687
1	1	A3	4688
1	2	A3	4688
1	3	A3	4688
1	1	A3	4689
1	2	A3	4689
1	3	A3	4689
1	1	A3	4690
1	2	A3	4690
1	3	A3	4690
1	1	A3	4691
1	2	A3	4691
1	3	A3	4691
1	1	A3	4692
1	2	A3	4692
1	3	A3	4692
1	1	A3	4693
1	2	A3	4693
1	3	A3	4693
1	1	A3	4694
1	2	A3	4694
1	3	A3	4694
1	1	A3	4695
1	2	A3	4695
1	3	A3	4695
1	1	A3	4696
1	2	A3	4696
1	3	A3	4696
1	1	A3	4697
1	2	A3	4697
1	3	A3	4697
1	1	A3	4698
1	2	A3	4698
1	3	A3	4698
1	1	A3	4699
1	2	A3	4699
1	3	A3	4699
1	1	A3	4700
1	2	A3	4700
1	3	A3	4700
1	1	A3	4701
1	2	A3	4701
1	3	A3	4701
1	1	A3	4702
1	2	A3	4702
1	3	A3	4702
1	1	A3	4703
1	2	A3	4703
1	3	A3	4703
1	1	A3	4704
1	2	A3	4704
1	3	A3	4704
1	1	A3	4705
1	2	A3	4705
1	3	A3	4705
1	1	A3	4706
1	2	A3	4706
1	3	A3	4706
1	1	A3	4707
1	2	A3	4707
1	3	A3	4707
1	1	A3	4708
1	2	A3	4708
1	3	A3	4708
1	1	A3	4709
1	2	A3	4709
1	3	A3	4709
1	1	A3	4710
1	2	A3	4710
1	3	A3	4710
1	1	A3	4711
1	2	A3	4711
1	3	A3	4711
1	1	A3	4712
1	2	A3	4712
1	3	A3	4712
1	1	A3	4713
1	2	A3	4713
1	3	A3	4713
1	1	A3	4714
1	2	A3	4714
1	3	A3	4714
1	1	A3	4715
1	2	A3	4715
1	3	A3	4715
1	1	A3	4716
1	2	A3	4716
1	3	A3	4716
1	1	A3	4717
1	2	A3	4717
1	3	A3	4717
1	1	A3	4718
1	2	A3	4718
1	3	A3	4718
1	1	A3	4719
1	2	A3	4719
1	3	A3	4719
1	1	A3	4720
1	2	A3	4720
1	3	A3	4720
1	1	A3	4721
1	2	A3	4721
1	3	A3	4721
1	1	A3	4722
1	2	A3	4722
1	3	A3	4722
1	1	A3	4723
1	2	A3	4723
1	3	A3	4723
1	1	A3	4724
1	2	A3	4724
1	3	A3	4724
1	1	A3	4725
1	2	A3	4725
1	3	A3	4725
1	1	A3	4726
1	2	A3	4726
1	3	A3	4726
1	1	A3	4727
1	2	A3	4727
1	3	A3	4727
1	1	A3	4728
1	2	A3	4728
1	3	A3	4728
1	1	A3	4729
1	2	A3	4729
1	3	A3	4729
1	1	A3	4730
1	2	A3	4730
1	3	A3	4730
1	1	A3	4731
1	2	A3	4731
1	3	A3	4731
1	1	A3	4732
1	2	A3	4732
1	3	A3	4732
1	1	A3	4733
1	2	A3	4733
1	3	A3	4733
1	1	A3	4734
1	2	A3	4734
1	3	A3	4734
1	1	A3	4735
1	2	A3	4735
1	3	A3	4735
1	1	A3	4736
1	2	A3	4736
1	3	A3	4736
1	1	A3	4737
1	2	A3	4737
1	3	A3	4737
1	1	A3	4738
1	2	A3	4738
1	3	A3	4738
1	1	A3	4739
1	2	A3	4739
1	3	A3	4739
1	1	A3	4740
1	2	A3	4740
1	3	A3	4740
1	1	A3	4741
1	2	A3	4741
1	3	A3	4741
1	1	A3	4742
1	2	A3	4742
1	3	A3	4742
1	1	A3	4743
1	2	A3	4743
1	3	A3	4743
1	1	A3	4744
1	2	A3	4744
1	3	A3	4744
1	1	A3	4745
1	2	A3	4745
1	3	A3	4745
1	1	A3	4746
1	2	A3	4746
1	3	A3	4746
1	1	A3	4747
1	2	A3	4747
1	3	A3	4747
1	1	A3	4748
1	2	A3	4748
1	3	A3	4748
1	1	A3	4749
1	2	A3	4749
1	3	A3	4749
1	1	A3	4750
1	2	A3	4750
1	3	A3	4750
1	1	A3	4751
1	2	A3	4751
1	3	A3	4751
1	1	A3	4752
1	2	A3	4752
1	3	A3	4752
1	1	A3	4753
1	2	A3	4753
1	3	A3	4753
1	1	A3	4754
1	2	A3	4754
1	3	A3	4754
1	1	A3	4755
1	2	A3	4755
1	3	A3	4755
1	1	A3	4756
1	2	A3	4756
1	3	A3	4756
1	1	A3	4757
1	2	A3	4757
1	3	A3	4757
1	1	A3	4758
1	2	A3	4758
1	3	A3	4758
1	1	A3	4759
1	2	A3	4759
1	3	A3	4759
1	1	A3	4760
1	2	A3	4760
1	3	A3	4760
1	1	A3	4761
1	2	A3	4761
1	3	A3	4761
1	1	A3	4762
1	2	A3	4762
1	3	A3	4762
1	1	A3	4763
1	2	A3	4763
1	3	A3	4763
1	1	A3	4764
1	2	A3	4764
1	3	A3	4764
1	1	A3	4765
1	2	A3	4765
1	3	A3	4765
1	1	A3	4766
1	2	A3	4766
1	3	A3	4766
1	1	A3	4767
1	2	A3	4767
1	3	A3	4767
1	1	A3	4768
1	2	A3	4768
1	3	A3	4768
1	1	A3	4769
1	2	A3	4769
1	3	A3	4769
1	1	A3	4770
1	2	A3	4770
1	3	A3	4770
1	1	A3	4771
1	2	A3	4771
1	3	A3	4771
1	1	A3	4772
1	2	A3	4772
1	3	A3	4772
1	1	A3	4773
1	2	A3	4773
1	3	A3	4773
1	1	A3	4774
1	2	A3	4774
1	3	A3	4774
1	1	A3	4775
1	2	A3	4775
1	3	A3	4775
1	1	A3	4776
1	2	A3	4776
1	3	A3	4776
1	1	A3	4777
1	2	A3	4777
1	3	A3	4777
1	1	A3	4778
1	2	A3	4778
1	3	A3	4778
1	1	A3	4779
1	2	A3	4779
1	3	A3	4779
1	1	A3	4780
1	2	A3	4780
1	3	A3	4780
1	1	A3	4781
1	2	A3	4781
1	3	A3	4781
1	1	A3	4782
1	2	A3	4782
1	3	A3	4782
1	1	A3	4783
1	2	A3	4783
1	3	A3	4783
1	1	A3	4784
1	2	A3	4784
1	3	A3	4784
1	1	A3	4785
1	2	A3	4785
1	3	A3	4785
1	1	A3	4786
1	2	A3	4786
1	3	A3	4786
1	1	A3	4787
1	2	A3	4787
1	3	A3	4787
1	1	A3	4788
1	2	A3	4788
1	3	A3	4788
1	1	A3	4789
1	2	A3	4789
1	3	A3	4789
1	1	A3	4790
1	2	A3	4790
1	3	A3	4790
1	1	A3	4791
1	2	A3	4791
1	3	A3	4791
1	1	A3	4792
1	2	A3	4792
1	3	A3	4792
1	1	A3	4793
1	2	A3	4793
1	3	A3	4793
1	1	A3	4794
1	2	A3	4794
1	3	A3	4794
1	1	A3	4795
1	2	A3	4795
1	3	A3	4795
1	1	A3	4796
1	2	A3	4796
1	3	A3	4796
1	1	A3	4797
1	2	A3	4797
1	3	A3	4797
1	1	A3	4798
1	2	A3	4798
1	3	A3	4798
1	1	A3	4799
1	2	A3	4799
1	3	A3	4799
1	1	A3	4800
1	2	A3	4800
1	3	A3	4800
1	1	A3	4801
1	2	A3	4801
1	3	A3	4801
1	1	A3	4802
1	2	A3	4802
1	3	A3	4802
1	1	A3	4803
1	2	A3	4803
1	3	A3	4803
1	1	A3	4804
1	2	A3	4804
1	3	A3	4804
1	1	A3	4805
1	2	A3	4805
1	3	A3	4805
1	1	A3	4806
1	2	A3	4806
1	3	A3	4806
1	1	A3	4807
1	2	A3	4807
1	3	A3	4807
1	1	A3	4808
1	2	A3	4808
1	3	A3	4808
1	1	A3	4809
1	2	A3	4809
1	3	A3	4809
1	1	A3	4810
1	2	A3	4810
1	3	A3	4810
1	1	A3	4811
1	2	A3	4811
1	3	A3	4811
1	1	A3	4812
1	2	A3	4812
1	3	A3	4812
1	1	A3	4813
1	2	A3	4813
1	3	A3	4813
1	1	A3	4814
1	2	A3	4814
1	3	A3	4814
1	1	A3	4815
1	2	A3	4815
1	3	A3	4815
1	1	A3	4816
1	2	A3	4816
1	3	A3	4816
1	1	A3	4817
1	2	A3	4817
1	3	A3	4817
1	1	A3	4818
1	2	A3	4818
1	3	A3	4818
1	1	A3	4819
1	2	A3	4819
1	3	A3	4819
1	1	A3	4820
1	2	A3	4820
1	3	A3	4820
1	1	A3	4821
1	2	A3	4821
1	3	A3	4821
1	1	A3	4822
1	2	A3	4822
1	3	A3	4822
1	1	A3	4823
1	2	A3	4823
1	3	A3	4823
1	1	A3	4824
1	2	A3	4824
1	3	A3	4824
1	1	A3	4825
1	2	A3	4825
1	3	A3	4825
1	1	A3	4826
1	2	A3	4826
1	3	A3	4826
1	1	A3	4827
1	2	A3	4827
1	3	A3	4827
1	1	A3	4828
1	2	A3	4828
1	3	A3	4828
1	1	A3	4829
1	2	A3	4829
1	3	A3	4829
1	1	A3	4830
1	2	A3	4830
1	3	A3	4830
1	1	A3	4831
1	2	A3	4831
1	3	A3	4831
1	1	A3	4832
1	2	A3	4832
1	3	A3	4832
1	1	A3	4833
1	2	A3	4833
1	3	A3	4833
1	1	A3	4834
1	2	A3	4834
1	3	A3	4834
1	1	A3	4835
1	2	A3	4835
1	3	A3	4835
1	1	A3	4836
1	2	A3	4836
1	3	A3	4836
1	1	A3	4837
1	2	A3	4837
1	3	A3	4837
1	1	A3	4838
1	2	A3	4838
1	3	A3	4838
1	1	A3	4839
1	2	A3	4839
1	3	A3	4839
1	1	A3	4840
1	2	A3	4840
1	3	A3	4840
1	1	A3	4841
1	2	A3	4841
1	3	A3	4841
1	1	A3	4842
1	2	A3	4842
1	3	A3	4842
1	1	A3	4843
1	2	A3	4843
1	3	A3	4843
1	1	A3	4844
1	2	A3	4844
1	3	A3	4844
1	1	A3	4845
1	2	A3	4845
1	3	A3	4845
1	1	A3	4846
1	2	A3	4846
1	3	A3	4846
1	1	A3	4847
1	2	A3	4847
1	3	A3	4847
1	1	A3	4848
1	2	A3	4848
1	3	A3	4848
1	1	A3	4849
1	2	A3	4849
1	3	A3	4849
1	1	A3	4850
1	2	A3	4850
1	3	A3	4850
1	1	A3	4851
1	2	A3	4851
1	3	A3	4851
1	1	A3	4852
1	2	A3	4852
1	3	A3	4852
1	1	A3	4853
1	2	A3	4853
1	3	A3	4853
1	1	A3	4854
1	2	A3	4854
1	3	A3	4854
1	1	A3	4855
1	2	A3	4855
1	3	A3	4855
1	1	A3	4856
1	2	A3	4856
1	3	A3	4856
1	1	A3	4857
1	2	A3	4857
1	3	A3	4857
1	1	A3	4858
1	2	A3	4858
1	3	A3	4858
1	1	A3	4859
1	2	A3	4859
1	3	A3	4859
1	1	A3	4860
1	2	A3	4860
1	3	A3	4860
1	1	A3	4861
1	2	A3	4861
1	3	A3	4861
1	1	A3	4862
1	2	A3	4862
1	3	A3	4862
1	1	A3	4863
1	2	A3	4863
1	3	A3	4863
1	1	A3	4864
1	2	A3	4864
1	3	A3	4864
1	1	A3	4865
1	2	A3	4865
1	3	A3	4865
1	1	A3	4866
1	2	A3	4866
1	3	A3	4866
1	1	A3	4867
1	2	A3	4867
1	3	A3	4867
1	1	A3	4868
1	2	A3	4868
1	3	A3	4868
1	1	A3	4869
1	2	A3	4869
1	3	A3	4869
1	1	A3	4870
1	2	A3	4870
1	3	A3	4870
1	1	A3	4871
1	2	A3	4871
1	3	A3	4871
1	1	A3	4872
1	2	A3	4872
1	3	A3	4872
1	1	A3	4873
1	2	A3	4873
1	3	A3	4873
1	1	A3	4874
1	2	A3	4874
1	3	A3	4874
1	1	A3	4875
1	2	A3	4875
1	3	A3	4875
1	1	A3	4876
1	2	A3	4876
1	3	A3	4876
1	1	A3	4877
1	2	A3	4877
1	3	A3	4877
1	1	A3	4878
1	2	A3	4878
1	3	A3	4878
1	1	A3	4879
1	2	A3	4879
1	3	A3	4879
1	1	A3	4880
1	2	A3	4880
1	3	A3	4880
1	1	A3	4881
1	2	A3	4881
1	3	A3	4881
1	1	A3	4882
1	2	A3	4882
1	3	A3	4882
1	1	A3	4883
1	2	A3	4883
1	3	A3	4883
1	1	A3	4884
1	2	A3	4884
1	3	A3	4884
1	1	A3	4885
1	2	A3	4885
1	3	A3	4885
1	1	A3	4886
1	2	A3	4886
1	3	A3	4886
1	1	A3	4887
1	2	A3	4887
1	3	A3	4887
1	1	A3	4888
1	2	A3	4888
1	3	A3	4888
1	1	A3	4889
1	2	A3	4889
1	3	A3	4889
1	1	A3	4890
1	2	A3	4890
1	3	A3	4890
1	1	A3	4891
1	2	A3	4891
1	3	A3	4891
1	1	A3	4892
1	2	A3	4892
1	3	A3	4892
1	1	A3	4893
1	2	A3	4893
1	3	A3	4893
1	1	A3	4894
1	2	A3	4894
1	3	A3	4894
1	1	A3	4895
1	2	A3	4895
1	3	A3	4895
1	1	A3	4896
1	2	A3	4896
1	3	A3	4896
1	1	A3	4897
1	2	A3	4897
1	3	A3	4897
1	1	A3	4898
1	2	A3	4898
1	3	A3	4898
1	1	A3	4899
1	2	A3	4899
1	3	A3	4899
1	1	A3	4900
1	2	A3	4900
1	3	A3	4900
1	1	A3	4901
1	2	A3	4901
1	3	A3	4901
1	1	A3	4902
1	2	A3	4902
1	3	A3	4902
1	1	A3	4903
1	2	A3	4903
1	3	A3	4903
1	1	A3	4904
1	2	A3	4904
1	3	A3	4904
1	1	A3	4905
1	2	A3	4905
1	3	A3	4905
1	1	A3	4906
1	2	A3	4906
1	3	A3	4906
1	1	A3	4907
1	2	A3	4907
1	3	A3	4907
1	1	A3	4908
1	2	A3	4908
1	3	A3	4908
1	1	A3	4909
1	2	A3	4909
1	3	A3	4909
1	1	A3	4910
1	2	A3	4910
1	3	A3	4910
1	1	A3	4911
1	2	A3	4911
1	3	A3	4911
1	1	A3	4912
1	2	A3	4912
1	3	A3	4912
1	1	A3	4913
1	2	A3	4913
1	3	A3	4913
1	1	A3	4914
1	2	A3	4914
1	3	A3	4914
1	1	A3	4915
1	2	A3	4915
1	3	A3	4915
1	1	A3	4916
1	2	A3	4916
1	3	A3	4916
1	1	A3	4917
1	2	A3	4917
1	3	A3	4917
1	1	A3	4918
1	2	A3	4918
1	3	A3	4918
1	1	A3	4919
1	2	A3	4919
1	3	A3	4919
1	1	A3	4920
1	2	A3	4920
1	3	A3	4920
1	1	A3	4921
1	2	A3	4921
1	3	A3	4921
1	1	A3	4922
1	2	A3	4922
1	3	A3	4922
1	1	A3	4923
1	2	A3	4923
1	3	A3	4923
1	1	A3	4924
1	2	A3	4924
1	3	A3	4924
1	1	A3	4925
1	2	A3	4925
1	3	A3	4925
1	1	A3	4926
1	2	A3	4926
1	3	A3	4926
1	1	A3	4927
1	2	A3	4927
1	3	A3	4927
1	1	A3	4928
1	2	A3	4928
1	3	A3	4928
1	1	A3	4929
1	2	A3	4929
1	3	A3	4929
1	1	A3	4930
1	2	A3	4930
1	3	A3	4930
1	1	A3	4931
1	2	A3	4931
1	3	A3	4931
1	1	A3	4932
1	2	A3	4932
1	3	A3	4932
1	1	A3	4933
1	2	A3	4933
1	3	A3	4933
1	1	A3	4934
1	2	A3	4934
1	3	A3	4934
1	1	A3	4935
1	2	A3	4935
1	3	A3	4935
1	1	A3	4936
1	2	A3	4936
1	3	A3	4936
1	1	A3	4937
1	2	A3	4937
1	3	A3	4937
1	1	A3	4938
1	2	A3	4938
1	3	A3	4938
1	1	A3	4939
1	2	A3	4939
1	3	A3	4939
1	1	A3	4940
1	2	A3	4940
1	3	A3	4940
1	1	A3	4941
1	2	A3	4941
1	3	A3	4941
1	1	A3	4942
1	2	A3	4942
1	3	A3	4942
1	1	A3	4943
1	2	A3	4943
1	3	A3	4943
1	1	A3	4944
1	2	A3	4944
1	3	A3	4944
1	1	A3	4945
1	2	A3	4945
1	3	A3	4945
1	1	A3	4946
1	2	A3	4946
1	3	A3	4946
1	1	A3	4947
1	2	A3	4947
1	3	A3	4947
1	1	A3	4948
1	2	A3	4948
1	3	A3	4948
1	1	A3	4949
1	2	A3	4949
1	3	A3	4949
1	1	A3	4950
1	2	A3	4950
1	3	A3	4950
1	1	A3	4951
1	2	A3	4951
1	3	A3	4951
1	1	A3	4952
1	2	A3	4952
1	3	A3	4952
1	1	A3	4953
1	2	A3	4953
1	3	A3	4953
1	1	A3	4954
1	2	A3	4954
1	3	A3	4954
1	1	A3	4955
1	2	A3	4955
1	3	A3	4955
1	1	A3	4956
1	2	A3	4956
1	3	A3	4956
1	1	A3	4957
1	2	A3	4957
1	3	A3	4957
1	1	A3	4958
1	2	A3	4958
1	3	A3	4958
1	1	A3	4959
1	2	A3	4959
1	3	A3	4959
1	1	A3	4960
1	2	A3	4960
1	3	A3	4960
1	1	A3	4961
1	2	A3	4961
1	3	A3	4961
1	1	A3	4962
1	2	A3	4962
1	3	A3	4962
1	1	A3	4963
1	2	A3	4963
1	3	A3	4963
1	1	A3	4964
1	2	A3	4964
1	3	A3	4964
1	1	A3	4965
1	2	A3	4965
1	3	A3	4965
1	1	A3	4966
1	2	A3	4966
1	3	A3	4966
1	1	A3	4967
1	2	A3	4967
1	3	A3	4967
1	1	A3	4968
1	2	A3	4968
1	3	A3	4968
1	1	A3	4969
1	2	A3	4969
1	3	A3	4969
1	1	A3	4970
1	2	A3	4970
1	3	A3	4970
1	1	A3	4971
1	2	A3	4971
1	3	A3	4971
1	1	A3	4972
1	2	A3	4972
1	3	A3	4972
1	1	A3	4973
1	2	A3	4973
1	3	A3	4973
1	1	A3	4974
1	2	A3	4974
1	3	A3	4974
1	1	A3	4975
1	2	A3	4975
1	3	A3	4975
1	1	A3	4976
1	2	A3	4976
1	3	A3	4976
1	1	A3	4977
1	2	A3	4977
1	3	A3	4977
1	1	A3	4978
1	2	A3	4978
1	3	A3	4978
1	1	A3	4979
1	2	A3	4979
1	3	A3	4979
1	1	A3	4980
1	2	A3	4980
1	3	A3	4980
1	1	A3	4981
1	2	A3	4981
1	3	A3	4981
1	1	A3	4982
1	2	A3	4982
1	3	A3	4982
1	1	A3	4983
1	2	A3	4983
1	3	A3	4983
1	1	A3	4984
1	2	A3	4984
1	3	A3	4984
1	1	A3	4985
1	2	A3	4985
1	3	A3	4985
1	1	A3	4986
1	2	A3	4986
1	3	A3	4986
1	1	A3	4987
1	2	A3	4987
1	3	A3	4987
1	1	A3	4988
1	2	A3	4988
1	3	A3	4988
1	1	A3	4989
1	2	A3	4989
1	3	A3	4989
1	1	A3	4990
1	2	A3	4990
1	3	A3	4990
1	1	A3	4991
1	2	A3	4991
1	3	A3	4991
1	1	A3	4992
1	2	A3	4992
1	3	A3	4992
1	1	A3	4993
1	2	A3	4993
1	3	A3	4993
1	1	A3	4994
1	2	A3	4994
1	3	A3	4994
1	1	A3	4995
1	2	A3	4995
1	3	A3	4995
1	1	A3	4996
1	2	A3	4996
1	3	A3	4996
1	1	A3	4997
1	2	A3	4997
1	3	A3	4997
1	1	A3	4998
1	2	A3	4998
1	3	A3	4998
1	1	A3	4999
1	2	A3	4999
1	3	A3	4999
1	1	A3	5000
1	2	A3	5000
1	3	A3	5000
1	1	A3	5001
1	2	A3	5001
1	3	A3	5001
1	1	A3	5002
1	2	A3	5002
1	3	A3	5002
1	1	A3	5003
1	2	A3	5003
1	3	A3	5003
1	1	A3	5004
1	2	A3	5004
1	3	A3	5004
1	1	A3	5005
1	2	A3	5005
1	3	A3	5005
1	1	A3	5006
1	2	A3	5006
1	3	A3	5006
1	1	A3	5007
1	2	A3	5007
1	3	A3	5007
1	1	A3	5008
1	2	A3	5008
1	3	A3	5008
1	1	A3	5009
1	2	A3	5009
1	3	A3	5009
1	1	A3	5010
1	2	A3	5010
1	3	A3	5010
1	1	A3	5011
1	2	A3	5011
1	3	A3	5011
1	1	A3	5012
1	2	A3	5012
1	3	A3	5012
1	1	A3	5013
1	2	A3	5013
1	3	A3	5013
1	1	A3	5014
1	2	A3	5014
1	3	A3	5014
1	1	A3	5015
1	2	A3	5015
1	3	A3	5015
1	1	A3	5016
1	2	A3	5016
1	3	A3	5016
1	1	A3	5017
1	2	A3	5017
1	3	A3	5017
1	1	A3	5018
1	2	A3	5018
1	3	A3	5018
1	1	A3	5019
1	2	A3	5019
1	3	A3	5019
1	1	A3	5020
1	2	A3	5020
1	3	A3	5020
1	1	A3	5021
1	2	A3	5021
1	3	A3	5021
1	1	A3	5022
1	2	A3	5022
1	3	A3	5022
1	1	A3	5023
1	2	A3	5023
1	3	A3	5023
1	1	A3	5024
1	2	A3	5024
1	3	A3	5024
1	1	A3	5025
1	2	A3	5025
1	3	A3	5025
1	1	A3	5026
1	2	A3	5026
1	3	A3	5026
1	1	A3	5027
1	2	A3	5027
1	3	A3	5027
1	1	A3	5028
1	2	A3	5028
1	3	A3	5028
1	1	A3	5029
1	2	A3	5029
1	3	A3	5029
1	1	A3	5030
1	2	A3	5030
1	3	A3	5030
1	1	A3	5031
1	2	A3	5031
1	3	A3	5031
1	1	A3	5032
1	2	A3	5032
1	3	A3	5032
1	1	A3	5033
1	2	A3	5033
1	3	A3	5033
1	1	A3	5034
1	2	A3	5034
1	3	A3	5034
1	1	A3	5035
1	2	A3	5035
1	3	A3	5035
1	1	A3	5036
1	2	A3	5036
1	3	A3	5036
1	1	A3	5037
1	2	A3	5037
1	3	A3	5037
1	1	A3	5038
1	2	A3	5038
1	3	A3	5038
1	1	A3	5039
1	2	A3	5039
1	3	A3	5039
1	1	A3	5040
1	2	A3	5040
1	3	A3	5040
1	1	A3	5041
1	2	A3	5041
1	3	A3	5041
1	1	A3	5042
1	2	A3	5042
1	3	A3	5042
1	1	A3	5043
1	2	A3	5043
1	3	A3	5043
1	1	A3	5044
1	2	A3	5044
1	3	A3	5044
1	1	A3	5045
1	2	A3	5045
1	3	A3	5045
1	1	A3	5046
1	2	A3	5046
1	3	A3	5046
1	1	A3	5047
1	2	A3	5047
1	3	A3	5047
1	1	A3	5048
1	2	A3	5048
1	3	A3	5048
1	1	A3	5049
1	2	A3	5049
1	3	A3	5049
1	1	A3	5050
1	2	A3	5050
1	3	A3	5050
1	1	A3	5051
1	2	A3	5051
1	3	A3	5051
1	1	A3	5052
1	2	A3	5052
1	3	A3	5052
1	1	A3	5053
1	2	A3	5053
1	3	A3	5053
1	1	A3	5054
1	2	A3	5054
1	3	A3	5054
1	1	A3	5055
1	2	A3	5055
1	3	A3	5055
1	1	A3	5056
1	2	A3	5056
1	3	A3	5056
1	1	A3	5057
1	2	A3	5057
1	3	A3	5057
1	1	A3	5058
1	2	A3	5058
1	3	A3	5058
1	1	A3	5059
1	2	A3	5059
1	3	A3	5059
1	1	A3	5060
1	2	A3	5060
1	3	A3	5060
1	1	A3	5061
1	2	A3	5061
1	3	A3	5061
1	1	A3	5062
1	2	A3	5062
1	3	A3	5062
1	1	A3	5063
1	2	A3	5063
1	3	A3	5063
1	1	A3	5064
1	2	A3	5064
1	3	A3	5064
1	1	A3	5065
1	2	A3	5065
1	3	A3	5065
1	1	A3	5066
1	2	A3	5066
1	3	A3	5066
1	1	A3	5067
1	2	A3	5067
1	3	A3	5067
1	1	A3	5068
1	2	A3	5068
1	3	A3	5068
1	1	A3	5069
1	2	A3	5069
1	3	A3	5069
1	1	A3	5070
1	2	A3	5070
1	3	A3	5070
1	1	A3	5071
1	2	A3	5071
1	3	A3	5071
1	1	A3	5072
1	2	A3	5072
1	3	A3	5072
1	1	A3	5073
1	2	A3	5073
1	3	A3	5073
1	1	A3	5074
1	2	A3	5074
1	3	A3	5074
1	1	A3	5075
1	2	A3	5075
1	3	A3	5075
1	1	A3	5076
1	2	A3	5076
1	3	A3	5076
1	1	A3	5077
1	2	A3	5077
1	3	A3	5077
1	1	A3	5078
1	2	A3	5078
1	3	A3	5078
1	1	A3	5079
1	2	A3	5079
1	3	A3	5079
1	1	A3	5080
1	2	A3	5080
1	3	A3	5080
1	1	A3	5081
1	2	A3	5081
1	3	A3	5081
1	1	A3	5082
1	2	A3	5082
1	3	A3	5082
1	1	A3	5083
1	2	A3	5083
1	3	A3	5083
1	1	A3	5084
1	2	A3	5084
1	3	A3	5084
1	1	A3	5085
1	2	A3	5085
1	3	A3	5085
1	1	A3	5086
1	2	A3	5086
1	3	A3	5086
1	1	A3	5087
1	2	A3	5087
1	3	A3	5087
1	1	A3	5088
1	2	A3	5088
1	3	A3	5088
1	1	A3	5089
1	2	A3	5089
1	3	A3	5089
1	1	A3	5090
1	2	A3	5090
1	3	A3	5090
1	1	A3	5091
1	2	A3	5091
1	3	A3	5091
1	1	A3	5092
1	2	A3	5092
1	3	A3	5092
1	1	A3	5093
1	2	A3	5093
1	3	A3	5093
1	1	A3	5094
1	2	A3	5094
1	3	A3	5094
1	1	A3	5095
1	2	A3	5095
1	3	A3	5095
1	1	A3	5096
1	2	A3	5096
1	3	A3	5096
1	1	A3	5097
1	2	A3	5097
1	3	A3	5097
1	1	A3	5098
1	2	A3	5098
1	3	A3	5098
1	1	A3	5099
1	2	A3	5099
1	3	A3	5099
1	1	A3	5100
1	2	A3	5100
1	3	A3	5100
1	1	A3	5101
1	2	A3	5101
1	3	A3	5101
1	1	A3	5102
1	2	A3	5102
1	3	A3	5102
1	1	A3	5103
1	2	A3	5103
1	3	A3	5103
1	1	A3	5104
1	2	A3	5104
1	3	A3	5104
1	1	A3	5105
1	2	A3	5105
1	3	A3	5105
1	1	A3	5106
1	2	A3	5106
1	3	A3	5106
1	1	A3	5107
1	2	A3	5107
1	3	A3	5107
1	1	A3	5108
1	2	A3	5108
1	3	A3	5108
1	1	A3	5109
1	2	A3	5109
1	3	A3	5109
1	1	A3	5110
1	2	A3	5110
1	3	A3	5110
1	1	A3	5111
1	2	A3	5111
1	3	A3	5111
1	1	A3	5112
1	2	A3	5112
1	3	A3	5112
1	1	A3	5113
1	2	A3	5113
1	3	A3	5113
1	1	A3	5114
1	2	A3	5114
1	3	A3	5114
1	1	A3	5115
1	2	A3	5115
1	3	A3	5115
1	1	A3	5116
1	2	A3	5116
1	3	A3	5116
1	1	A3	5117
1	2	A3	5117
1	3	A3	5117
1	1	A3	5118
1	2	A3	5118
1	3	A3	5118
1	1	A3	5119
1	2	A3	5119
1	3	A3	5119
1	1	A3	5120
1	2	A3	5120
1	3	A3	5120
1	1	A3	5121
1	2	A3	5121
1	3	A3	5121
1	1	A3	5122
1	2	A3	5122
1	3	A3	5122
1	1	A3	5123
1	2	A3	5123
1	3	A3	5123
1	1	A3	5124
1	2	A3	5124
1	3	A3	5124
1	1	A3	5125
1	2	A3	5125
1	3	A3	5125
1	1	A3	5126
1	2	A3	5126
1	3	A3	5126
1	1	A3	5127
1	2	A3	5127
1	3	A3	5127
1	1	A3	5128
1	2	A3	5128
1	3	A3	5128
1	1	A3	5129
1	2	A3	5129
1	3	A3	5129
1	1	A3	5130
1	2	A3	5130
1	3	A3	5130
1	1	A3	5131
1	2	A3	5131
1	3	A3	5131
1	1	A3	5132
1	2	A3	5132
1	3	A3	5132
1	1	A3	5133
1	2	A3	5133
1	3	A3	5133
1	1	A3	5134
1	2	A3	5134
1	3	A3	5134
1	1	A3	5135
1	2	A3	5135
1	3	A3	5135
1	1	A3	5136
1	2	A3	5136
1	3	A3	5136
1	1	A3	5137
1	2	A3	5137
1	3	A3	5137
1	1	A3	5138
1	2	A3	5138
1	3	A3	5138
1	1	A3	5139
1	2	A3	5139
1	3	A3	5139
1	1	A3	5140
1	2	A3	5140
1	3	A3	5140
1	1	A3	5141
1	2	A3	5141
1	3	A3	5141
1	1	A3	5142
1	2	A3	5142
1	3	A3	5142
1	1	A3	5143
1	2	A3	5143
1	3	A3	5143
1	1	A3	5144
1	2	A3	5144
1	3	A3	5144
1	1	A3	5145
1	2	A3	5145
1	3	A3	5145
1	1	A3	5146
1	2	A3	5146
1	3	A3	5146
1	1	A3	5147
1	2	A3	5147
1	3	A3	5147
1	1	A3	5148
1	2	A3	5148
1	3	A3	5148
1	1	A3	5149
1	2	A3	5149
1	3	A3	5149
1	1	A3	5150
1	2	A3	5150
1	3	A3	5150
1	1	A3	5151
1	2	A3	5151
1	3	A3	5151
1	1	A3	5152
1	2	A3	5152
1	3	A3	5152
1	1	A3	5153
1	2	A3	5153
1	3	A3	5153
1	1	A3	5154
1	2	A3	5154
1	3	A3	5154
1	1	A3	5155
1	2	A3	5155
1	3	A3	5155
1	1	A3	5156
1	2	A3	5156
1	3	A3	5156
1	1	A3	5157
1	2	A3	5157
1	3	A3	5157
1	1	A3	5158
1	2	A3	5158
1	3	A3	5158
1	1	A3	5159
1	2	A3	5159
1	3	A3	5159
1	1	A3	5160
1	2	A3	5160
1	3	A3	5160
1	1	A3	5161
1	2	A3	5161
1	3	A3	5161
1	1	A3	5162
1	2	A3	5162
1	3	A3	5162
1	1	A3	5163
1	2	A3	5163
1	3	A3	5163
1	1	A3	5164
1	2	A3	5164
1	3	A3	5164
1	1	A3	5165
1	2	A3	5165
1	3	A3	5165
1	1	A3	5166
1	2	A3	5166
1	3	A3	5166
1	1	A3	5167
1	2	A3	5167
1	3	A3	5167
1	1	A3	5168
1	2	A3	5168
1	3	A3	5168
1	1	A3	5169
1	2	A3	5169
1	3	A3	5169
1	1	A3	5170
1	2	A3	5170
1	3	A3	5170
1	1	A3	5171
1	2	A3	5171
1	3	A3	5171
1	1	A3	5172
1	2	A3	5172
1	3	A3	5172
1	1	A3	5173
1	2	A3	5173
1	3	A3	5173
1	1	A3	5174
1	2	A3	5174
1	3	A3	5174
1	1	A3	5175
1	2	A3	5175
1	3	A3	5175
1	1	A3	5176
1	2	A3	5176
1	3	A3	5176
1	1	A3	5177
1	2	A3	5177
1	3	A3	5177
1	1	A3	5178
1	2	A3	5178
1	3	A3	5178
1	1	A3	5179
1	2	A3	5179
1	3	A3	5179
1	1	A3	5180
1	2	A3	5180
1	3	A3	5180
1	1	A3	5181
1	2	A3	5181
1	3	A3	5181
1	1	A3	5182
1	2	A3	5182
1	3	A3	5182
1	1	A3	5183
1	2	A3	5183
1	3	A3	5183
1	1	A3	5184
1	2	A3	5184
1	3	A3	5184
1	1	A3	5185
1	2	A3	5185
1	3	A3	5185
1	1	A3	5186
1	2	A3	5186
1	3	A3	5186
1	1	A3	5187
1	2	A3	5187
1	3	A3	5187
1	1	A3	5188
1	2	A3	5188
1	3	A3	5188
1	1	A3	5189
1	2	A3	5189
1	3	A3	5189
1	1	A3	5190
1	2	A3	5190
1	3	A3	5190
1	1	A3	5191
1	2	A3	5191
1	3	A3	5191
1	1	A3	5192
1	2	A3	5192
1	3	A3	5192
1	1	A3	5193
1	2	A3	5193
1	3	A3	5193
1	1	A3	5194
1	2	A3	5194
1	3	A3	5194
1	1	A3	5195
1	2	A3	5195
1	3	A3	5195
1	1	A3	5196
1	2	A3	5196
1	3	A3	5196
1	1	A3	5197
1	2	A3	5197
1	3	A3	5197
1	1	A3	5198
1	2	A3	5198
1	3	A3	5198
1	1	A3	5199
1	2	A3	5199
1	3	A3	5199
1	1	A3	5200
1	2	A3	5200
1	3	A3	5200
1	1	A3	5201
1	2	A3	5201
1	3	A3	5201
1	1	A3	5202
1	2	A3	5202
1	3	A3	5202
1	1	A3	5203
1	2	A3	5203
1	3	A3	5203
1	1	A3	5204
1	2	A3	5204
1	3	A3	5204
1	1	A3	5205
1	2	A3	5205
1	3	A3	5205
1	1	A3	5206
1	2	A3	5206
1	3	A3	5206
1	1	A3	5207
1	2	A3	5207
1	3	A3	5207
1	1	A3	5208
1	2	A3	5208
1	3	A3	5208
1	1	A3	5209
1	2	A3	5209
1	3	A3	5209
1	1	A3	5210
1	2	A3	5210
1	3	A3	5210
1	1	A3	5211
1	2	A3	5211
1	3	A3	5211
1	1	A3	5212
1	2	A3	5212
1	3	A3	5212
1	1	A3	5213
1	2	A3	5213
1	3	A3	5213
1	1	A3	5214
1	2	A3	5214
1	3	A3	5214
1	1	A3	5215
1	2	A3	5215
1	3	A3	5215
1	1	A3	5216
1	2	A3	5216
1	3	A3	5216
1	1	A3	5217
1	2	A3	5217
1	3	A3	5217
1	1	A3	5218
1	2	A3	5218
1	3	A3	5218
1	1	A3	5219
1	2	A3	5219
1	3	A3	5219
1	1	A3	5220
1	2	A3	5220
1	3	A3	5220
1	1	A3	5221
1	2	A3	5221
1	3	A3	5221
1	1	A3	5222
1	2	A3	5222
1	3	A3	5222
1	1	A3	5223
1	2	A3	5223
1	3	A3	5223
1	1	A3	5224
1	2	A3	5224
1	3	A3	5224
1	1	A3	5225
1	2	A3	5225
1	3	A3	5225
1	1	A3	5226
1	2	A3	5226
1	3	A3	5226
1	1	A3	5227
1	2	A3	5227
1	3	A3	5227
1	1	A3	5228
1	2	A3	5228
1	3	A3	5228
1	1	A3	5229
1	2	A3	5229
1	3	A3	5229
1	1	A3	5230
1	2	A3	5230
1	3	A3	5230
1	1	A3	5231
1	2	A3	5231
1	3	A3	5231
1	1	A3	5232
1	2	A3	5232
1	3	A3	5232
1	1	A3	5233
1	2	A3	5233
1	3	A3	5233
1	1	A3	5234
1	2	A3	5234
1	3	A3	5234
1	1	A3	5235
1	2	A3	5235
1	3	A3	5235
1	1	A3	5236
1	2	A3	5236
1	3	A3	5236
1	1	A3	5237
1	2	A3	5237
1	3	A3	5237
1	1	A3	5238
1	2	A3	5238
1	3	A3	5238
1	1	A3	5239
1	2	A3	5239
1	3	A3	5239
1	1	A3	5240
1	2	A3	5240
1	3	A3	5240
1	1	A3	5241
1	2	A3	5241
1	3	A3	5241
1	1	A3	5242
1	2	A3	5242
1	3	A3	5242
1	1	A3	5243
1	2	A3	5243
1	3	A3	5243
1	1	A3	5244
1	2	A3	5244
1	3	A3	5244
1	1	A3	5245
1	2	A3	5245
1	3	A3	5245
1	1	A3	5246
1	2	A3	5246
1	3	A3	5246
1	1	A3	5247
1	2	A3	5247
1	3	A3	5247
1	1	A3	5248
1	2	A3	5248
1	3	A3	5248
1	1	A3	5249
1	2	A3	5249
1	3	A3	5249
1	1	A3	5250
1	2	A3	5250
1	3	A3	5250
1	1	A3	5251
1	2	A3	5251
1	3	A3	5251
1	1	A3	5252
1	2	A3	5252
1	3	A3	5252
1	1	A3	5253
1	2	A3	5253
1	3	A3	5253
1	1	A3	5254
1	2	A3	5254
1	3	A3	5254
1	1	A3	5255
1	2	A3	5255
1	3	A3	5255
1	1	A3	5256
1	2	A3	5256
1	3	A3	5256
1	1	A3	5257
1	2	A3	5257
1	3	A3	5257
1	1	A3	5258
1	2	A3	5258
1	3	A3	5258
1	1	A3	5259
1	2	A3	5259
1	3	A3	5259
1	1	A3	5260
1	2	A3	5260
1	3	A3	5260
1	1	A3	5261
1	2	A3	5261
1	3	A3	5261
1	1	A3	5262
1	2	A3	5262
1	3	A3	5262
1	1	A3	5263
1	2	A3	5263
1	3	A3	5263
1	1	A3	5264
1	2	A3	5264
1	3	A3	5264
1	1	A3	5265
1	2	A3	5265
1	3	A3	5265
1	1	A3	5266
1	2	A3	5266
1	3	A3	5266
1	1	A3	5267
1	2	A3	5267
1	3	A3	5267
1	1	A3	5268
1	2	A3	5268
1	3	A3	5268
1	1	A3	5269
1	2	A3	5269
1	3	A3	5269
1	1	A3	5270
1	2	A3	5270
1	3	A3	5270
1	1	A3	5271
1	2	A3	5271
1	3	A3	5271
1	1	A3	5272
1	2	A3	5272
1	3	A3	5272
1	1	A3	5273
1	2	A3	5273
1	3	A3	5273
1	1	A3	5274
1	2	A3	5274
1	3	A3	5274
1	1	A3	5275
1	2	A3	5275
1	3	A3	5275
1	1	A3	5276
1	2	A3	5276
1	3	A3	5276
1	1	A3	5277
1	2	A3	5277
1	3	A3	5277
1	1	A3	5278
1	2	A3	5278
1	3	A3	5278
1	1	A3	5279
1	2	A3	5279
1	3	A3	5279
1	1	A3	5280
1	2	A3	5280
1	3	A3	5280
1	1	A3	5281
1	2	A3	5281
1	3	A3	5281
1	1	A3	5282
1	2	A3	5282
1	3	A3	5282
1	1	A3	5283
1	2	A3	5283
1	3	A3	5283
1	1	A3	5284
1	2	A3	5284
1	3	A3	5284
1	1	A3	5285
1	2	A3	5285
1	3	A3	5285
1	1	A3	5286
1	2	A3	5286
1	3	A3	5286
1	1	A3	5287
1	2	A3	5287
1	3	A3	5287
1	1	A3	5288
1	2	A3	5288
1	3	A3	5288
1	1	A3	5289
1	2	A3	5289
1	3	A3	5289
1	1	A3	5290
1	2	A3	5290
1	3	A3	5290
1	1	A3	5291
1	2	A3	5291
1	3	A3	5291
1	1	A3	5292
1	2	A3	5292
1	3	A3	5292
1	1	A3	5293
1	2	A3	5293
1	3	A3	5293
1	1	A3	5294
1	2	A3	5294
1	3	A3	5294
1	1	A3	5295
1	2	A3	5295
1	3	A3	5295
1	1	A3	5296
1	2	A3	5296
1	3	A3	5296
1	1	A3	5297
1	2	A3	5297
1	3	A3	5297
1	1	A3	5298
1	2	A3	5298
1	3	A3	5298
1	1	A3	5299
1	2	A3	5299
1	3	A3	5299
1	1	A3	5300
1	2	A3	5300
1	3	A3	5300
1	1	A3	5301
1	2	A3	5301
1	3	A3	5301
1	1	A3	5302
1	2	A3	5302
1	3	A3	5302
1	1	A3	5303
1	2	A3	5303
1	3	A3	5303
1	1	A3	5304
1	2	A3	5304
1	3	A3	5304
1	1	A3	5305
1	2	A3	5305
1	3	A3	5305
1	1	A3	5306
1	2	A3	5306
1	3	A3	5306
1	1	A3	5307
1	2	A3	5307
1	3	A3	5307
1	1	A3	5308
1	2	A3	5308
1	3	A3	5308
1	1	A3	5309
1	2	A3	5309
1	3	A3	5309
1	1	A3	5310
1	2	A3	5310
1	3	A3	5310
1	1	A3	5311
1	2	A3	5311
1	3	A3	5311
1	1	A3	5312
1	2	A3	5312
1	3	A3	5312
1	1	A3	5313
1	2	A3	5313
1	3	A3	5313
1	1	A3	5314
1	2	A3	5314
1	3	A3	5314
1	1	A3	5315
1	2	A3	5315
1	3	A3	5315
1	1	A3	5316
1	2	A3	5316
1	3	A3	5316
1	1	A3	5317
1	2	A3	5317
1	3	A3	5317
1	1	A3	5318
1	2	A3	5318
1	3	A3	5318
1	1	A3	5319
1	2	A3	5319
1	3	A3	5319
1	1	A3	5320
1	2	A3	5320
1	3	A3	5320
1	1	A3	5321
1	2	A3	5321
1	3	A3	5321
1	1	A3	5322
1	2	A3	5322
1	3	A3	5322
1	1	A3	5323
1	2	A3	5323
1	3	A3	5323
1	1	A3	5324
1	2	A3	5324
1	3	A3	5324
1	1	A3	5325
1	2	A3	5325
1	3	A3	5325
1	1	A3	5326
1	2	A3	5326
1	3	A3	5326
1	1	A3	5327
1	2	A3	5327
1	3	A3	5327
1	1	A3	5328
1	2	A3	5328
1	3	A3	5328
1	1	A3	5329
1	2	A3	5329
1	3	A3	5329
1	1	A3	5330
1	2	A3	5330
1	3	A3	5330
1	1	A3	5331
1	2	A3	5331
1	3	A3	5331
1	1	A3	5332
1	2	A3	5332
1	3	A3	5332
1	1	A3	5333
1	2	A3	5333
1	3	A3	5333
1	1	A3	5334
1	2	A3	5334
1	3	A3	5334
1	1	A3	5335
1	2	A3	5335
1	3	A3	5335
1	1	A3	5336
1	2	A3	5336
1	3	A3	5336
1	1	A3	5337
1	2	A3	5337
1	3	A3	5337
1	1	A3	5338
1	2	A3	5338
1	3	A3	5338
1	1	A3	5339
1	2	A3	5339
1	3	A3	5339
1	1	A3	5340
1	2	A3	5340
1	3	A3	5340
1	1	A3	5341
1	2	A3	5341
1	3	A3	5341
1	1	A3	5342
1	2	A3	5342
1	3	A3	5342
1	1	A3	5343
1	2	A3	5343
1	3	A3	5343
1	1	A3	5344
1	2	A3	5344
1	3	A3	5344
1	1	A3	5345
1	2	A3	5345
1	3	A3	5345
1	1	A3	5346
1	2	A3	5346
1	3	A3	5346
1	1	A3	5347
1	2	A3	5347
1	3	A3	5347
1	1	A3	5348
1	2	A3	5348
1	3	A3	5348
1	1	A3	5349
1	2	A3	5349
1	3	A3	5349
1	1	A3	5350
1	2	A3	5350
1	3	A3	5350
1	1	A3	5351
1	2	A3	5351
1	3	A3	5351
1	1	A3	5352
1	2	A3	5352
1	3	A3	5352
1	1	A3	5353
1	2	A3	5353
1	3	A3	5353
1	1	A3	5354
1	2	A3	5354
1	3	A3	5354
1	1	A3	5355
1	2	A3	5355
1	3	A3	5355
1	1	A3	5356
1	2	A3	5356
1	3	A3	5356
1	1	A3	5357
1	2	A3	5357
1	3	A3	5357
1	1	A3	5358
1	2	A3	5358
1	3	A3	5358
1	1	A3	5359
1	2	A3	5359
1	3	A3	5359
1	1	A3	5360
1	2	A3	5360
1	3	A3	5360
1	1	A3	5361
1	2	A3	5361
1	3	A3	5361
1	1	A3	5362
1	2	A3	5362
1	3	A3	5362
1	1	A3	5363
1	2	A3	5363
1	3	A3	5363
1	1	A3	5364
1	2	A3	5364
1	3	A3	5364
1	1	A3	5365
1	2	A3	5365
1	3	A3	5365
1	1	A3	5366
1	2	A3	5366
1	3	A3	5366
1	1	A3	5367
1	2	A3	5367
1	3	A3	5367
1	1	A3	5368
1	2	A3	5368
1	3	A3	5368
1	1	A3	5369
1	2	A3	5369
1	3	A3	5369
1	1	A3	5370
1	2	A3	5370
1	3	A3	5370
1	1	A3	5371
1	2	A3	5371
1	3	A3	5371
1	1	A3	5372
1	2	A3	5372
1	3	A3	5372
1	1	A3	5373
1	2	A3	5373
1	3	A3	5373
1	1	A3	5374
1	2	A3	5374
1	3	A3	5374
1	1	A3	5375
1	2	A3	5375
1	3	A3	5375
1	1	A3	5376
1	2	A3	5376
1	3	A3	5376
1	1	A3	5377
1	2	A3	5377
1	3	A3	5377
1	1	A3	5378
1	2	A3	5378
1	3	A3	5378
1	1	A3	5379
1	2	A3	5379
1	3	A3	5379
1	1	A3	5380
1	2	A3	5380
1	3	A3	5380
1	1	A3	5381
1	2	A3	5381
1	3	A3	5381
1	1	A3	5382
1	2	A3	5382
1	3	A3	5382
1	1	A3	5383
1	2	A3	5383
1	3	A3	5383
1	1	A3	5384
1	2	A3	5384
1	3	A3	5384
1	1	A3	5385
1	2	A3	5385
1	3	A3	5385
1	1	A3	5386
1	2	A3	5386
1	3	A3	5386
1	1	A3	5387
1	2	A3	5387
1	3	A3	5387
1	1	A3	5388
1	2	A3	5388
1	3	A3	5388
1	1	A3	5389
1	2	A3	5389
1	3	A3	5389
1	1	A3	5390
1	2	A3	5390
1	3	A3	5390
1	1	A3	5391
1	2	A3	5391
1	3	A3	5391
1	1	A3	5392
1	2	A3	5392
1	3	A3	5392
1	1	A3	5393
1	2	A3	5393
1	3	A3	5393
1	1	A3	5394
1	2	A3	5394
1	3	A3	5394
1	1	A3	5395
1	2	A3	5395
1	3	A3	5395
1	1	A3	5396
1	2	A3	5396
1	3	A3	5396
1	1	A3	5397
1	2	A3	5397
1	3	A3	5397
1	1	A3	5398
1	2	A3	5398
1	3	A3	5398
1	1	A3	5399
1	2	A3	5399
1	3	A3	5399
1	1	A3	5400
1	2	A3	5400
1	3	A3	5400
1	1	A3	5401
1	2	A3	5401
1	3	A3	5401
1	1	A3	5402
1	2	A3	5402
1	3	A3	5402
1	1	A3	5403
1	2	A3	5403
1	3	A3	5403
1	1	A3	5404
1	2	A3	5404
1	3	A3	5404
1	1	A3	5405
1	2	A3	5405
1	3	A3	5405
1	1	A3	5406
1	2	A3	5406
1	3	A3	5406
1	1	A3	5407
1	2	A3	5407
1	3	A3	5407
1	1	A3	5408
1	2	A3	5408
1	3	A3	5408
1	1	A3	5409
1	2	A3	5409
1	3	A3	5409
1	1	A3	5410
1	2	A3	5410
1	3	A3	5410
1	1	A3	5411
1	2	A3	5411
1	3	A3	5411
1	1	A3	5412
1	2	A3	5412
1	3	A3	5412
1	1	A3	5413
1	2	A3	5413
1	3	A3	5413
1	1	A3	5414
1	2	A3	5414
1	3	A3	5414
1	1	A3	5415
1	2	A3	5415
1	3	A3	5415
1	1	A3	5416
1	2	A3	5416
1	3	A3	5416
1	1	A3	5417
1	2	A3	5417
1	3	A3	5417
1	1	A3	5418
1	2	A3	5418
1	3	A3	5418
1	1	A3	5419
1	2	A3	5419
1	3	A3	5419
1	1	A3	5420
1	2	A3	5420
1	3	A3	5420
1	1	A3	5421
1	2	A3	5421
1	3	A3	5421
1	1	A3	5422
1	2	A3	5422
1	3	A3	5422
1	1	A3	5423
1	2	A3	5423
1	3	A3	5423
1	1	A3	5424
1	2	A3	5424
1	3	A3	5424
1	1	A3	5425
1	2	A3	5425
1	3	A3	5425
1	1	A3	5426
1	2	A3	5426
1	3	A3	5426
1	1	A3	5427
1	2	A3	5427
1	3	A3	5427
1	1	A3	5428
1	2	A3	5428
1	3	A3	5428
1	1	A3	5429
1	2	A3	5429
1	3	A3	5429
1	1	A3	5430
1	2	A3	5430
1	3	A3	5430
1	1	A3	5431
1	2	A3	5431
1	3	A3	5431
1	1	A3	5432
1	2	A3	5432
1	3	A3	5432
1	1	A3	5433
1	2	A3	5433
1	3	A3	5433
1	1	A3	5434
1	2	A3	5434
1	3	A3	5434
1	1	A3	5435
1	2	A3	5435
1	3	A3	5435
1	1	A3	5436
1	2	A3	5436
1	3	A3	5436
1	1	A3	5437
1	2	A3	5437
1	3	A3	5437
1	1	A3	5438
1	2	A3	5438
1	3	A3	5438
1	1	A3	5439
1	2	A3	5439
1	3	A3	5439
1	1	A3	5440
1	2	A3	5440
1	3	A3	5440
1	1	A3	5441
1	2	A3	5441
1	3	A3	5441
1	1	A3	5442
1	2	A3	5442
1	3	A3	5442
1	1	A3	5443
1	2	A3	5443
1	3	A3	5443
1	1	A3	5444
1	2	A3	5444
1	3	A3	5444
1	1	A3	5445
1	2	A3	5445
1	3	A3	5445
1	1	A3	5446
1	2	A3	5446
1	3	A3	5446
1	1	A3	5447
1	2	A3	5447
1	3	A3	5447
1	1	A3	5448
1	2	A3	5448
1	3	A3	5448
1	1	A3	5449
1	2	A3	5449
1	3	A3	5449
1	1	A3	5450
1	2	A3	5450
1	3	A3	5450
1	1	A3	5451
1	2	A3	5451
1	3	A3	5451
1	1	A3	5452
1	2	A3	5452
1	3	A3	5452
1	1	A3	5453
1	2	A3	5453
1	3	A3	5453
1	1	A3	5454
1	2	A3	5454
1	3	A3	5454
1	1	A3	5455
1	2	A3	5455
1	3	A3	5455
1	1	A3	5456
1	2	A3	5456
1	3	A3	5456
1	1	A3	5457
1	2	A3	5457
1	3	A3	5457
1	1	A3	5458
1	2	A3	5458
1	3	A3	5458
1	1	A3	5459
1	2	A3	5459
1	3	A3	5459
1	1	A3	5460
1	2	A3	5460
1	3	A3	5460
1	1	A3	5461
1	2	A3	5461
1	3	A3	5461
1	1	A3	5462
1	2	A3	5462
1	3	A3	5462
1	1	A3	5463
1	2	A3	5463
1	3	A3	5463
1	1	A3	5464
1	2	A3	5464
1	3	A3	5464
1	1	A3	5465
1	2	A3	5465
1	3	A3	5465
1	1	A3	5466
1	2	A3	5466
1	3	A3	5466
1	1	A3	5467
1	2	A3	5467
1	3	A3	5467
1	1	A3	5468
1	2	A3	5468
1	3	A3	5468
1	1	A3	5469
1	2	A3	5469
1	3	A3	5469
1	1	A3	5470
1	2	A3	5470
1	3	A3	5470
1	1	A3	5471
1	2	A3	5471
1	3	A3	5471
1	1	A3	5472
1	2	A3	5472
1	3	A3	5472
1	1	A3	5473
1	2	A3	5473
1	3	A3	5473
1	1	A3	5474
1	2	A3	5474
1	3	A3	5474
1	1	A3	5475
1	2	A3	5475
1	3	A3	5475
1	1	A3	5476
1	2	A3	5476
1	3	A3	5476
1	1	A3	5477
1	2	A3	5477
1	3	A3	5477
1	1	A3	5478
1	2	A3	5478
1	3	A3	5478
1	1	A3	5479
1	2	A3	5479
1	3	A3	5479
1	1	A3	5480
1	2	A3	5480
1	3	A3	5480
1	1	A3	5481
1	2	A3	5481
1	3	A3	5481
1	1	A3	5482
1	2	A3	5482
1	3	A3	5482
1	1	A3	5483
1	2	A3	5483
1	3	A3	5483
1	1	A3	5484
1	2	A3	5484
1	3	A3	5484
1	1	A3	5485
1	2	A3	5485
1	3	A3	5485
1	1	A3	5486
1	2	A3	5486
1	3	A3	5486
1	1	A3	5487
1	2	A3	5487
1	3	A3	5487
1	1	A3	5488
1	2	A3	5488
1	3	A3	5488
1	1	A3	5489
1	2	A3	5489
1	3	A3	5489
1	1	A3	5490
1	2	A3	5490
1	3	A3	5490
1	1	A3	5491
1	2	A3	5491
1	3	A3	5491
1	1	A3	5492
1	2	A3	5492
1	3	A3	5492
1	1	A3	5493
1	2	A3	5493
1	3	A3	5493
1	1	A3	5494
1	2	A3	5494
1	3	A3	5494
1	1	A3	5495
1	2	A3	5495
1	3	A3	5495
1	1	A3	5496
1	2	A3	5496
1	3	A3	5496
1	1	A3	5497
1	2	A3	5497
1	3	A3	5497
1	1	A3	5498
1	2	A3	5498
1	3	A3	5498
1	1	A3	5499
1	2	A3	5499
1	3	A3	5499
1	1	A3	5500
1	2	A3	5500
1	3	A3	5500
1	1	A3	5501
1	2	A3	5501
1	3	A3	5501
1	1	A3	5502
1	2	A3	5502
1	3	A3	5502
1	1	A3	5503
1	2	A3	5503
1	3	A3	5503
1	1	A3	5504
1	2	A3	5504
1	3	A3	5504
1	1	A3	5505
1	2	A3	5505
1	3	A3	5505
1	1	A3	5506
1	2	A3	5506
1	3	A3	5506
1	1	A3	5507
1	2	A3	5507
1	3	A3	5507
1	1	A3	5508
1	2	A3	5508
1	3	A3	5508
1	1	A3	5509
1	2	A3	5509
1	3	A3	5509
1	1	A3	5510
1	2	A3	5510
1	3	A3	5510
1	1	A3	5511
1	2	A3	5511
1	3	A3	5511
1	1	A3	5512
1	2	A3	5512
1	3	A3	5512
1	1	A3	5513
1	2	A3	5513
1	3	A3	5513
1	1	A3	5514
1	2	A3	5514
1	3	A3	5514
1	1	A3	5515
1	2	A3	5515
1	3	A3	5515
1	1	A3	5516
1	2	A3	5516
1	3	A3	5516
1	1	A3	5517
1	2	A3	5517
1	3	A3	5517
1	1	A3	5518
1	2	A3	5518
1	3	A3	5518
1	1	A3	5519
1	2	A3	5519
1	3	A3	5519
1	1	A3	5520
1	2	A3	5520
1	3	A3	5520
1	1	A3	5521
1	2	A3	5521
1	3	A3	5521
1	1	A3	5522
1	2	A3	5522
1	3	A3	5522
1	1	A3	5523
1	2	A3	5523
1	3	A3	5523
1	1	A3	5524
1	2	A3	5524
1	3	A3	5524
1	1	A3	5525
1	2	A3	5525
1	3	A3	5525
1	1	A3	5526
1	2	A3	5526
1	3	A3	5526
1	1	A3	5527
1	2	A3	5527
1	3	A3	5527
1	1	A3	5528
1	2	A3	5528
1	3	A3	5528
1	1	A3	5529
1	2	A3	5529
1	3	A3	5529
1	1	A3	5530
1	2	A3	5530
1	3	A3	5530
1	1	A3	5531
1	2	A3	5531
1	3	A3	5531
1	1	A3	5532
1	2	A3	5532
1	3	A3	5532
1	1	A3	5533
1	2	A3	5533
1	3	A3	5533
1	1	A3	5534
1	2	A3	5534
1	3	A3	5534
1	1	A3	5535
1	2	A3	5535
1	3	A3	5535
1	1	A3	5536
1	2	A3	5536
1	3	A3	5536
1	1	A3	5537
1	2	A3	5537
1	3	A3	5537
1	1	A3	5538
1	2	A3	5538
1	3	A3	5538
1	1	A3	5539
1	2	A3	5539
1	3	A3	5539
1	1	A3	5540
1	2	A3	5540
1	3	A3	5540
1	1	A3	5541
1	2	A3	5541
1	3	A3	5541
1	1	A3	5542
1	2	A3	5542
1	3	A3	5542
1	1	A3	5543
1	2	A3	5543
1	3	A3	5543
1	1	A3	5544
1	2	A3	5544
1	3	A3	5544
1	1	A3	5545
1	2	A3	5545
1	3	A3	5545
1	1	A3	5546
1	2	A3	5546
1	3	A3	5546
1	1	A3	5547
1	2	A3	5547
1	3	A3	5547
1	1	A3	5548
1	2	A3	5548
1	3	A3	5548
1	1	A3	5549
1	2	A3	5549
1	3	A3	5549
1	1	A3	5550
1	2	A3	5550
1	3	A3	5550
1	1	A3	5551
1	2	A3	5551
1	3	A3	5551
1	1	A3	5552
1	2	A3	5552
1	3	A3	5552
1	1	A3	5553
1	2	A3	5553
1	3	A3	5553
1	1	A3	5554
1	2	A3	5554
1	3	A3	5554
1	1	A3	5555
1	2	A3	5555
1	3	A3	5555
1	1	A3	5556
1	2	A3	5556
1	3	A3	5556
1	1	A3	5557
1	2	A3	5557
1	3	A3	5557
1	1	A3	5558
1	2	A3	5558
1	3	A3	5558
1	1	A3	5559
1	2	A3	5559
1	3	A3	5559
1	1	A3	5560
1	2	A3	5560
1	3	A3	5560
1	1	A3	5561
1	2	A3	5561
1	3	A3	5561
1	1	A3	5562
1	2	A3	5562
1	3	A3	5562
1	1	A3	5563
1	2	A3	5563
1	3	A3	5563
1	1	A3	5564
1	2	A3	5564
1	3	A3	5564
1	1	A3	5565
1	2	A3	5565
1	3	A3	5565
1	1	A3	5566
1	2	A3	5566
1	3	A3	5566
1	1	A3	5567
1	2	A3	5567
1	3	A3	5567
1	1	A3	5568
1	2	A3	5568
1	3	A3	5568
1	1	A3	5569
1	2	A3	5569
1	3	A3	5569
1	1	A3	5570
1	2	A3	5570
1	3	A3	5570
1	1	A3	5571
1	2	A3	5571
1	3	A3	5571
1	1	A3	5572
1	2	A3	5572
1	3	A3	5572
1	1	A3	5573
1	2	A3	5573
1	3	A3	5573
1	1	A3	5574
1	2	A3	5574
1	3	A3	5574
1	1	A3	5575
1	2	A3	5575
1	3	A3	5575
1	1	A3	5576
1	2	A3	5576
1	3	A3	5576
1	1	A3	5577
1	2	A3	5577
1	3	A3	5577
1	1	A3	5578
1	2	A3	5578
1	3	A3	5578
1	1	A3	5579
1	2	A3	5579
1	3	A3	5579
1	1	A3	5580
1	2	A3	5580
1	3	A3	5580
1	1	A3	5581
1	2	A3	5581
1	3	A3	5581
1	1	A3	5582
1	2	A3	5582
1	3	A3	5582
1	1	A3	5583
1	2	A3	5583
1	3	A3	5583
1	1	A3	5584
1	2	A3	5584
1	3	A3	5584
1	1	A3	5585
1	2	A3	5585
1	3	A3	5585
1	1	A3	5586
1	2	A3	5586
1	3	A3	5586
1	1	A3	5587
1	2	A3	5587
1	3	A3	5587
1	1	A3	5588
1	2	A3	5588
1	3	A3	5588
1	1	A3	5589
1	2	A3	5589
1	3	A3	5589
1	1	A3	5590
1	2	A3	5590
1	3	A3	5590
1	1	A3	5591
1	2	A3	5591
1	3	A3	5591
1	1	A3	5592
1	2	A3	5592
1	3	A3	5592
1	1	A3	5593
1	2	A3	5593
1	3	A3	5593
1	1	A3	5594
1	2	A3	5594
1	3	A3	5594
1	1	A3	5595
1	2	A3	5595
1	3	A3	5595
1	1	A3	5596
1	2	A3	5596
1	3	A3	5596
1	1	A3	5597
1	2	A3	5597
1	3	A3	5597
1	1	A3	5598
1	2	A3	5598
1	3	A3	5598
1	1	A3	5599
1	2	A3	5599
1	3	A3	5599
1	1	A3	5600
1	2	A3	5600
1	3	A3	5600
1	1	A3	5601
1	2	A3	5601
1	3	A3	5601
1	1	A3	5602
1	2	A3	5602
1	3	A3	5602
1	1	A3	5603
1	2	A3	5603
1	3	A3	5603
1	1	A3	5604
1	2	A3	5604
1	3	A3	5604
1	1	A3	5605
1	2	A3	5605
1	3	A3	5605
1	1	A3	5606
1	2	A3	5606
1	3	A3	5606
1	1	A3	5607
1	2	A3	5607
1	3	A3	5607
1	1	A3	5608
1	2	A3	5608
1	3	A3	5608
1	1	A3	5609
1	2	A3	5609
1	3	A3	5609
1	1	A3	5610
1	2	A3	5610
1	3	A3	5610
1	1	A3	5611
1	2	A3	5611
1	3	A3	5611
1	1	A3	5612
1	2	A3	5612
1	3	A3	5612
1	1	A3	5613
1	2	A3	5613
1	3	A3	5613
1	1	A3	5614
1	2	A3	5614
1	3	A3	5614
1	1	A3	5615
1	2	A3	5615
1	3	A3	5615
1	1	A3	5616
1	2	A3	5616
1	3	A3	5616
1	1	A3	5617
1	2	A3	5617
1	3	A3	5617
1	1	A3	5618
1	2	A3	5618
1	3	A3	5618
1	1	A3	5619
1	2	A3	5619
1	3	A3	5619
1	1	A3	5620
1	2	A3	5620
1	3	A3	5620
1	1	A3	5621
1	2	A3	5621
1	3	A3	5621
1	1	A3	5622
1	2	A3	5622
1	3	A3	5622
1	1	A3	5623
1	2	A3	5623
1	3	A3	5623
1	1	A3	5624
1	2	A3	5624
1	3	A3	5624
1	1	A3	5625
1	2	A3	5625
1	3	A3	5625
1	1	A3	5626
1	2	A3	5626
1	3	A3	5626
1	1	A3	5627
1	2	A3	5627
1	3	A3	5627
1	1	A3	5628
1	2	A3	5628
1	3	A3	5628
1	1	A3	5629
1	2	A3	5629
1	3	A3	5629
1	1	A3	5630
1	2	A3	5630
1	3	A3	5630
1	1	A3	5631
1	2	A3	5631
1	3	A3	5631
1	1	A3	5632
1	2	A3	5632
1	3	A3	5632
1	1	A3	5633
1	2	A3	5633
1	3	A3	5633
1	1	A3	5634
1	2	A3	5634
1	3	A3	5634
1	1	A3	5635
1	2	A3	5635
1	3	A3	5635
1	1	A3	5636
1	2	A3	5636
1	3	A3	5636
1	1	A3	5637
1	2	A3	5637
1	3	A3	5637
1	1	A3	5638
1	2	A3	5638
1	3	A3	5638
1	1	A3	5639
1	2	A3	5639
1	3	A3	5639
1	1	A3	5640
1	2	A3	5640
1	3	A3	5640
1	1	A3	5641
1	2	A3	5641
1	3	A3	5641
1	1	A3	5642
1	2	A3	5642
1	3	A3	5642
1	1	A3	5643
1	2	A3	5643
1	3	A3	5643
1	1	A3	5644
1	2	A3	5644
1	3	A3	5644
1	1	A3	5645
1	2	A3	5645
1	3	A3	5645
1	1	A3	5646
1	2	A3	5646
1	3	A3	5646
1	1	A3	5647
1	2	A3	5647
1	3	A3	5647
1	1	A3	5648
1	2	A3	5648
1	3	A3	5648
1	1	A3	5649
1	2	A3	5649
1	3	A3	5649
1	1	A3	5650
1	2	A3	5650
1	3	A3	5650
1	1	A3	5651
1	2	A3	5651
1	3	A3	5651
1	1	A3	5652
1	2	A3	5652
1	3	A3	5652
1	1	A3	5653
1	2	A3	5653
1	3	A3	5653
1	1	A3	5654
1	2	A3	5654
1	3	A3	5654
1	1	A3	5655
1	2	A3	5655
1	3	A3	5655
1	1	A3	5656
1	2	A3	5656
1	3	A3	5656
1	1	A3	5657
1	2	A3	5657
1	3	A3	5657
1	1	A3	5658
1	2	A3	5658
1	3	A3	5658
1	1	A3	5659
1	2	A3	5659
1	3	A3	5659
1	1	A3	5660
1	2	A3	5660
1	3	A3	5660
1	1	A3	5661
1	2	A3	5661
1	3	A3	5661
1	1	A3	5662
1	2	A3	5662
1	3	A3	5662
1	1	A3	5663
1	2	A3	5663
1	3	A3	5663
1	1	A3	5664
1	2	A3	5664
1	3	A3	5664
1	1	A3	5665
1	2	A3	5665
1	3	A3	5665
1	1	A3	5666
1	2	A3	5666
1	3	A3	5666
1	1	A3	5667
1	2	A3	5667
1	3	A3	5667
1	1	A3	5668
1	2	A3	5668
1	3	A3	5668
1	1	A3	5669
1	2	A3	5669
1	3	A3	5669
1	1	A3	5670
1	2	A3	5670
1	3	A3	5670
1	1	A3	5671
1	2	A3	5671
1	3	A3	5671
1	1	A3	5672
1	2	A3	5672
1	3	A3	5672
1	1	A3	5673
1	2	A3	5673
1	3	A3	5673
1	1	A3	5674
1	2	A3	5674
1	3	A3	5674
1	1	A3	5675
1	2	A3	5675
1	3	A3	5675
1	1	A3	5676
1	2	A3	5676
1	3	A3	5676
1	1	A3	5677
1	2	A3	5677
1	3	A3	5677
1	1	A3	5678
1	2	A3	5678
1	3	A3	5678
1	1	A3	5679
1	2	A3	5679
1	3	A3	5679
1	1	A3	5680
1	2	A3	5680
1	3	A3	5680
1	1	A3	5681
1	2	A3	5681
1	3	A3	5681
1	1	A3	5682
1	2	A3	5682
1	3	A3	5682
1	1	A3	5683
1	2	A3	5683
1	3	A3	5683
1	1	A3	5684
1	2	A3	5684
1	3	A3	5684
1	1	A3	5685
1	2	A3	5685
1	3	A3	5685
1	1	A3	5686
1	2	A3	5686
1	3	A3	5686
1	1	A3	5687
1	2	A3	5687
1	3	A3	5687
1	1	A3	5688
1	2	A3	5688
1	3	A3	5688
1	1	A3	5689
1	2	A3	5689
1	3	A3	5689
1	1	A3	5690
1	2	A3	5690
1	3	A3	5690
1	1	A3	5691
1	2	A3	5691
1	3	A3	5691
1	1	A3	5692
1	2	A3	5692
1	3	A3	5692
1	1	A3	5693
1	2	A3	5693
1	3	A3	5693
1	1	A3	5694
1	2	A3	5694
1	3	A3	5694
1	1	A3	5695
1	2	A3	5695
1	3	A3	5695
1	1	A3	5696
1	2	A3	5696
1	3	A3	5696
1	1	A3	5697
1	2	A3	5697
1	3	A3	5697
1	1	A3	5698
1	2	A3	5698
1	3	A3	5698
1	1	A3	5699
1	2	A3	5699
1	3	A3	5699
1	1	A3	5700
1	2	A3	5700
1	3	A3	5700
1	1	A3	5701
1	2	A3	5701
1	3	A3	5701
1	1	A3	5702
1	2	A3	5702
1	3	A3	5702
1	1	A3	5703
1	2	A3	5703
1	3	A3	5703
1	1	A3	5704
1	2	A3	5704
1	3	A3	5704
1	1	A3	5705
1	2	A3	5705
1	3	A3	5705
1	1	A3	5706
1	2	A3	5706
1	3	A3	5706
1	1	A3	5707
1	2	A3	5707
1	3	A3	5707
1	1	A3	5708
1	2	A3	5708
1	3	A3	5708
1	1	A3	5709
1	2	A3	5709
1	3	A3	5709
1	1	A3	5710
1	2	A3	5710
1	3	A3	5710
1	1	A3	5711
1	2	A3	5711
1	3	A3	5711
1	1	A3	5712
1	2	A3	5712
1	3	A3	5712
1	1	A3	5713
1	2	A3	5713
1	3	A3	5713
1	1	A3	5714
1	2	A3	5714
1	3	A3	5714
1	1	A3	5715
1	2	A3	5715
1	3	A3	5715
1	1	A3	5716
1	2	A3	5716
1	3	A3	5716
1	1	A3	5717
1	2	A3	5717
1	3	A3	5717
1	1	A3	5718
1	2	A3	5718
1	3	A3	5718
1	1	A3	5719
1	2	A3	5719
1	3	A3	5719
1	1	A3	5720
1	2	A3	5720
1	3	A3	5720
1	1	A3	5721
1	2	A3	5721
1	3	A3	5721
1	1	A3	5722
1	2	A3	5722
1	3	A3	5722
1	1	A3	5723
1	2	A3	5723
1	3	A3	5723
1	1	A3	5724
1	2	A3	5724
1	3	A3	5724
1	1	A3	5725
1	2	A3	5725
1	3	A3	5725
1	1	A3	5726
1	2	A3	5726
1	3	A3	5726
1	1	A3	5727
1	2	A3	5727
1	3	A3	5727
1	1	A3	5728
1	2	A3	5728
1	3	A3	5728
1	1	A3	5729
1	2	A3	5729
1	3	A3	5729
1	1	A3	5730
1	2	A3	5730
1	3	A3	5730
1	1	A3	5731
1	2	A3	5731
1	3	A3	5731
1	1	A3	5732
1	2	A3	5732
1	3	A3	5732
1	1	A3	5733
1	2	A3	5733
1	3	A3	5733
1	1	A3	5734
1	2	A3	5734
1	3	A3	5734
1	1	A3	5735
1	2	A3	5735
1	3	A3	5735
1	1	A3	5736
1	2	A3	5736
1	3	A3	5736
1	1	A3	5737
1	2	A3	5737
1	3	A3	5737
1	1	A3	5738
1	2	A3	5738
1	3	A3	5738
1	1	A3	5739
1	2	A3	5739
1	3	A3	5739
1	1	A3	5740
1	2	A3	5740
1	3	A3	5740
1	1	A3	5741
1	2	A3	5741
1	3	A3	5741
1	1	A3	5742
1	2	A3	5742
1	3	A3	5742
1	1	A3	5743
1	2	A3	5743
1	3	A3	5743
1	1	A3	5744
1	2	A3	5744
1	3	A3	5744
1	1	A3	5745
1	2	A3	5745
1	3	A3	5745
1	1	A3	5746
1	2	A3	5746
1	3	A3	5746
1	1	A3	5747
1	2	A3	5747
1	3	A3	5747
1	1	A3	5748
1	2	A3	5748
1	3	A3	5748
1	1	A3	5749
1	2	A3	5749
1	3	A3	5749
1	1	A3	5750
1	2	A3	5750
1	3	A3	5750
1	1	A3	5751
1	2	A3	5751
1	3	A3	5751
1	1	A3	5752
1	2	A3	5752
1	3	A3	5752
1	1	A3	5753
1	2	A3	5753
1	3	A3	5753
1	1	A3	5754
1	2	A3	5754
1	3	A3	5754
1	1	A3	5755
1	2	A3	5755
1	3	A3	5755
1	1	A3	5756
1	2	A3	5756
1	3	A3	5756
1	1	A3	5757
1	2	A3	5757
1	3	A3	5757
1	1	A3	5758
1	2	A3	5758
1	3	A3	5758
1	1	A3	5759
1	2	A3	5759
1	3	A3	5759
1	1	A3	5760
1	2	A3	5760
1	3	A3	5760
1	1	A3	5761
1	2	A3	5761
1	3	A3	5761
1	1	A3	5762
1	2	A3	5762
1	3	A3	5762
1	1	A3	5763
1	2	A3	5763
1	3	A3	5763
1	1	A3	5764
1	2	A3	5764
1	3	A3	5764
1	1	A3	5765
1	2	A3	5765
1	3	A3	5765
1	1	A3	5766
1	2	A3	5766
1	3	A3	5766
1	1	A3	5767
1	2	A3	5767
1	3	A3	5767
1	1	A3	5768
1	2	A3	5768
1	3	A3	5768
1	1	A3	5769
1	2	A3	5769
1	3	A3	5769
1	1	A3	5770
1	2	A3	5770
1	3	A3	5770
1	1	A3	5771
1	2	A3	5771
1	3	A3	5771
1	1	A3	5772
1	2	A3	5772
1	3	A3	5772
1	1	A3	5773
1	2	A3	5773
1	3	A3	5773
1	1	A3	5774
1	2	A3	5774
1	3	A3	5774
1	1	A3	5775
1	2	A3	5775
1	3	A3	5775
1	1	A3	5776
1	2	A3	5776
1	3	A3	5776
1	1	A3	5777
1	2	A3	5777
1	3	A3	5777
1	1	A3	5778
1	2	A3	5778
1	3	A3	5778
1	1	A3	5779
1	2	A3	5779
1	3	A3	5779
1	1	A3	5780
1	2	A3	5780
1	3	A3	5780
1	1	A3	5781
1	2	A3	5781
1	3	A3	5781
1	1	A3	5782
1	2	A3	5782
1	3	A3	5782
1	1	A3	5783
1	2	A3	5783
1	3	A3	5783
1	1	A3	5784
1	2	A3	5784
1	3	A3	5784
1	1	A3	5785
1	2	A3	5785
1	3	A3	5785
1	1	A3	5786
1	2	A3	5786
1	3	A3	5786
1	1	A3	5787
1	2	A3	5787
1	3	A3	5787
1	1	A3	5788
1	2	A3	5788
1	3	A3	5788
1	1	A3	5789
1	2	A3	5789
1	3	A3	5789
1	1	A3	5790
1	2	A3	5790
1	3	A3	5790
1	1	A3	5791
1	2	A3	5791
1	3	A3	5791
1	1	A3	5792
1	2	A3	5792
1	3	A3	5792
1	1	A3	5793
1	2	A3	5793
1	3	A3	5793
1	1	A3	5794
1	2	A3	5794
1	3	A3	5794
1	1	A3	5795
1	2	A3	5795
1	3	A3	5795
1	1	A3	5796
1	2	A3	5796
1	3	A3	5796
1	1	A3	5797
1	2	A3	5797
1	3	A3	5797
1	1	A3	5798
1	2	A3	5798
1	3	A3	5798
1	1	A3	5799
1	2	A3	5799
1	3	A3	5799
1	1	A3	5800
1	2	A3	5800
1	3	A3	5800
1	1	A3	5801
1	2	A3	5801
1	3	A3	5801
1	1	A3	5802
1	2	A3	5802
1	3	A3	5802
1	1	A3	5803
1	2	A3	5803
1	3	A3	5803
1	1	A3	5804
1	2	A3	5804
1	3	A3	5804
1	1	A3	5805
1	2	A3	5805
1	3	A3	5805
1	1	A3	5806
1	2	A3	5806
1	3	A3	5806
1	1	A3	5807
1	2	A3	5807
1	3	A3	5807
1	1	A3	5808
1	2	A3	5808
1	3	A3	5808
1	1	A3	5809
1	2	A3	5809
1	3	A3	5809
1	1	A3	5810
1	2	A3	5810
1	3	A3	5810
1	1	A3	5811
1	2	A3	5811
1	3	A3	5811
1	1	A3	5812
1	2	A3	5812
1	3	A3	5812
1	1	A3	5813
1	2	A3	5813
1	3	A3	5813
1	1	A3	5814
1	2	A3	5814
1	3	A3	5814
1	1	A3	5815
1	2	A3	5815
1	3	A3	5815
1	1	A3	5816
1	2	A3	5816
1	3	A3	5816
1	1	A3	5817
1	2	A3	5817
1	3	A3	5817
1	1	A3	5818
1	2	A3	5818
1	3	A3	5818
1	1	A3	5819
1	2	A3	5819
1	3	A3	5819
1	1	A3	5820
1	2	A3	5820
1	3	A3	5820
1	1	A3	5821
1	2	A3	5821
1	3	A3	5821
1	1	A3	5822
1	2	A3	5822
1	3	A3	5822
1	1	A3	5823
1	2	A3	5823
1	3	A3	5823
1	1	A3	5824
1	2	A3	5824
1	3	A3	5824
1	1	A3	5825
1	2	A3	5825
1	3	A3	5825
1	1	A3	5826
1	2	A3	5826
1	3	A3	5826
1	1	A3	5827
1	2	A3	5827
1	3	A3	5827
1	1	A3	5828
1	2	A3	5828
1	3	A3	5828
1	1	A3	5829
1	2	A3	5829
1	3	A3	5829
1	1	A3	5830
1	2	A3	5830
1	3	A3	5830
1	1	A3	5831
1	2	A3	5831
1	3	A3	5831
1	1	A3	5832
1	2	A3	5832
1	3	A3	5832
1	1	A3	5833
1	2	A3	5833
1	3	A3	5833
1	1	A3	5834
1	2	A3	5834
1	3	A3	5834
1	1	A3	5835
1	2	A3	5835
1	3	A3	5835
1	1	A3	5836
1	2	A3	5836
1	3	A3	5836
1	1	A3	5837
1	2	A3	5837
1	3	A3	5837
1	1	A3	5838
1	2	A3	5838
1	3	A3	5838
1	1	A3	5839
1	2	A3	5839
1	3	A3	5839
1	1	A3	5840
1	2	A3	5840
1	3	A3	5840
1	1	A3	5841
1	2	A3	5841
1	3	A3	5841
1	1	A3	5842
1	2	A3	5842
1	3	A3	5842
1	1	A3	5843
1	2	A3	5843
1	3	A3	5843
1	1	A3	5844
1	2	A3	5844
1	3	A3	5844
1	1	A3	5845
1	2	A3	5845
1	3	A3	5845
1	1	A3	5846
1	2	A3	5846
1	3	A3	5846
1	1	A3	5847
1	2	A3	5847
1	3	A3	5847
1	1	A3	5848
1	2	A3	5848
1	3	A3	5848
1	1	A3	5849
1	2	A3	5849
1	3	A3	5849
1	1	A3	5850
1	2	A3	5850
1	3	A3	5850
1	1	A3	5851
1	2	A3	5851
1	3	A3	5851
1	1	A3	5852
1	2	A3	5852
1	3	A3	5852
1	1	A3	5853
1	2	A3	5853
1	3	A3	5853
1	1	A3	5854
1	2	A3	5854
1	3	A3	5854
1	1	A3	5855
1	2	A3	5855
1	3	A3	5855
1	1	A3	5856
1	2	A3	5856
1	3	A3	5856
1	1	A3	5857
1	2	A3	5857
1	3	A3	5857
1	1	A3	5858
1	2	A3	5858
1	3	A3	5858
1	1	A3	5859
1	2	A3	5859
1	3	A3	5859
1	1	A3	5860
1	2	A3	5860
1	3	A3	5860
1	1	A3	5861
1	2	A3	5861
1	3	A3	5861
1	1	A3	5862
1	2	A3	5862
1	3	A3	5862
1	1	A3	5863
1	2	A3	5863
1	3	A3	5863
1	1	A3	5864
1	2	A3	5864
1	3	A3	5864
1	1	A3	5865
1	2	A3	5865
1	3	A3	5865
1	1	A3	5866
1	2	A3	5866
1	3	A3	5866
1	1	A3	5867
1	2	A3	5867
1	3	A3	5867
1	1	A3	5868
1	2	A3	5868
1	3	A3	5868
1	1	A3	5869
1	2	A3	5869
1	3	A3	5869
1	1	A3	5870
1	2	A3	5870
1	3	A3	5870
1	1	A3	5871
1	2	A3	5871
1	3	A3	5871
1	1	A3	5872
1	2	A3	5872
1	3	A3	5872
1	1	A3	5873
1	2	A3	5873
1	3	A3	5873
1	1	A3	5874
1	2	A3	5874
1	3	A3	5874
1	1	A3	5875
1	2	A3	5875
1	3	A3	5875
1	1	A3	5876
1	2	A3	5876
1	3	A3	5876
1	1	A3	5877
1	2	A3	5877
1	3	A3	5877
1	1	A3	5878
1	2	A3	5878
1	3	A3	5878
1	1	A3	5879
1	2	A3	5879
1	3	A3	5879
1	1	A3	5880
1	2	A3	5880
1	3	A3	5880
1	1	A3	5881
1	2	A3	5881
1	3	A3	5881
1	1	A3	5882
1	2	A3	5882
1	3	A3	5882
1	1	A3	5883
1	2	A3	5883
1	3	A3	5883
1	1	A3	5884
1	2	A3	5884
1	3	A3	5884
1	1	A3	5885
1	2	A3	5885
1	3	A3	5885
1	1	A3	5886
1	2	A3	5886
1	3	A3	5886
1	1	A3	5887
1	2	A3	5887
1	3	A3	5887
1	1	A3	5888
1	2	A3	5888
1	3	A3	5888
1	1	A3	5889
1	2	A3	5889
1	3	A3	5889
1	1	A3	5890
1	2	A3	5890
1	3	A3	5890
1	1	A3	5891
1	2	A3	5891
1	3	A3	5891
1	1	A3	5892
1	2	A3	5892
1	3	A3	5892
1	1	A3	5893
1	2	A3	5893
1	3	A3	5893
1	1	A3	5894
1	2	A3	5894
1	3	A3	5894
1	1	A3	5895
1	2	A3	5895
1	3	A3	5895
1	1	A3	5896
1	2	A3	5896
1	3	A3	5896
1	1	A3	5897
1	2	A3	5897
1	3	A3	5897
1	1	A3	5898
1	2	A3	5898
1	3	A3	5898
1	1	A3	5899
1	2	A3	5899
1	3	A3	5899
1	1	A3	5900
1	2	A3	5900
1	3	A3	5900
1	1	A3	5901
1	2	A3	5901
1	3	A3	5901
1	1	A3	5902
1	2	A3	5902
1	3	A3	5902
1	1	A3	5903
1	2	A3	5903
1	3	A3	5903
1	1	A3	5904
1	2	A3	5904
1	3	A3	5904
1	1	A3	5905
1	2	A3	5905
1	3	A3	5905
1	1	A3	5906
1	2	A3	5906
1	3	A3	5906
1	1	A3	5907
1	2	A3	5907
1	3	A3	5907
1	1	A3	5908
1	2	A3	5908
1	3	A3	5908
1	1	A3	5909
1	2	A3	5909
1	3	A3	5909
1	1	A3	5910
1	2	A3	5910
1	3	A3	5910
1	1	A3	5911
1	2	A3	5911
1	3	A3	5911
1	1	A3	5912
1	2	A3	5912
1	3	A3	5912
1	1	A3	5913
1	2	A3	5913
1	3	A3	5913
1	1	A3	5914
1	2	A3	5914
1	3	A3	5914
1	1	A3	5915
1	2	A3	5915
1	3	A3	5915
1	1	A3	5916
1	2	A3	5916
1	3	A3	5916
1	1	A3	5917
1	2	A3	5917
1	3	A3	5917
1	1	A3	5918
1	2	A3	5918
1	3	A3	5918
1	1	A3	5919
1	2	A3	5919
1	3	A3	5919
1	1	A3	5920
1	2	A3	5920
1	3	A3	5920
1	1	A3	5921
1	2	A3	5921
1	3	A3	5921
1	1	A3	5922
1	2	A3	5922
1	3	A3	5922
1	1	A3	5923
1	2	A3	5923
1	3	A3	5923
1	1	A3	5924
1	2	A3	5924
1	3	A3	5924
1	1	A3	5925
1	2	A3	5925
1	3	A3	5925
1	1	A3	5926
1	2	A3	5926
1	3	A3	5926
1	1	A3	5927
1	2	A3	5927
1	3	A3	5927
1	1	A3	5928
1	2	A3	5928
1	3	A3	5928
1	1	A3	5929
1	2	A3	5929
1	3	A3	5929
1	1	A3	5930
1	2	A3	5930
1	3	A3	5930
1	1	A3	5931
1	2	A3	5931
1	3	A3	5931
1	1	A3	5932
1	2	A3	5932
1	3	A3	5932
1	1	A3	5933
1	2	A3	5933
1	3	A3	5933
1	1	A3	5934
1	2	A3	5934
1	3	A3	5934
1	1	A3	5935
1	2	A3	5935
1	3	A3	5935
1	1	A3	5936
1	2	A3	5936
1	3	A3	5936
1	1	A3	5937
1	2	A3	5937
1	3	A3	5937
1	1	A3	5938
1	2	A3	5938
1	3	A3	5938
1	1	A3	5939
1	2	A3	5939
1	3	A3	5939
1	1	A3	5940
1	2	A3	5940
1	3	A3	5940
1	1	A3	5941
1	2	A3	5941
1	3	A3	5941
1	1	A3	5942
1	2	A3	5942
1	3	A3	5942
1	1	A3	5943
1	2	A3	5943
1	3	A3	5943
1	1	A3	5944
1	2	A3	5944
1	3	A3	5944
1	1	A3	5945
1	2	A3	5945
1	3	A3	5945
1	1	A3	5946
1	2	A3	5946
1	3	A3	5946
1	1	A3	5947
1	2	A3	5947
1	3	A3	5947
1	1	A3	5948
1	2	A3	5948
1	3	A3	5948
1	1	A3	5949
1	2	A3	5949
1	3	A3	5949
1	1	A3	5950
1	2	A3	5950
1	3	A3	5950
1	1	A3	5951
1	2	A3	5951
1	3	A3	5951
1	1	A3	5952
1	2	A3	5952
1	3	A3	5952
1	1	A3	5953
1	2	A3	5953
1	3	A3	5953
1	1	A3	5954
1	2	A3	5954
1	3	A3	5954
1	1	A3	5955
1	2	A3	5955
1	3	A3	5955
1	1	A3	5956
1	2	A3	5956
1	3	A3	5956
1	1	A3	5957
1	2	A3	5957
1	3	A3	5957
1	1	A3	5958
1	2	A3	5958
1	3	A3	5958
1	1	A3	5959
1	2	A3	5959
1	3	A3	5959
1	1	A3	5960
1	2	A3	5960
1	3	A3	5960
1	1	A3	5961
1	2	A3	5961
1	3	A3	5961
1	1	A3	5962
1	2	A3	5962
1	3	A3	5962
1	1	A3	5963
1	2	A3	5963
1	3	A3	5963
1	1	A3	5964
1	2	A3	5964
1	3	A3	5964
1	1	A3	5965
1	2	A3	5965
1	3	A3	5965
1	1	A3	5966
1	2	A3	5966
1	3	A3	5966
1	1	A3	5967
1	2	A3	5967
1	3	A3	5967
1	1	A3	5968
1	2	A3	5968
1	3	A3	5968
1	1	A3	5969
1	2	A3	5969
1	3	A3	5969
1	1	A3	5970
1	2	A3	5970
1	3	A3	5970
1	1	A3	5971
1	2	A3	5971
1	3	A3	5971
1	1	A3	5972
1	2	A3	5972
1	3	A3	5972
1	1	A3	5973
1	2	A3	5973
1	3	A3	5973
1	1	A3	5974
1	2	A3	5974
1	3	A3	5974
1	1	A3	5975
1	2	A3	5975
1	3	A3	5975
1	1	A3	5976
1	2	A3	5976
1	3	A3	5976
1	1	A3	5977
1	2	A3	5977
1	3	A3	5977
1	1	A3	5978
1	2	A3	5978
1	3	A3	5978
1	1	A3	5979
1	2	A3	5979
1	3	A3	5979
1	1	A3	5980
1	2	A3	5980
1	3	A3	5980
1	1	A3	5981
1	2	A3	5981
1	3	A3	5981
1	1	A3	5982
1	2	A3	5982
1	3	A3	5982
1	1	A3	5983
1	2	A3	5983
1	3	A3	5983
1	1	A3	5984
1	2	A3	5984
1	3	A3	5984
1	1	A3	5985
1	2	A3	5985
1	3	A3	5985
1	1	A3	5986
1	2	A3	5986
1	3	A3	5986
1	1	A3	5987
1	2	A3	5987
1	3	A3	5987
1	1	A3	5988
1	2	A3	5988
1	3	A3	5988
1	1	A3	5989
1	2	A3	5989
1	3	A3	5989
1	1	A3	5990
1	2	A3	5990
1	3	A3	5990
1	1	A3	5991
1	2	A3	5991
1	3	A3	5991
1	1	A3	5992
1	2	A3	5992
1	3	A3	5992
1	1	A3	5993
1	2	A3	5993
1	3	A3	5993
1	1	A3	5994
1	2	A3	5994
1	3	A3	5994
1	1	A3	5995
1	2	A3	5995
1	3	A3	5995
1	1	A3	5996
1	2	A3	5996
1	3	A3	5996
1	1	A3	5997
1	2	A3	5997
1	3	A3	5997
1	1	A3	5998
1	2	A3	5998
1	3	A3	5998
1	1	A3	5999
1	2	A3	5999
1	3	A3	5999
1	1	A3	6000
1	2	A3	6000
1	3	A3	6000
1	1	A3	6001
1	2	A3	6001
1	3	A3	6001
1	1	A3	6002
1	2	A3	6002
1	3	A3	6002
1	1	A3	6003
1	2	A3	6003
1	3	A3	6003
1	1	A3	6004
1	2	A3	6004
1	3	A3	6004
1	1	A3	6005
1	2	A3	6005
1	3	A3	6005
1	1	A3	6006
1	2	A3	6006
1	3	A3	6006
1	1	A3	6007
1	2	A3	6007
1	3	A3	6007
1	1	A3	6008
1	2	A3	6008
1	3	A3	6008
1	1	A3	6009
1	2	A3	6009
1	3	A3	6009
1	1	A3	6010
1	2	A3	6010
1	3	A3	6010
1	1	A3	6011
1	2	A3	6011
1	3	A3	6011
1	1	A3	6012
1	2	A3	6012
1	3	A3	6012
1	1	A3	6013
1	2	A3	6013
1	3	A3	6013
1	1	A3	6014
1	2	A3	6014
1	3	A3	6014
1	1	A3	6015
1	2	A3	6015
1	3	A3	6015
1	1	A3	6016
1	2	A3	6016
1	3	A3	6016
1	1	A3	6017
1	2	A3	6017
1	3	A3	6017
1	1	A3	6018
1	2	A3	6018
1	3	A3	6018
1	1	A3	6019
1	2	A3	6019
1	3	A3	6019
1	1	A3	6020
1	2	A3	6020
1	3	A3	6020
1	1	A3	6021
1	2	A3	6021
1	3	A3	6021
1	1	A3	6022
1	2	A3	6022
1	3	A3	6022
1	1	A3	6023
1	2	A3	6023
1	3	A3	6023
1	1	A3	6024
1	2	A3	6024
1	3	A3	6024
1	1	A3	6025
1	2	A3	6025
1	3	A3	6025
1	1	A3	6026
1	2	A3	6026
1	3	A3	6026
1	1	A3	6027
1	2	A3	6027
1	3	A3	6027
1	1	A3	6028
1	2	A3	6028
1	3	A3	6028
1	1	A3	6029
1	2	A3	6029
1	3	A3	6029
1	1	A3	6030
1	2	A3	6030
1	3	A3	6030
1	1	A3	6031
1	2	A3	6031
1	3	A3	6031
1	1	A3	6032
1	2	A3	6032
1	3	A3	6032
1	1	A3	6033
1	2	A3	6033
1	3	A3	6033
1	1	A3	6034
1	2	A3	6034
1	3	A3	6034
1	1	A3	6035
1	2	A3	6035
1	3	A3	6035
1	1	A3	6036
1	2	A3	6036
1	3	A3	6036
1	1	A3	6037
1	2	A3	6037
1	3	A3	6037
1	1	A3	6038
1	2	A3	6038
1	3	A3	6038
1	1	A3	6039
1	2	A3	6039
1	3	A3	6039
1	1	A3	6040
1	2	A3	6040
1	3	A3	6040
1	1	A3	6041
1	2	A3	6041
1	3	A3	6041
1	1	A3	6042
1	2	A3	6042
1	3	A3	6042
1	1	A3	6043
1	2	A3	6043
1	3	A3	6043
1	1	A3	6044
1	2	A3	6044
1	3	A3	6044
1	1	A3	6045
1	2	A3	6045
1	3	A3	6045
1	1	A3	6046
1	2	A3	6046
1	3	A3	6046
1	1	A3	6047
1	2	A3	6047
1	3	A3	6047
1	1	A3	6048
1	2	A3	6048
1	3	A3	6048
1	1	A3	6049
1	2	A3	6049
1	3	A3	6049
1	1	A3	6050
1	2	A3	6050
1	3	A3	6050
1	1	A3	6051
1	2	A3	6051
1	3	A3	6051
1	1	A3	6052
1	2	A3	6052
1	3	A3	6052
1	1	A3	6053
1	2	A3	6053
1	3	A3	6053
1	1	A3	6054
1	2	A3	6054
1	3	A3	6054
1	1	A3	6055
1	2	A3	6055
1	3	A3	6055
1	1	A3	6056
1	2	A3	6056
1	3	A3	6056
1	1	A3	6057
1	2	A3	6057
1	3	A3	6057
1	1	A3	6058
1	2	A3	6058
1	3	A3	6058
1	1	A3	6059
1	2	A3	6059
1	3	A3	6059
1	1	A3	6060
1	2	A3	6060
1	3	A3	6060
1	1	A3	6061
1	2	A3	6061
1	3	A3	6061
1	1	A3	6062
1	2	A3	6062
1	3	A3	6062
1	1	A3	6063
1	2	A3	6063
1	3	A3	6063
1	1	A3	6064
1	2	A3	6064
1	3	A3	6064
1	1	A3	6065
1	2	A3	6065
1	3	A3	6065
1	1	A3	6066
1	2	A3	6066
1	3	A3	6066
1	1	A3	6067
1	2	A3	6067
1	3	A3	6067
1	1	A3	6068
1	2	A3	6068
1	3	A3	6068
1	1	A3	6069
1	2	A3	6069
1	3	A3	6069
1	1	A3	6070
1	2	A3	6070
1	3	A3	6070
1	1	A3	6071
1	2	A3	6071
1	3	A3	6071
1	1	A3	6072
1	2	A3	6072
1	3	A3	6072
1	1	A3	6073
1	2	A3	6073
1	3	A3	6073
1	1	A3	6074
1	2	A3	6074
1	3	A3	6074
1	1	A3	6075
1	2	A3	6075
1	3	A3	6075
1	1	A3	6076
1	2	A3	6076
1	3	A3	6076
1	1	A3	6077
1	2	A3	6077
1	3	A3	6077
1	1	A3	6078
1	2	A3	6078
1	3	A3	6078
1	1	A3	6079
1	2	A3	6079
1	3	A3	6079
1	1	A3	6080
1	2	A3	6080
1	3	A3	6080
1	1	A3	6081
1	2	A3	6081
1	3	A3	6081
1	1	A3	6082
1	2	A3	6082
1	3	A3	6082
1	1	A3	6083
1	2	A3	6083
1	3	A3	6083
1	1	A3	6084
1	2	A3	6084
1	3	A3	6084
1	1	A3	6085
1	2	A3	6085
1	3	A3	6085
1	1	A3	6086
1	2	A3	6086
1	3	A3	6086
1	1	A3	6087
1	2	A3	6087
1	3	A3	6087
1	1	A3	6088
1	2	A3	6088
1	3	A3	6088
1	1	A3	6089
1	2	A3	6089
1	3	A3	6089
1	1	A3	6090
1	2	A3	6090
1	3	A3	6090
1	1	A3	6091
1	2	A3	6091
1	3	A3	6091
1	1	A3	6092
1	2	A3	6092
1	3	A3	6092
1	1	A3	6093
1	2	A3	6093
1	3	A3	6093
1	1	A3	6094
1	2	A3	6094
1	3	A3	6094
1	1	A3	6095
1	2	A3	6095
1	3	A3	6095
1	1	A3	6096
1	2	A3	6096
1	3	A3	6096
1	1	A3	6097
1	2	A3	6097
1	3	A3	6097
1	1	A3	6098
1	2	A3	6098
1	3	A3	6098
1	1	A3	6099
1	2	A3	6099
1	3	A3	6099
1	1	A3	6100
1	2	A3	6100
1	3	A3	6100
1	1	A3	6101
1	2	A3	6101
1	3	A3	6101
1	1	A3	6102
1	2	A3	6102
1	3	A3	6102
1	1	A3	6103
1	2	A3	6103
1	3	A3	6103
1	1	A3	6104
1	2	A3	6104
1	3	A3	6104
1	1	A3	6105
1	2	A3	6105
1	3	A3	6105
1	1	A3	6106
1	2	A3	6106
1	3	A3	6106
1	1	A3	6107
1	2	A3	6107
1	3	A3	6107
1	1	A3	6108
1	2	A3	6108
1	3	A3	6108
1	1	A3	6109
1	2	A3	6109
1	3	A3	6109
1	1	A3	6110
1	2	A3	6110
1	3	A3	6110
1	1	A3	6111
1	2	A3	6111
1	3	A3	6111
1	1	A3	6112
1	2	A3	6112
1	3	A3	6112
1	1	A3	6113
1	2	A3	6113
1	3	A3	6113
1	1	A3	6114
1	2	A3	6114
1	3	A3	6114
1	1	A3	6115
1	2	A3	6115
1	3	A3	6115
1	1	A3	6116
1	2	A3	6116
1	3	A3	6116
1	1	A3	6117
1	2	A3	6117
1	3	A3	6117
1	1	A3	6118
1	2	A3	6118
1	3	A3	6118
1	1	A3	6119
1	2	A3	6119
1	3	A3	6119
1	1	A3	6120
1	2	A3	6120
1	3	A3	6120
1	1	A3	6121
1	2	A3	6121
1	3	A3	6121
1	1	A3	6122
1	2	A3	6122
1	3	A3	6122
1	1	A3	6123
1	2	A3	6123
1	3	A3	6123
1	1	A3	6124
1	2	A3	6124
1	3	A3	6124
1	1	A3	6125
1	2	A3	6125
1	3	A3	6125
1	1	A3	6126
1	2	A3	6126
1	3	A3	6126
1	1	A3	6127
1	2	A3	6127
1	3	A3	6127
1	1	A3	6128
1	2	A3	6128
1	3	A3	6128
1	1	A3	6129
1	2	A3	6129
1	3	A3	6129
1	1	A3	6130
1	2	A3	6130
1	3	A3	6130
1	1	A3	6131
1	2	A3	6131
1	3	A3	6131
1	1	A3	6132
1	2	A3	6132
1	3	A3	6132
1	1	A3	6133
1	2	A3	6133
1	3	A3	6133
1	1	A3	6134
1	2	A3	6134
1	3	A3	6134
1	1	A3	6135
1	2	A3	6135
1	3	A3	6135
1	1	A3	6136
1	2	A3	6136
1	3	A3	6136
1	1	A3	6137
1	2	A3	6137
1	3	A3	6137
1	1	A3	6138
1	2	A3	6138
1	3	A3	6138
1	1	A3	6139
1	2	A3	6139
1	3	A3	6139
1	1	A3	6140
1	2	A3	6140
1	3	A3	6140
1	1	A3	6141
1	2	A3	6141
1	3	A3	6141
1	1	A3	6142
1	2	A3	6142
1	3	A3	6142
1	1	A3	6143
1	2	A3	6143
1	3	A3	6143
1	1	A3	6144
1	2	A3	6144
1	3	A3	6144
1	1	A3	6145
1	2	A3	6145
1	3	A3	6145
1	1	A3	6146
1	2	A3	6146
1	3	A3	6146
1	1	A3	6147
1	2	A3	6147
1	3	A3	6147
1	1	A3	6148
1	2	A3	6148
1	3	A3	6148
1	1	A3	6149
1	2	A3	6149
1	3	A3	6149
1	1	A3	6150
1	2	A3	6150
1	3	A3	6150
1	1	A3	6151
1	2	A3	6151
1	3	A3	6151
1	1	A3	6152
1	2	A3	6152
1	3	A3	6152
1	1	A3	6153
1	2	A3	6153
1	3	A3	6153
1	1	A3	6154
1	2	A3	6154
1	3	A3	6154
1	1	A3	6155
1	2	A3	6155
1	3	A3	6155
1	1	A3	6156
1	2	A3	6156
1	3	A3	6156
1	1	A3	6157
1	2	A3	6157
1	3	A3	6157
1	1	A3	6158
1	2	A3	6158
1	3	A3	6158
1	1	A3	6159
1	2	A3	6159
1	3	A3	6159
1	1	A3	6160
1	2	A3	6160
1	3	A3	6160
1	1	A3	6161
1	2	A3	6161
1	3	A3	6161
1	1	A3	6162
1	2	A3	6162
1	3	A3	6162
1	1	A3	6163
1	2	A3	6163
1	3	A3	6163
1	1	A3	6164
1	2	A3	6164
1	3	A3	6164
1	1	A3	6165
1	2	A3	6165
1	3	A3	6165
1	1	A3	6166
1	2	A3	6166
1	3	A3	6166
1	1	A3	6167
1	2	A3	6167
1	3	A3	6167
1	1	A3	6168
1	2	A3	6168
1	3	A3	6168
1	1	A3	6169
1	2	A3	6169
1	3	A3	6169
1	1	A3	6170
1	2	A3	6170
1	3	A3	6170
1	1	A3	6171
1	2	A3	6171
1	3	A3	6171
1	1	A3	6172
1	2	A3	6172
1	3	A3	6172
1	1	A3	6173
1	2	A3	6173
1	3	A3	6173
1	1	A3	6174
1	2	A3	6174
1	3	A3	6174
1	1	A3	6175
1	2	A3	6175
1	3	A3	6175
1	1	A3	6176
1	2	A3	6176
1	3	A3	6176
1	1	A3	6177
1	2	A3	6177
1	3	A3	6177
1	1	A3	6178
1	2	A3	6178
1	3	A3	6178
1	1	A3	6179
1	2	A3	6179
1	3	A3	6179
1	1	A3	6180
1	2	A3	6180
1	3	A3	6180
1	1	A3	6181
1	2	A3	6181
1	3	A3	6181
1	1	A3	6182
1	2	A3	6182
1	3	A3	6182
1	1	A3	6183
1	2	A3	6183
1	3	A3	6183
1	1	A3	6184
1	2	A3	6184
1	3	A3	6184
1	1	A3	6185
1	2	A3	6185
1	3	A3	6185
1	1	A3	6186
1	2	A3	6186
1	3	A3	6186
1	1	A3	6187
1	2	A3	6187
1	3	A3	6187
1	1	A3	6188
1	2	A3	6188
1	3	A3	6188
1	1	A3	6189
1	2	A3	6189
1	3	A3	6189
1	1	A3	6190
1	2	A3	6190
1	3	A3	6190
1	1	A3	6191
1	2	A3	6191
1	3	A3	6191
1	1	A3	6192
1	2	A3	6192
1	3	A3	6192
1	1	A3	6193
1	2	A3	6193
1	3	A3	6193
1	1	A3	6194
1	2	A3	6194
1	3	A3	6194
1	1	A3	6195
1	2	A3	6195
1	3	A3	6195
1	1	A3	6196
1	2	A3	6196
1	3	A3	6196
1	1	A3	6197
1	2	A3	6197
1	3	A3	6197
1	1	A3	6198
1	2	A3	6198
1	3	A3	6198
1	1	A3	6199
1	2	A3	6199
1	3	A3	6199
1	1	A3	6200
1	2	A3	6200
1	3	A3	6200
1	1	A3	6201
1	2	A3	6201
1	3	A3	6201
1	1	A3	6202
1	2	A3	6202
1	3	A3	6202
1	1	A3	6203
1	2	A3	6203
1	3	A3	6203
1	1	A3	6204
1	2	A3	6204
1	3	A3	6204
1	1	A3	6205
1	2	A3	6205
1	3	A3	6205
1	1	A3	6206
1	2	A3	6206
1	3	A3	6206
1	1	A3	6207
1	2	A3	6207
1	3	A3	6207
1	1	A3	6208
1	2	A3	6208
1	3	A3	6208
1	1	A3	6209
1	2	A3	6209
1	3	A3	6209
1	1	A3	6210
1	2	A3	6210
1	3	A3	6210
1	1	A3	6211
1	2	A3	6211
1	3	A3	6211
1	1	A3	6212
1	2	A3	6212
1	3	A3	6212
1	1	A3	6213
1	2	A3	6213
1	3	A3	6213
1	1	A3	6214
1	2	A3	6214
1	3	A3	6214
1	1	A3	6215
1	2	A3	6215
1	3	A3	6215
1	1	A3	6216
1	2	A3	6216
1	3	A3	6216
1	1	A3	6217
1	2	A3	6217
1	3	A3	6217
1	1	A3	6218
1	2	A3	6218
1	3	A3	6218
1	1	A3	6219
1	2	A3	6219
1	3	A3	6219
1	1	A3	6220
1	2	A3	6220
1	3	A3	6220
1	1	A3	6221
1	2	A3	6221
1	3	A3	6221
1	1	A3	6222
1	2	A3	6222
1	3	A3	6222
1	1	A3	6223
1	2	A3	6223
1	3	A3	6223
1	1	A3	6224
1	2	A3	6224
1	3	A3	6224
1	1	A3	6225
1	2	A3	6225
1	3	A3	6225
1	1	A3	6226
1	2	A3	6226
1	3	A3	6226
1	1	A3	6227
1	2	A3	6227
1	3	A3	6227
1	1	A3	6228
1	2	A3	6228
1	3	A3	6228
1	1	A3	6229
1	2	A3	6229
1	3	A3	6229
1	1	A3	6230
1	2	A3	6230
1	3	A3	6230
1	1	A3	6231
1	2	A3	6231
1	3	A3	6231
1	1	A3	6232
1	2	A3	6232
1	3	A3	6232
1	1	A3	6233
1	2	A3	6233
1	3	A3	6233
1	1	A3	6234
1	2	A3	6234
1	3	A3	6234
1	1	A3	6235
1	2	A3	6235
1	3	A3	6235
1	1	A3	6236
1	2	A3	6236
1	3	A3	6236
1	1	A3	6237
1	2	A3	6237
1	3	A3	6237
1	1	A3	6238
1	2	A3	6238
1	3	A3	6238
1	1	A3	6239
1	2	A3	6239
1	3	A3	6239
1	1	A3	6240
1	2	A3	6240
1	3	A3	6240
1	1	A3	6241
1	2	A3	6241
1	3	A3	6241
1	1	A3	6242
1	2	A3	6242
1	3	A3	6242
1	1	A3	6243
1	2	A3	6243
1	3	A3	6243
1	1	A3	6244
1	2	A3	6244
1	3	A3	6244
1	1	A3	6245
1	2	A3	6245
1	3	A3	6245
1	1	A3	6246
1	2	A3	6246
1	3	A3	6246
1	1	A3	6247
1	2	A3	6247
1	3	A3	6247
1	1	A3	6248
1	2	A3	6248
1	3	A3	6248
1	1	A3	6249
1	2	A3	6249
1	3	A3	6249
1	1	A3	6250
1	2	A3	6250
1	3	A3	6250
1	1	A3	6251
1	2	A3	6251
1	3	A3	6251
1	1	A3	6252
1	2	A3	6252
1	3	A3	6252
1	1	A3	6253
1	2	A3	6253
1	3	A3	6253
1	1	A3	6254
1	2	A3	6254
1	3	A3	6254
1	1	A3	6255
1	2	A3	6255
1	3	A3	6255
1	1	A3	6256
1	2	A3	6256
1	3	A3	6256
1	1	A3	6257
1	2	A3	6257
1	3	A3	6257
1	1	A3	6258
1	2	A3	6258
1	3	A3	6258
1	1	A3	6259
1	2	A3	6259
1	3	A3	6259
1	1	A3	6260
1	2	A3	6260
1	3	A3	6260
1	1	A3	6261
1	2	A3	6261
1	3	A3	6261
1	1	A3	6262
1	2	A3	6262
1	3	A3	6262
1	1	A3	6263
1	2	A3	6263
1	3	A3	6263
1	1	A3	6264
1	2	A3	6264
1	3	A3	6264
1	1	A3	6265
1	2	A3	6265
1	3	A3	6265
1	1	A3	6266
1	2	A3	6266
1	3	A3	6266
1	1	A3	6267
1	2	A3	6267
1	3	A3	6267
1	1	A3	6268
1	2	A3	6268
1	3	A3	6268
1	1	A3	6269
1	2	A3	6269
1	3	A3	6269
1	1	A3	6270
1	2	A3	6270
1	3	A3	6270
1	1	A3	6271
1	2	A3	6271
1	3	A3	6271
1	1	A3	6272
1	2	A3	6272
1	3	A3	6272
1	1	A3	6273
1	2	A3	6273
1	3	A3	6273
1	1	A3	6274
1	2	A3	6274
1	3	A3	6274
1	1	A3	6275
1	2	A3	6275
1	3	A3	6275
1	1	A3	6276
1	2	A3	6276
1	3	A3	6276
1	1	A3	6277
1	2	A3	6277
1	3	A3	6277
1	1	A3	6278
1	2	A3	6278
1	3	A3	6278
1	1	A3	6279
1	2	A3	6279
1	3	A3	6279
1	1	A3	6280
1	2	A3	6280
1	3	A3	6280
1	1	A3	6281
1	2	A3	6281
1	3	A3	6281
1	1	A3	6282
1	2	A3	6282
1	3	A3	6282
1	1	A3	6283
1	2	A3	6283
1	3	A3	6283
1	1	A3	6284
1	2	A3	6284
1	3	A3	6284
1	1	A3	6285
1	2	A3	6285
1	3	A3	6285
1	1	A3	6286
1	2	A3	6286
1	3	A3	6286
1	1	A3	6287
1	2	A3	6287
1	3	A3	6287
1	1	A3	6288
1	2	A3	6288
1	3	A3	6288
1	1	A3	6289
1	2	A3	6289
1	3	A3	6289
1	1	A3	6290
1	2	A3	6290
1	3	A3	6290
1	1	A3	6291
1	2	A3	6291
1	3	A3	6291
1	1	A3	6292
1	2	A3	6292
1	3	A3	6292
1	1	A3	6293
1	2	A3	6293
1	3	A3	6293
1	1	A3	6294
1	2	A3	6294
1	3	A3	6294
1	1	A3	6295
1	2	A3	6295
1	3	A3	6295
1	1	A3	6296
1	2	A3	6296
1	3	A3	6296
1	1	A3	6297
1	2	A3	6297
1	3	A3	6297
1	1	A3	6298
1	2	A3	6298
1	3	A3	6298
1	1	A3	6299
1	2	A3	6299
1	3	A3	6299
1	1	A3	6300
1	2	A3	6300
1	3	A3	6300
1	1	A3	6301
1	2	A3	6301
1	3	A3	6301
1	1	A3	6302
1	2	A3	6302
1	3	A3	6302
1	1	A3	6303
1	2	A3	6303
1	3	A3	6303
1	1	A3	6304
1	2	A3	6304
1	3	A3	6304
1	1	A3	6305
1	2	A3	6305
1	3	A3	6305
1	1	A3	6306
1	2	A3	6306
1	3	A3	6306
1	1	A3	6307
1	2	A3	6307
1	3	A3	6307
1	1	A3	6308
1	2	A3	6308
1	3	A3	6308
1	1	A3	6309
1	2	A3	6309
1	3	A3	6309
1	1	A3	6310
1	2	A3	6310
1	3	A3	6310
1	1	A3	6311
1	2	A3	6311
1	3	A3	6311
1	1	A3	6312
1	2	A3	6312
1	3	A3	6312
1	1	A3	6313
1	2	A3	6313
1	3	A3	6313
1	1	A3	6314
1	2	A3	6314
1	3	A3	6314
1	1	A3	6315
1	2	A3	6315
1	3	A3	6315
1	1	A3	6316
1	2	A3	6316
1	3	A3	6316
1	1	A3	6317
1	2	A3	6317
1	3	A3	6317
1	1	A3	6318
1	2	A3	6318
1	3	A3	6318
1	1	A3	6319
1	2	A3	6319
1	3	A3	6319
1	1	A3	6320
1	2	A3	6320
1	3	A3	6320
1	1	A3	6321
1	2	A3	6321
1	3	A3	6321
1	1	A3	6322
1	2	A3	6322
1	3	A3	6322
1	1	A3	6323
1	2	A3	6323
1	3	A3	6323
1	1	A3	6324
1	2	A3	6324
1	3	A3	6324
1	1	A3	6325
1	2	A3	6325
1	3	A3	6325
1	1	A3	6326
1	2	A3	6326
1	3	A3	6326
1	1	A3	6327
1	2	A3	6327
1	3	A3	6327
1	1	A3	6328
1	2	A3	6328
1	3	A3	6328
1	1	A3	6329
1	2	A3	6329
1	3	A3	6329
1	1	A3	6330
1	2	A3	6330
1	3	A3	6330
1	1	A3	6331
1	2	A3	6331
1	3	A3	6331
1	1	A3	6332
1	2	A3	6332
1	3	A3	6332
1	1	A3	6333
1	2	A3	6333
1	3	A3	6333
1	1	A3	6334
1	2	A3	6334
1	3	A3	6334
1	1	A3	6335
1	2	A3	6335
1	3	A3	6335
1	1	A3	6336
1	2	A3	6336
1	3	A3	6336
1	1	A3	6337
1	2	A3	6337
1	3	A3	6337
1	1	A3	6338
1	2	A3	6338
1	3	A3	6338
1	1	A3	6339
1	2	A3	6339
1	3	A3	6339
1	1	A3	6340
1	2	A3	6340
1	3	A3	6340
1	1	A3	6341
1	2	A3	6341
1	3	A3	6341
1	1	A3	6342
1	2	A3	6342
1	3	A3	6342
1	1	A3	6343
1	2	A3	6343
1	3	A3	6343
1	1	A3	6344
1	2	A3	6344
1	3	A3	6344
1	1	A3	6345
1	2	A3	6345
1	3	A3	6345
1	1	A3	6346
1	2	A3	6346
1	3	A3	6346
1	1	A3	6347
1	2	A3	6347
1	3	A3	6347
1	1	A3	6348
1	2	A3	6348
1	3	A3	6348
1	1	A3	6349
1	2	A3	6349
1	3	A3	6349
1	1	A3	6350
1	2	A3	6350
1	3	A3	6350
1	1	A3	6351
1	2	A3	6351
1	3	A3	6351
1	1	A3	6352
1	2	A3	6352
1	3	A3	6352
1	1	A3	6353
1	2	A3	6353
1	3	A3	6353
1	1	A3	6354
1	2	A3	6354
1	3	A3	6354
1	1	A3	6355
1	2	A3	6355
1	3	A3	6355
1	1	A3	6356
1	2	A3	6356
1	3	A3	6356
1	1	A3	6357
1	2	A3	6357
1	3	A3	6357
1	1	A3	6358
1	2	A3	6358
1	3	A3	6358
1	1	A3	6359
1	2	A3	6359
1	3	A3	6359
1	1	A3	6360
1	2	A3	6360
1	3	A3	6360
1	1	A3	6361
1	2	A3	6361
1	3	A3	6361
1	1	A3	6362
1	2	A3	6362
1	3	A3	6362
1	1	A3	6363
1	2	A3	6363
1	3	A3	6363
1	1	A3	6364
1	2	A3	6364
1	3	A3	6364
1	1	A3	6365
1	2	A3	6365
1	3	A3	6365
1	1	A3	6366
1	2	A3	6366
1	3	A3	6366
1	1	A3	6367
1	2	A3	6367
1	3	A3	6367
1	1	A3	6368
1	2	A3	6368
1	3	A3	6368
1	1	A3	6369
1	2	A3	6369
1	3	A3	6369
1	1	A3	6370
1	2	A3	6370
1	3	A3	6370
1	1	A3	6371
1	2	A3	6371
1	3	A3	6371
1	1	A3	6372
1	2	A3	6372
1	3	A3	6372
1	1	A3	6373
1	2	A3	6373
1	3	A3	6373
1	1	A3	6374
1	2	A3	6374
1	3	A3	6374
1	1	A3	6375
1	2	A3	6375
1	3	A3	6375
1	1	A3	6376
1	2	A3	6376
1	3	A3	6376
1	1	A3	6377
1	2	A3	6377
1	3	A3	6377
1	1	A3	6378
1	2	A3	6378
1	3	A3	6378
1	1	A3	6379
1	2	A3	6379
1	3	A3	6379
1	1	A3	6380
1	2	A3	6380
1	3	A3	6380
1	1	A3	6381
1	2	A3	6381
1	3	A3	6381
1	1	A3	6382
1	2	A3	6382
1	3	A3	6382
1	1	A3	6383
1	2	A3	6383
1	3	A3	6383
1	1	A3	6384
1	2	A3	6384
1	3	A3	6384
1	1	A3	6385
1	2	A3	6385
1	3	A3	6385
1	1	A3	6386
1	2	A3	6386
1	3	A3	6386
1	1	A3	6387
1	2	A3	6387
1	3	A3	6387
1	1	A3	6388
1	2	A3	6388
1	3	A3	6388
1	1	A3	6389
1	2	A3	6389
1	3	A3	6389
1	1	A3	6390
1	2	A3	6390
1	3	A3	6390
1	1	A3	6391
1	2	A3	6391
1	3	A3	6391
1	1	A3	6392
1	2	A3	6392
1	3	A3	6392
1	1	A3	6393
1	2	A3	6393
1	3	A3	6393
1	1	A3	6394
1	2	A3	6394
1	3	A3	6394
1	1	A3	6395
1	2	A3	6395
1	3	A3	6395
1	1	A3	6396
1	2	A3	6396
1	3	A3	6396
1	1	A3	6397
1	2	A3	6397
1	3	A3	6397
1	1	A3	6398
1	2	A3	6398
1	3	A3	6398
1	1	A3	6399
1	2	A3	6399
1	3	A3	6399
1	1	A3	6400
1	2	A3	6400
1	3	A3	6400
1	1	A3	6401
1	2	A3	6401
1	3	A3	6401
1	1	A3	6402
1	2	A3	6402
1	3	A3	6402
1	1	A3	6403
1	2	A3	6403
1	3	A3	6403
1	1	A3	6404
1	2	A3	6404
1	3	A3	6404
1	1	A3	6405
1	2	A3	6405
1	3	A3	6405
1	1	A3	6406
1	2	A3	6406
1	3	A3	6406
1	1	A3	6407
1	2	A3	6407
1	3	A3	6407
1	1	A3	6408
1	2	A3	6408
1	3	A3	6408
1	1	A3	6409
1	2	A3	6409
1	3	A3	6409
1	1	A3	6410
1	2	A3	6410
1	3	A3	6410
1	1	A3	6411
1	2	A3	6411
1	3	A3	6411
1	1	A3	6412
1	2	A3	6412
1	3	A3	6412
1	1	A3	6413
1	2	A3	6413
1	3	A3	6413
1	1	A3	6414
1	2	A3	6414
1	3	A3	6414
1	1	A3	6415
1	2	A3	6415
1	3	A3	6415
1	1	A3	6416
1	2	A3	6416
1	3	A3	6416
1	1	A3	6417
1	2	A3	6417
1	3	A3	6417
1	1	A3	6418
1	2	A3	6418
1	3	A3	6418
1	1	A3	6419
1	2	A3	6419
1	3	A3	6419
1	1	A3	6420
1	2	A3	6420
1	3	A3	6420
1	1	A3	6421
1	2	A3	6421
1	3	A3	6421
1	1	A3	6422
1	2	A3	6422
1	3	A3	6422
1	1	A3	6423
1	2	A3	6423
1	3	A3	6423
1	1	A3	6424
1	2	A3	6424
1	3	A3	6424
1	1	A3	6425
1	2	A3	6425
1	3	A3	6425
1	1	A3	6426
1	2	A3	6426
1	3	A3	6426
1	1	A3	6427
1	2	A3	6427
1	3	A3	6427
1	1	A3	6428
1	2	A3	6428
1	3	A3	6428
1	1	A3	6429
1	2	A3	6429
1	3	A3	6429
1	1	A3	6430
1	2	A3	6430
1	3	A3	6430
1	1	A3	6431
1	2	A3	6431
1	3	A3	6431
1	1	A3	6432
1	2	A3	6432
1	3	A3	6432
1	1	A3	6433
1	2	A3	6433
1	3	A3	6433
1	1	A3	6434
1	2	A3	6434
1	3	A3	6434
1	1	A3	6435
1	2	A3	6435
1	3	A3	6435
1	1	A3	6436
1	2	A3	6436
1	3	A3	6436
1	1	A3	6437
1	2	A3	6437
1	3	A3	6437
1	1	A3	6438
1	2	A3	6438
1	3	A3	6438
1	1	A3	6439
1	2	A3	6439
1	3	A3	6439
1	1	A3	6440
1	2	A3	6440
1	3	A3	6440
1	1	A3	6441
1	2	A3	6441
1	3	A3	6441
1	1	A3	6442
1	2	A3	6442
1	3	A3	6442
1	1	A3	6443
1	2	A3	6443
1	3	A3	6443
1	1	A3	6444
1	2	A3	6444
1	3	A3	6444
1	1	A3	6445
1	2	A3	6445
1	3	A3	6445
1	1	A3	6446
1	2	A3	6446
1	3	A3	6446
1	1	A3	6447
1	2	A3	6447
1	3	A3	6447
1	1	A3	6448
1	2	A3	6448
1	3	A3	6448
1	1	A3	6449
1	2	A3	6449
1	3	A3	6449
1	1	A3	6450
1	2	A3	6450
1	3	A3	6450
1	1	A3	6451
1	2	A3	6451
1	3	A3	6451
1	1	A3	6452
1	2	A3	6452
1	3	A3	6452
1	1	A3	6453
1	2	A3	6453
1	3	A3	6453
1	1	A3	6454
1	2	A3	6454
1	3	A3	6454
1	1	A3	6455
1	2	A3	6455
1	3	A3	6455
1	1	A3	6456
1	2	A3	6456
1	3	A3	6456
1	1	A3	6457
1	2	A3	6457
1	3	A3	6457
1	1	A3	6458
1	2	A3	6458
1	3	A3	6458
1	1	A3	6459
1	2	A3	6459
1	3	A3	6459
1	1	A3	6460
1	2	A3	6460
1	3	A3	6460
1	1	A3	6461
1	2	A3	6461
1	3	A3	6461
1	1	A3	6462
1	2	A3	6462
1	3	A3	6462
1	1	A3	6463
1	2	A3	6463
1	3	A3	6463
1	1	A3	6464
1	2	A3	6464
1	3	A3	6464
1	1	A3	6465
1	2	A3	6465
1	3	A3	6465
1	1	A3	6466
1	2	A3	6466
1	3	A3	6466
1	1	A3	6467
1	2	A3	6467
1	3	A3	6467
1	1	A3	6468
1	2	A3	6468
1	3	A3	6468
1	1	A3	6469
1	2	A3	6469
1	3	A3	6469
1	1	A3	6470
1	2	A3	6470
1	3	A3	6470
1	1	A3	6471
1	2	A3	6471
1	3	A3	6471
1	1	A3	6472
1	2	A3	6472
1	3	A3	6472
1	1	A3	6473
1	2	A3	6473
1	3	A3	6473
1	1	A3	6474
1	2	A3	6474
1	3	A3	6474
1	1	A3	6475
1	2	A3	6475
1	3	A3	6475
1	1	A3	6476
1	2	A3	6476
1	3	A3	6476
1	1	A3	6477
1	2	A3	6477
1	3	A3	6477
1	1	A3	6478
1	2	A3	6478
1	3	A3	6478
1	1	A3	6479
1	2	A3	6479
1	3	A3	6479
1	1	A3	6480
1	2	A3	6480
1	3	A3	6480
1	1	A3	6481
1	2	A3	6481
1	3	A3	6481
1	1	A3	6482
1	2	A3	6482
1	3	A3	6482
1	1	A3	6483
1	2	A3	6483
1	3	A3	6483
1	1	A3	6484
1	2	A3	6484
1	3	A3	6484
1	1	A3	6485
1	2	A3	6485
1	3	A3	6485
1	1	A3	6486
1	2	A3	6486
1	3	A3	6486
1	1	A3	6487
1	2	A3	6487
1	3	A3	6487
1	1	A3	6488
1	2	A3	6488
1	3	A3	6488
1	1	A3	6489
1	2	A3	6489
1	3	A3	6489
1	1	A3	6490
1	2	A3	6490
1	3	A3	6490
1	1	A3	6491
1	2	A3	6491
1	3	A3	6491
1	1	A3	6492
1	2	A3	6492
1	3	A3	6492
1	1	A3	6493
1	2	A3	6493
1	3	A3	6493
1	1	A3	6494
1	2	A3	6494
1	3	A3	6494
1	1	A3	6495
1	2	A3	6495
1	3	A3	6495
1	1	A3	6496
1	2	A3	6496
1	3	A3	6496
1	1	A3	6497
1	2	A3	6497
1	3	A3	6497
1	1	A3	6498
1	2	A3	6498
1	3	A3	6498
1	1	A3	6499
1	2	A3	6499
1	3	A3	6499
1	1	A3	6500
1	2	A3	6500
1	3	A3	6500
1	1	A3	6501
1	2	A3	6501
1	3	A3	6501
1	1	A3	6502
1	2	A3	6502
1	3	A3	6502
1	1	A3	6503
1	2	A3	6503
1	3	A3	6503
1	1	A3	6504
1	2	A3	6504
1	3	A3	6504
1	1	A3	6505
1	2	A3	6505
1	3	A3	6505
1	1	A3	6506
1	2	A3	6506
1	3	A3	6506
1	1	A3	6507
1	2	A3	6507
1	3	A3	6507
1	1	A3	6508
1	2	A3	6508
1	3	A3	6508
1	1	A3	6509
1	2	A3	6509
1	3	A3	6509
1	1	A3	6510
1	2	A3	6510
1	3	A3	6510
1	1	A3	6511
1	2	A3	6511
1	3	A3	6511
1	1	A3	6512
1	2	A3	6512
1	3	A3	6512
1	1	A3	6513
1	2	A3	6513
1	3	A3	6513
1	1	A3	6514
1	2	A3	6514
1	3	A3	6514
1	1	A3	6515
1	2	A3	6515
1	3	A3	6515
1	1	A3	6516
1	2	A3	6516
1	3	A3	6516
1	1	A3	6517
1	2	A3	6517
1	3	A3	6517
1	1	A3	6518
1	2	A3	6518
1	3	A3	6518
1	1	A3	6519
1	2	A3	6519
1	3	A3	6519
1	1	A3	6520
1	2	A3	6520
1	3	A3	6520
1	1	A3	6521
1	2	A3	6521
1	3	A3	6521
1	1	A3	6522
1	2	A3	6522
1	3	A3	6522
1	1	A3	6523
1	2	A3	6523
1	3	A3	6523
1	1	A3	6524
1	2	A3	6524
1	3	A3	6524
1	1	A3	6525
1	2	A3	6525
1	3	A3	6525
1	1	A3	6526
1	2	A3	6526
1	3	A3	6526
1	1	A3	6527
1	2	A3	6527
1	3	A3	6527
1	1	A3	6528
1	2	A3	6528
1	3	A3	6528
1	1	A3	6529
1	2	A3	6529
1	3	A3	6529
1	1	A3	6530
1	2	A3	6530
1	3	A3	6530
1	1	A3	6531
1	2	A3	6531
1	3	A3	6531
1	1	A3	6532
1	2	A3	6532
1	3	A3	6532
1	1	A3	6533
1	2	A3	6533
1	3	A3	6533
1	1	A3	6534
1	2	A3	6534
1	3	A3	6534
1	1	A3	6535
1	2	A3	6535
1	3	A3	6535
1	1	A3	6536
1	2	A3	6536
1	3	A3	6536
1	1	A3	6537
1	2	A3	6537
1	3	A3	6537
1	1	A3	6538
1	2	A3	6538
1	3	A3	6538
1	1	A3	6539
1	2	A3	6539
1	3	A3	6539
1	1	A3	6540
1	2	A3	6540
1	3	A3	6540
1	1	A3	6541
1	2	A3	6541
1	3	A3	6541
1	1	A3	6542
1	2	A3	6542
1	3	A3	6542
1	1	A3	6543
1	2	A3	6543
1	3	A3	6543
1	1	A3	6544
1	2	A3	6544
1	3	A3	6544
1	1	A3	6545
1	2	A3	6545
1	3	A3	6545
1	1	A3	6546
1	2	A3	6546
1	3	A3	6546
1	1	A3	6547
1	2	A3	6547
1	3	A3	6547
1	1	A3	6548
1	2	A3	6548
1	3	A3	6548
1	1	A3	6549
1	2	A3	6549
1	3	A3	6549
1	1	A3	6550
1	2	A3	6550
1	3	A3	6550
1	1	A3	6551
1	2	A3	6551
1	3	A3	6551
1	1	A3	6552
1	2	A3	6552
1	3	A3	6552
1	1	A3	6553
1	2	A3	6553
1	3	A3	6553
1	1	A3	6554
1	2	A3	6554
1	3	A3	6554
1	1	A3	6555
1	2	A3	6555
1	3	A3	6555
1	1	A3	6556
1	2	A3	6556
1	3	A3	6556
1	1	A3	6557
1	2	A3	6557
1	3	A3	6557
1	1	A3	6558
1	2	A3	6558
1	3	A3	6558
1	1	A3	6559
1	2	A3	6559
1	3	A3	6559
1	1	A3	6560
1	2	A3	6560
1	3	A3	6560
1	1	A3	6561
1	2	A3	6561
1	3	A3	6561
1	1	A3	6562
1	2	A3	6562
1	3	A3	6562
1	1	A3	6563
1	2	A3	6563
1	3	A3	6563
1	1	A3	6564
1	2	A3	6564
1	3	A3	6564
1	1	A3	6565
1	2	A3	6565
1	3	A3	6565
1	1	A3	6566
1	2	A3	6566
1	3	A3	6566
1	1	A3	6567
1	2	A3	6567
1	3	A3	6567
1	1	A3	6568
1	2	A3	6568
1	3	A3	6568
1	1	A3	6569
1	2	A3	6569
1	3	A3	6569
1	1	A3	6570
1	2	A3	6570
1	3	A3	6570
1	1	A3	6571
1	2	A3	6571
1	3	A3	6571
1	1	A3	6572
1	2	A3	6572
1	3	A3	6572
1	1	A3	6573
1	2	A3	6573
1	3	A3	6573
1	1	A3	6574
1	2	A3	6574
1	3	A3	6574
1	1	A3	6575
1	2	A3	6575
1	3	A3	6575
1	1	A3	6576
1	2	A3	6576
1	3	A3	6576
1	1	A3	6577
1	2	A3	6577
1	3	A3	6577
1	1	A3	6578
1	2	A3	6578
1	3	A3	6578
1	1	A3	6579
1	2	A3	6579
1	3	A3	6579
1	1	A3	6580
1	2	A3	6580
1	3	A3	6580
1	1	A3	6581
1	2	A3	6581
1	3	A3	6581
1	1	A3	6582
1	2	A3	6582
1	3	A3	6582
1	1	A3	6583
1	2	A3	6583
1	3	A3	6583
1	1	A3	6584
1	2	A3	6584
1	3	A3	6584
1	1	A3	6585
1	2	A3	6585
1	3	A3	6585
1	1	A3	6586
1	2	A3	6586
1	3	A3	6586
1	1	A3	6587
1	2	A3	6587
1	3	A3	6587
1	1	A3	6588
1	2	A3	6588
1	3	A3	6588
1	1	A3	6589
1	2	A3	6589
1	3	A3	6589
1	1	A3	6590
1	2	A3	6590
1	3	A3	6590
1	1	A3	6591
1	2	A3	6591
1	3	A3	6591
1	1	A3	6592
1	2	A3	6592
1	3	A3	6592
1	1	A3	6593
1	2	A3	6593
1	3	A3	6593
1	1	A3	6594
1	2	A3	6594
1	3	A3	6594
1	1	A3	6595
1	2	A3	6595
1	3	A3	6595
1	1	A3	6596
1	2	A3	6596
1	3	A3	6596
1	1	A3	6597
1	2	A3	6597
1	3	A3	6597
1	1	A3	6598
1	2	A3	6598
1	3	A3	6598
1	1	A3	6599
1	2	A3	6599
1	3	A3	6599
1	1	A3	6600
1	2	A3	6600
1	3	A3	6600
1	1	A3	6601
1	2	A3	6601
1	3	A3	6601
1	1	A3	6602
1	2	A3	6602
1	3	A3	6602
1	1	A3	6603
1	2	A3	6603
1	3	A3	6603
1	1	A3	6604
1	2	A3	6604
1	3	A3	6604
1	1	A3	6605
1	2	A3	6605
1	3	A3	6605
1	1	A3	6606
1	2	A3	6606
1	3	A3	6606
1	1	A3	6607
1	2	A3	6607
1	3	A3	6607
1	1	A3	6608
1	2	A3	6608
1	3	A3	6608
1	1	A3	6609
1	2	A3	6609
1	3	A3	6609
1	1	A3	6610
1	2	A3	6610
1	3	A3	6610
1	1	A3	6611
1	2	A3	6611
1	3	A3	6611
1	1	A3	6612
1	2	A3	6612
1	3	A3	6612
1	1	A3	6613
1	2	A3	6613
1	3	A3	6613
1	1	A3	6614
1	2	A3	6614
1	3	A3	6614
1	1	A3	6615
1	2	A3	6615
1	3	A3	6615
1	1	A3	6616
1	2	A3	6616
1	3	A3	6616
1	1	A3	6617
1	2	A3	6617
1	3	A3	6617
1	1	A3	6618
1	2	A3	6618
1	3	A3	6618
1	1	A3	6619
1	2	A3	6619
1	3	A3	6619
1	1	A3	6620
1	2	A3	6620
1	3	A3	6620
1	1	A3	6621
1	2	A3	6621
1	3	A3	6621
1	1	A3	6622
1	2	A3	6622
1	3	A3	6622
1	1	A3	6623
1	2	A3	6623
1	3	A3	6623
1	1	A3	6624
1	2	A3	6624
1	3	A3	6624
1	1	A3	6625
1	2	A3	6625
1	3	A3	6625
1	1	A3	6626
1	2	A3	6626
1	3	A3	6626
1	1	A3	6627
1	2	A3	6627
1	3	A3	6627
1	1	A3	6628
1	2	A3	6628
1	3	A3	6628
1	1	A3	6629
1	2	A3	6629
1	3	A3	6629
1	1	A3	6630
1	2	A3	6630
1	3	A3	6630
1	1	A3	6631
1	2	A3	6631
1	3	A3	6631
1	1	A3	6632
1	2	A3	6632
1	3	A3	6632
1	1	A3	6633
1	2	A3	6633
1	3	A3	6633
1	1	A3	6634
1	2	A3	6634
1	3	A3	6634
1	1	A3	6635
1	2	A3	6635
1	3	A3	6635
1	1	A3	6636
1	2	A3	6636
1	3	A3	6636
1	1	A3	6637
1	2	A3	6637
1	3	A3	6637
1	1	A3	6638
1	2	A3	6638
1	3	A3	6638
1	1	A3	6639
1	2	A3	6639
1	3	A3	6639
1	1	A3	6640
1	2	A3	6640
1	3	A3	6640
1	1	A3	6641
1	2	A3	6641
1	3	A3	6641
1	1	A3	6642
1	2	A3	6642
1	3	A3	6642
1	1	A3	6643
1	2	A3	6643
1	3	A3	6643
1	1	A3	6644
1	2	A3	6644
1	3	A3	6644
1	1	A3	6645
1	2	A3	6645
1	3	A3	6645
1	1	A3	6646
1	2	A3	6646
1	3	A3	6646
1	1	A3	6647
1	2	A3	6647
1	3	A3	6647
1	1	A3	6648
1	2	A3	6648
1	3	A3	6648
1	1	A3	6649
1	2	A3	6649
1	3	A3	6649
1	1	A3	6650
1	2	A3	6650
1	3	A3	6650
1	1	A3	6651
1	2	A3	6651
1	3	A3	6651
1	1	A3	6652
1	2	A3	6652
1	3	A3	6652
1	1	A3	6653
1	2	A3	6653
1	3	A3	6653
1	1	A3	6654
1	2	A3	6654
1	3	A3	6654
1	1	A3	6655
1	2	A3	6655
1	3	A3	6655
1	1	A3	6656
1	2	A3	6656
1	3	A3	6656
1	1	A3	6657
1	2	A3	6657
1	3	A3	6657
1	1	A3	6658
1	2	A3	6658
1	3	A3	6658
1	1	A3	6659
1	2	A3	6659
1	3	A3	6659
1	1	A3	6660
1	2	A3	6660
1	3	A3	6660
1	1	A3	6661
1	2	A3	6661
1	3	A3	6661
1	1	A3	6662
1	2	A3	6662
1	3	A3	6662
1	1	A3	6663
1	2	A3	6663
1	3	A3	6663
1	1	A3	6664
1	2	A3	6664
1	3	A3	6664
1	1	A3	6665
1	2	A3	6665
1	3	A3	6665
1	1	A3	6666
1	2	A3	6666
1	3	A3	6666
1	1	A3	6667
1	2	A3	6667
1	3	A3	6667
1	1	A3	6668
1	2	A3	6668
1	3	A3	6668
1	1	A3	6669
1	2	A3	6669
1	3	A3	6669
1	1	A3	6670
1	2	A3	6670
1	3	A3	6670
1	1	A3	6671
1	2	A3	6671
1	3	A3	6671
1	1	A3	6672
1	2	A3	6672
1	3	A3	6672
1	1	A3	6673
1	2	A3	6673
1	3	A3	6673
1	1	A3	6674
1	2	A3	6674
1	3	A3	6674
1	1	A3	6675
1	2	A3	6675
1	3	A3	6675
1	1	A3	6676
1	2	A3	6676
1	3	A3	6676
1	1	A3	6677
1	2	A3	6677
1	3	A3	6677
1	1	A3	6678
1	2	A3	6678
1	3	A3	6678
1	1	A3	6679
1	2	A3	6679
1	3	A3	6679
1	1	A3	6680
1	2	A3	6680
1	3	A3	6680
1	1	A3	6681
1	2	A3	6681
1	3	A3	6681
1	1	A3	6682
1	2	A3	6682
1	3	A3	6682
1	1	A3	6683
1	2	A3	6683
1	3	A3	6683
1	1	A3	6684
1	2	A3	6684
1	3	A3	6684
1	1	A3	6685
1	2	A3	6685
1	3	A3	6685
1	1	A3	6686
1	2	A3	6686
1	3	A3	6686
1	1	A3	6687
1	2	A3	6687
1	3	A3	6687
1	1	A3	6688
1	2	A3	6688
1	3	A3	6688
1	1	A3	6689
1	2	A3	6689
1	3	A3	6689
1	1	A3	6690
1	2	A3	6690
1	3	A3	6690
1	1	A3	6691
1	2	A3	6691
1	3	A3	6691
1	1	A3	6692
1	2	A3	6692
1	3	A3	6692
1	1	A3	6693
1	2	A3	6693
1	3	A3	6693
1	1	A3	6694
1	2	A3	6694
1	3	A3	6694
1	1	A3	6695
1	2	A3	6695
1	3	A3	6695
1	1	A3	6696
1	2	A3	6696
1	3	A3	6696
1	1	A3	6697
1	2	A3	6697
1	3	A3	6697
1	1	A3	6698
1	2	A3	6698
1	3	A3	6698
1	1	A3	6699
1	2	A3	6699
1	3	A3	6699
1	1	A3	6700
1	2	A3	6700
1	3	A3	6700
1	1	A3	6701
1	2	A3	6701
1	3	A3	6701
1	1	A3	6702
1	2	A3	6702
1	3	A3	6702
1	1	A3	6703
1	2	A3	6703
1	3	A3	6703
1	1	A3	6704
1	2	A3	6704
1	3	A3	6704
1	1	A3	6705
1	2	A3	6705
1	3	A3	6705
1	1	A3	6706
1	2	A3	6706
1	3	A3	6706
1	1	A3	6707
1	2	A3	6707
1	3	A3	6707
1	1	A3	6708
1	2	A3	6708
1	3	A3	6708
1	1	A3	6709
1	2	A3	6709
1	3	A3	6709
1	1	A3	6710
1	2	A3	6710
1	3	A3	6710
1	1	A3	6711
1	2	A3	6711
1	3	A3	6711
1	1	A3	6712
1	2	A3	6712
1	3	A3	6712
1	1	A3	6713
1	2	A3	6713
1	3	A3	6713
1	1	A3	6714
1	2	A3	6714
1	3	A3	6714
1	1	A3	6715
1	2	A3	6715
1	3	A3	6715
1	1	A3	6716
1	2	A3	6716
1	3	A3	6716
1	1	A3	6717
1	2	A3	6717
1	3	A3	6717
1	1	A3	6718
1	2	A3	6718
1	3	A3	6718
1	1	A3	6719
1	2	A3	6719
1	3	A3	6719
1	1	A3	6720
1	2	A3	6720
1	3	A3	6720
1	1	A3	6721
1	2	A3	6721
1	3	A3	6721
1	1	A3	6722
1	2	A3	6722
1	3	A3	6722
1	1	A3	6723
1	2	A3	6723
1	3	A3	6723
1	1	A3	6724
1	2	A3	6724
1	3	A3	6724
1	1	A3	6725
1	2	A3	6725
1	3	A3	6725
1	1	A3	6726
1	2	A3	6726
1	3	A3	6726
1	1	A3	6727
1	2	A3	6727
1	3	A3	6727
1	1	A3	6728
1	2	A3	6728
1	3	A3	6728
1	1	A3	6729
1	2	A3	6729
1	3	A3	6729
1	1	A3	6730
1	2	A3	6730
1	3	A3	6730
1	1	A3	6731
1	2	A3	6731
1	3	A3	6731
1	1	A3	6732
1	2	A3	6732
1	3	A3	6732
1	1	A3	6733
1	2	A3	6733
1	3	A3	6733
1	1	A3	6734
1	2	A3	6734
1	3	A3	6734
1	1	A3	6735
1	2	A3	6735
1	3	A3	6735
1	1	A3	6736
1	2	A3	6736
1	3	A3	6736
1	1	A3	6737
1	2	A3	6737
1	3	A3	6737
1	1	A3	6738
1	2	A3	6738
1	3	A3	6738
1	1	A3	6739
1	2	A3	6739
1	3	A3	6739
1	1	A3	6740
1	2	A3	6740
1	3	A3	6740
1	1	A3	6741
1	2	A3	6741
1	3	A3	6741
1	1	A3	6742
1	2	A3	6742
1	3	A3	6742
1	1	A3	6743
1	2	A3	6743
1	3	A3	6743
1	1	A3	6744
1	2	A3	6744
1	3	A3	6744
1	1	A3	6745
1	2	A3	6745
1	3	A3	6745
1	1	A3	6746
1	2	A3	6746
1	3	A3	6746
1	1	A3	6747
1	2	A3	6747
1	3	A3	6747
1	1	A3	6748
1	2	A3	6748
1	3	A3	6748
1	1	A3	6749
1	2	A3	6749
1	3	A3	6749
1	1	A3	6750
1	2	A3	6750
1	3	A3	6750
1	1	A3	6751
1	2	A3	6751
1	3	A3	6751
1	1	A3	6752
1	2	A3	6752
1	3	A3	6752
1	1	A3	6753
1	2	A3	6753
1	3	A3	6753
1	1	A3	6754
1	2	A3	6754
1	3	A3	6754
1	1	A3	6755
1	2	A3	6755
1	3	A3	6755
1	1	A3	6756
1	2	A3	6756
1	3	A3	6756
1	1	A3	6757
1	2	A3	6757
1	3	A3	6757
1	1	A3	6758
1	2	A3	6758
1	3	A3	6758
1	1	A3	6759
1	2	A3	6759
1	3	A3	6759
1	1	A3	6760
1	2	A3	6760
1	3	A3	6760
1	1	A3	6761
1	2	A3	6761
1	3	A3	6761
1	1	A3	6762
1	2	A3	6762
1	3	A3	6762
1	1	A3	6763
1	2	A3	6763
1	3	A3	6763
1	1	A3	6764
1	2	A3	6764
1	3	A3	6764
1	1	A3	6765
1	2	A3	6765
1	3	A3	6765
1	1	A3	6766
1	2	A3	6766
1	3	A3	6766
1	1	A3	6767
1	2	A3	6767
1	3	A3	6767
1	1	A3	6768
1	2	A3	6768
1	3	A3	6768
1	1	A3	6769
1	2	A3	6769
1	3	A3	6769
1	1	A3	6770
1	2	A3	6770
1	3	A3	6770
1	1	A3	6771
1	2	A3	6771
1	3	A3	6771
1	1	A3	6772
1	2	A3	6772
1	3	A3	6772
1	1	A3	6773
1	2	A3	6773
1	3	A3	6773
1	1	A3	6774
1	2	A3	6774
1	3	A3	6774
1	1	A3	6775
1	2	A3	6775
1	3	A3	6775
1	1	A3	6776
1	2	A3	6776
1	3	A3	6776
1	1	A3	6777
1	2	A3	6777
1	3	A3	6777
1	1	A3	6778
1	2	A3	6778
1	3	A3	6778
1	1	A3	6779
1	2	A3	6779
1	3	A3	6779
1	1	A3	6780
1	2	A3	6780
1	3	A3	6780
1	1	A3	6781
1	2	A3	6781
1	3	A3	6781
1	1	A3	6782
1	2	A3	6782
1	3	A3	6782
1	1	A3	6783
1	2	A3	6783
1	3	A3	6783
1	1	A3	6784
1	2	A3	6784
1	3	A3	6784
1	1	A3	6785
1	2	A3	6785
1	3	A3	6785
1	1	A3	6786
1	2	A3	6786
1	3	A3	6786
1	1	A3	6787
1	2	A3	6787
1	3	A3	6787
1	1	A3	6788
1	2	A3	6788
1	3	A3	6788
1	1	A3	6789
1	2	A3	6789
1	3	A3	6789
1	1	A3	6790
1	2	A3	6790
1	3	A3	6790
1	1	A3	6791
1	2	A3	6791
1	3	A3	6791
1	1	A3	6792
1	2	A3	6792
1	3	A3	6792
1	1	A3	6793
1	2	A3	6793
1	3	A3	6793
1	1	A3	6794
1	2	A3	6794
1	3	A3	6794
1	1	A3	6795
1	2	A3	6795
1	3	A3	6795
1	1	A3	6796
1	2	A3	6796
1	3	A3	6796
1	1	A3	6797
1	2	A3	6797
1	3	A3	6797
1	1	A3	6798
1	2	A3	6798
1	3	A3	6798
1	1	A3	6799
1	2	A3	6799
1	3	A3	6799
1	1	A3	6800
1	2	A3	6800
1	3	A3	6800
1	1	A3	6801
1	2	A3	6801
1	3	A3	6801
1	1	A3	6802
1	2	A3	6802
1	3	A3	6802
1	1	A3	6803
1	2	A3	6803
1	3	A3	6803
1	1	A3	6804
1	2	A3	6804
1	3	A3	6804
1	1	A3	6805
1	2	A3	6805
1	3	A3	6805
1	1	A3	6806
1	2	A3	6806
1	3	A3	6806
1	1	A3	6807
1	2	A3	6807
1	3	A3	6807
1	1	A3	6808
1	2	A3	6808
1	3	A3	6808
1	1	B2	0
1	2	B2	0
1	3	B2	0
1	1	B2	1
1	2	B2	1
1	3	B2	1
1	1	B2	2
1	2	B2	2
1	3	B2	2
1	1	B2	3
1	2	B2	3
1	3	B2	3
1	1	B2	4
1	2	B2	4
1	3	B2	4
1	1	B2	5
1	2	B2	5
1	3	B2	5
1	1	B2	6
1	2	B2	6
1	3	B2	6
1	1	B2	7
1	2	B2	7
1	3	B2	7
1	1	B2	8
1	2	B2	8
1	3	B2	8
1	1	B2	9
1	2	B2	9
1	3	B2	9
1	1	B2	10
1	2	B2	10
1	3	B2	10
1	1	B2	11
1	2	B2	11
1	3	B2	11
1	1	B2	12
1	2	B2	12
1	3	B2	12
1	1	B2	13
1	2	B2	13
1	3	B2	13
1	1	B2	14
1	2	B2	14
1	3	B2	14
1	1	B2	15
1	2	B2	15
1	3	B2	15
1	1	B2	16
1	2	B2	16
1	3	B2	16
1	1	B2	17
1	2	B2	17
1	3	B2	17
1	1	B2	18
1	2	B2	18
1	3	B2	18
1	1	B2	19
1	2	B2	19
1	3	B2	19
1	1	B2	20
1	2	B2	20
1	3	B2	20
1	1	B2	21
1	2	B2	21
1	3	B2	21
1	1	B2	22
1	2	B2	22
1	3	B2	22
1	1	B2	23
1	2	B2	23
1	3	B2	23
1	1	B2	24
1	2	B2	24
1	3	B2	24
1	1	B2	25
1	2	B2	25
1	3	B2	25
1	1	B2	26
1	2	B2	26
1	3	B2	26
1	1	B2	27
1	2	B2	27
1	3	B2	27
1	1	B2	28
1	2	B2	28
1	3	B2	28
1	1	B2	29
1	2	B2	29
1	3	B2	29
1	1	B2	30
1	2	B2	30
1	3	B2	30
1	1	B2	31
1	2	B2	31
1	3	B2	31
1	1	B2	32
1	2	B2	32
1	3	B2	32
1	1	B2	33
1	2	B2	33
1	3	B2	33
1	1	B2	34
1	2	B2	34
1	3	B2	34
1	1	B2	35
1	2	B2	35
1	3	B2	35
1	1	B2	36
1	2	B2	36
1	3	B2	36
1	1	B2	37
1	2	B2	37
1	3	B2	37
1	1	B2	38
1	2	B2	38
1	3	B2	38
1	1	B2	39
1	2	B2	39
1	3	B2	39
1	1	B2	40
1	2	B2	40
1	3	B2	40
1	1	B2	41
1	2	B2	41
1	3	B2	41
1	1	B2	42
1	2	B2	42
1	3	B2	42
1	1	B2	43
1	2	B2	43
1	3	B2	43
1	1	B2	44
1	2	B2	44
1	3	B2	44
1	1	B2	45
1	2	B2	45
1	3	B2	45
1	1	B2	46
1	2	B2	46
1	3	B2	46
1	1	B2	47
1	2	B2	47
1	3	B2	47
1	1	B2	48
1	2	B2	48
1	3	B2	48
1	1	B2	49
1	2	B2	49
1	3	B2	49
1	1	B2	50
1	2	B2	50
1	3	B2	50
1	1	B2	51
1	2	B2	51
1	3	B2	51
1	1	B2	52
1	2	B2	52
1	3	B2	52
1	1	B2	53
1	2	B2	53
1	3	B2	53
1	1	B2	54
1	2	B2	54
1	3	B2	54
1	1	B2	55
1	2	B2	55
1	3	B2	55
1	1	B2	56
1	2	B2	56
1	3	B2	56
1	1	B2	57
1	2	B2	57
1	3	B2	57
1	1	B2	58
1	2	B2	58
1	3	B2	58
1	1	B2	59
1	2	B2	59
1	3	B2	59
1	1	B2	60
1	2	B2	60
1	3	B2	60
1	1	B2	61
1	2	B2	61
1	3	B2	61
1	1	B2	62
1	2	B2	62
1	3	B2	62
1	1	B2	63
1	2	B2	63
1	3	B2	63
1	1	B2	64
1	2	B2	64
1	3	B2	64
1	1	B2	65
1	2	B2	65
1	3	B2	65
1	1	B2	66
1	2	B2	66
1	3	B2	66
1	1	B2	67
1	2	B2	67
1	3	B2	67
1	1	B2	68
1	2	B2	68
1	3	B2	68
1	1	B2	69
1	2	B2	69
1	3	B2	69
1	1	B2	70
1	2	B2	70
1	3	B2	70
1	1	B2	71
1	2	B2	71
1	3	B2	71
1	1	B2	72
1	2	B2	72
1	3	B2	72
1	1	B2	73
1	2	B2	73
1	3	B2	73
1	1	B2	74
1	2	B2	74
1	3	B2	74
1	1	B2	75
1	2	B2	75
1	3	B2	75
1	1	B2	76
1	2	B2	76
1	3	B2	76
1	1	B2	77
1	2	B2	77
1	3	B2	77
1	1	B2	78
1	2	B2	78
1	3	B2	78
1	1	B2	79
1	2	B2	79
1	3	B2	79
1	1	B2	80
1	2	B2	80
1	3	B2	80
1	1	B2	81
1	2	B2	81
1	3	B2	81
1	1	B2	82
1	2	B2	82
1	3	B2	82
1	1	B2	83
1	2	B2	83
1	3	B2	83
1	1	B2	84
1	2	B2	84
1	3	B2	84
1	1	B2	85
1	2	B2	85
1	3	B2	85
1	1	B2	86
1	2	B2	86
1	3	B2	86
1	1	B2	87
1	2	B2	87
1	3	B2	87
1	1	B2	88
1	2	B2	88
1	3	B2	88
1	1	B2	89
1	2	B2	89
1	3	B2	89
1	1	B2	90
1	2	B2	90
1	3	B2	90
1	1	B2	91
1	2	B2	91
1	3	B2	91
1	1	B2	92
1	2	B2	92
1	3	B2	92
1	1	B2	93
1	2	B2	93
1	3	B2	93
1	1	B2	94
1	2	B2	94
1	3	B2	94
1	1	B2	95
1	2	B2	95
1	3	B2	95
1	1	B2	96
1	2	B2	96
1	3	B2	96
1	1	B2	97
1	2	B2	97
1	3	B2	97
1	1	B2	98
1	2	B2	98
1	3	B2	98
1	1	B2	99
1	2	B2	99
1	3	B2	99
1	1	B2	100
1	2	B2	100
1	3	B2	100
1	1	B2	101
1	2	B2	101
1	3	B2	101
1	1	B2	102
1	2	B2	102
1	3	B2	102
1	1	B2	103
1	2	B2	103
1	3	B2	103
1	1	B2	104
1	2	B2	104
1	3	B2	104
1	1	B2	105
1	2	B2	105
1	3	B2	105
1	1	B2	106
1	2	B2	106
1	3	B2	106
1	1	B2	107
1	2	B2	107
1	3	B2	107
1	1	B2	108
1	2	B2	108
1	3	B2	108
1	1	B2	109
1	2	B2	109
1	3	B2	109
1	1	B2	110
1	2	B2	110
1	3	B2	110
1	1	B2	111
1	2	B2	111
1	3	B2	111
1	1	B2	112
1	2	B2	112
1	3	B2	112
1	1	B2	113
1	2	B2	113
1	3	B2	113
1	1	B2	114
1	2	B2	114
1	3	B2	114
1	1	B2	115
1	2	B2	115
1	3	B2	115
1	1	B2	116
1	2	B2	116
1	3	B2	116
1	1	B2	117
1	2	B2	117
1	3	B2	117
1	1	B2	118
1	2	B2	118
1	3	B2	118
1	1	B2	119
1	2	B2	119
1	3	B2	119
1	1	B2	120
1	2	B2	120
1	3	B2	120
1	1	B2	121
1	2	B2	121
1	3	B2	121
1	1	B2	122
1	2	B2	122
1	3	B2	122
1	1	B2	123
1	2	B2	123
1	3	B2	123
1	1	B2	124
1	2	B2	124
1	3	B2	124
1	1	B2	125
1	2	B2	125
1	3	B2	125
1	1	B2	126
1	2	B2	126
1	3	B2	126
1	1	B2	127
1	2	B2	127
1	3	B2	127
1	1	B2	128
1	2	B2	128
1	3	B2	128
1	1	B2	129
1	2	B2	129
1	3	B2	129
1	1	B2	130
1	2	B2	130
1	3	B2	130
1	1	B2	131
1	2	B2	131
1	3	B2	131
1	1	B2	132
1	2	B2	132
1	3	B2	132
1	1	B2	133
1	2	B2	133
1	3	B2	133
1	1	B2	134
1	2	B2	134
1	3	B2	134
1	1	B2	135
1	2	B2	135
1	3	B2	135
1	1	B2	136
1	2	B2	136
1	3	B2	136
1	1	B2	137
1	2	B2	137
1	3	B2	137
1	1	B2	138
1	2	B2	138
1	3	B2	138
1	1	B2	139
1	2	B2	139
1	3	B2	139
1	1	B2	140
1	2	B2	140
1	3	B2	140
1	1	B2	141
1	2	B2	141
1	3	B2	141
1	1	B2	142
1	2	B2	142
1	3	B2	142
1	1	B2	143
1	2	B2	143
1	3	B2	143
1	1	B2	144
1	2	B2	144
1	3	B2	144
1	1	B2	145
1	2	B2	145
1	3	B2	145
1	1	B2	146
1	2	B2	146
1	3	B2	146
1	1	B2	147
1	2	B2	147
1	3	B2	147
1	1	B2	148
1	2	B2	148
1	3	B2	148
1	1	B2	149
1	2	B2	149
1	3	B2	149
1	1	B2	150
1	2	B2	150
1	3	B2	150
1	1	B2	151
1	2	B2	151
1	3	B2	151
1	1	B2	152
1	2	B2	152
1	3	B2	152
1	1	B2	153
1	2	B2	153
1	3	B2	153
1	1	B2	154
1	2	B2	154
1	3	B2	154
1	1	B2	155
1	2	B2	155
1	3	B2	155
1	1	B2	156
1	2	B2	156
1	3	B2	156
1	1	B2	157
1	2	B2	157
1	3	B2	157
1	1	B2	158
1	2	B2	158
1	3	B2	158
1	1	B2	159
1	2	B2	159
1	3	B2	159
1	1	B2	160
1	2	B2	160
1	3	B2	160
1	1	B2	161
1	2	B2	161
1	3	B2	161
1	1	B2	162
1	2	B2	162
1	3	B2	162
1	1	B2	163
1	2	B2	163
1	3	B2	163
1	1	B2	164
1	2	B2	164
1	3	B2	164
1	1	B2	165
1	2	B2	165
1	3	B2	165
1	1	B2	166
1	2	B2	166
1	3	B2	166
1	1	B2	167
1	2	B2	167
1	3	B2	167
1	1	B2	168
1	2	B2	168
1	3	B2	168
1	1	B2	169
1	2	B2	169
1	3	B2	169
1	1	B2	170
1	2	B2	170
1	3	B2	170
1	1	B2	171
1	2	B2	171
1	3	B2	171
1	1	B2	172
1	2	B2	172
1	3	B2	172
1	1	B2	173
1	2	B2	173
1	3	B2	173
1	1	B2	174
1	2	B2	174
1	3	B2	174
1	1	B2	175
1	2	B2	175
1	3	B2	175
1	1	B2	176
1	2	B2	176
1	3	B2	176
1	1	B2	177
1	2	B2	177
1	3	B2	177
1	1	B2	178
1	2	B2	178
1	3	B2	178
1	1	B2	179
1	2	B2	179
1	3	B2	179
1	1	B2	180
1	2	B2	180
1	3	B2	180
1	1	B2	181
1	2	B2	181
1	3	B2	181
1	1	B2	182
1	2	B2	182
1	3	B2	182
1	1	B2	183
1	2	B2	183
1	3	B2	183
1	1	B2	184
1	2	B2	184
1	3	B2	184
1	1	B2	185
1	2	B2	185
1	3	B2	185
1	1	B2	186
1	2	B2	186
1	3	B2	186
1	1	B2	187
1	2	B2	187
1	3	B2	187
1	1	B2	188
1	2	B2	188
1	3	B2	188
1	1	B2	189
1	2	B2	189
1	3	B2	189
1	1	B2	190
1	2	B2	190
1	3	B2	190
1	1	B2	191
1	2	B2	191
1	3	B2	191
1	1	B2	192
1	2	B2	192
1	3	B2	192
1	1	B2	193
1	2	B2	193
1	3	B2	193
1	1	B2	194
1	2	B2	194
1	3	B2	194
1	1	B2	195
1	2	B2	195
1	3	B2	195
1	1	B2	196
1	2	B2	196
1	3	B2	196
1	1	B2	197
1	2	B2	197
1	3	B2	197
1	1	B2	198
1	2	B2	198
1	3	B2	198
1	1	B2	199
1	2	B2	199
1	3	B2	199
1	1	B2	200
1	2	B2	200
1	3	B2	200
1	1	B2	201
1	2	B2	201
1	3	B2	201
1	1	B2	202
1	2	B2	202
1	3	B2	202
1	1	B2	203
1	2	B2	203
1	3	B2	203
1	1	B2	204
1	2	B2	204
1	3	B2	204
1	1	B2	205
1	2	B2	205
1	3	B2	205
1	1	B2	206
1	2	B2	206
1	3	B2	206
1	1	B2	207
1	2	B2	207
1	3	B2	207
1	1	B2	208
1	2	B2	208
1	3	B2	208
1	1	B2	209
1	2	B2	209
1	3	B2	209
1	1	B2	210
1	2	B2	210
1	3	B2	210
1	1	B2	211
1	2	B2	211
1	3	B2	211
1	1	B2	212
1	2	B2	212
1	3	B2	212
1	1	B2	213
1	2	B2	213
1	3	B2	213
1	1	B2	214
1	2	B2	214
1	3	B2	214
1	1	B2	215
1	2	B2	215
1	3	B2	215
1	1	B2	216
1	2	B2	216
1	3	B2	216
1	1	B2	217
1	2	B2	217
1	3	B2	217
1	1	B2	218
1	2	B2	218
1	3	B2	218
1	1	B2	219
1	2	B2	219
1	3	B2	219
1	1	B2	220
1	2	B2	220
1	3	B2	220
1	1	B2	221
1	2	B2	221
1	3	B2	221
1	1	B2	222
1	2	B2	222
1	3	B2	222
1	1	B2	223
1	2	B2	223
1	3	B2	223
1	1	B2	224
1	2	B2	224
1	3	B2	224
1	1	B2	225
1	2	B2	225
1	3	B2	225
1	1	B2	226
1	2	B2	226
1	3	B2	226
1	1	B2	227
1	2	B2	227
1	3	B2	227
1	1	B2	228
1	2	B2	228
1	3	B2	228
1	1	B2	229
1	2	B2	229
1	3	B2	229
1	1	B2	230
1	2	B2	230
1	3	B2	230
1	1	B2	231
1	2	B2	231
1	3	B2	231
1	1	B2	232
1	2	B2	232
1	3	B2	232
1	1	B2	233
1	2	B2	233
1	3	B2	233
1	1	B2	234
1	2	B2	234
1	3	B2	234
1	1	B2	235
1	2	B2	235
1	3	B2	235
1	1	B2	236
1	2	B2	236
1	3	B2	236
1	1	B2	237
1	2	B2	237
1	3	B2	237
1	1	B2	238
1	2	B2	238
1	3	B2	238
1	1	B2	239
1	2	B2	239
1	3	B2	239
1	1	B2	240
1	2	B2	240
1	3	B2	240
1	1	B2	241
1	2	B2	241
1	3	B2	241
1	1	B2	242
1	2	B2	242
1	3	B2	242
1	1	B2	243
1	2	B2	243
1	3	B2	243
1	1	B2	244
1	2	B2	244
1	3	B2	244
1	1	B2	245
1	2	B2	245
1	3	B2	245
1	1	B2	246
1	2	B2	246
1	3	B2	246
1	1	B2	247
1	2	B2	247
1	3	B2	247
1	1	B2	248
1	2	B2	248
1	3	B2	248
1	1	B2	249
1	2	B2	249
1	3	B2	249
1	1	B2	250
1	2	B2	250
1	3	B2	250
1	1	B2	251
1	2	B2	251
1	3	B2	251
1	1	B2	252
1	2	B2	252
1	3	B2	252
1	1	B2	253
1	2	B2	253
1	3	B2	253
1	1	B2	254
1	2	B2	254
1	3	B2	254
1	1	B2	255
1	2	B2	255
1	3	B2	255
1	1	B2	256
1	2	B2	256
1	3	B2	256
1	1	B2	257
1	2	B2	257
1	3	B2	257
1	1	B2	258
1	2	B2	258
1	3	B2	258
1	1	B2	259
1	2	B2	259
1	3	B2	259
1	1	B2	260
1	2	B2	260
1	3	B2	260
1	1	B2	261
1	2	B2	261
1	3	B2	261
1	1	B2	262
1	2	B2	262
1	3	B2	262
1	1	B2	263
1	2	B2	263
1	3	B2	263
1	1	B2	264
1	2	B2	264
1	3	B2	264
1	1	B2	265
1	2	B2	265
1	3	B2	265
1	1	B2	266
1	2	B2	266
1	3	B2	266
1	1	B2	267
1	2	B2	267
1	3	B2	267
1	1	B2	268
1	2	B2	268
1	3	B2	268
1	1	B2	269
1	2	B2	269
1	3	B2	269
1	1	B2	270
1	2	B2	270
1	3	B2	270
1	1	B2	271
1	2	B2	271
1	3	B2	271
1	1	B2	272
1	2	B2	272
1	3	B2	272
1	1	B2	273
1	2	B2	273
1	3	B2	273
1	1	B2	274
1	2	B2	274
1	3	B2	274
1	1	B2	275
1	2	B2	275
1	3	B2	275
1	1	B2	276
1	2	B2	276
1	3	B2	276
1	1	B2	277
1	2	B2	277
1	3	B2	277
1	1	B2	278
1	2	B2	278
1	3	B2	278
1	1	B2	279
1	2	B2	279
1	3	B2	279
1	1	B2	280
1	2	B2	280
1	3	B2	280
1	1	B2	281
1	2	B2	281
1	3	B2	281
1	1	B2	282
1	2	B2	282
1	3	B2	282
1	1	B2	283
1	2	B2	283
1	3	B2	283
1	1	B2	284
1	2	B2	284
1	3	B2	284
1	1	B2	285
1	2	B2	285
1	3	B2	285
1	1	B2	286
1	2	B2	286
1	3	B2	286
1	1	B2	287
1	2	B2	287
1	3	B2	287
1	1	B2	288
1	2	B2	288
1	3	B2	288
1	1	B2	289
1	2	B2	289
1	3	B2	289
1	1	B2	290
1	2	B2	290
1	3	B2	290
1	1	B2	291
1	2	B2	291
1	3	B2	291
1	1	B2	292
1	2	B2	292
1	3	B2	292
1	1	B2	293
1	2	B2	293
1	3	B2	293
1	1	B2	294
1	2	B2	294
1	3	B2	294
1	1	B2	295
1	2	B2	295
1	3	B2	295
1	1	B2	296
1	2	B2	296
1	3	B2	296
1	1	B2	297
1	2	B2	297
1	3	B2	297
1	1	B2	298
1	2	B2	298
1	3	B2	298
1	1	B2	299
1	2	B2	299
1	3	B2	299
1	1	B2	300
1	2	B2	300
1	3	B2	300
1	1	B2	301
1	2	B2	301
1	3	B2	301
1	1	B2	302
1	2	B2	302
1	3	B2	302
1	1	B2	303
1	2	B2	303
1	3	B2	303
1	1	B2	304
1	2	B2	304
1	3	B2	304
1	1	B2	305
1	2	B2	305
1	3	B2	305
1	1	B2	306
1	2	B2	306
1	3	B2	306
1	1	B2	307
1	2	B2	307
1	3	B2	307
1	1	B2	308
1	2	B2	308
1	3	B2	308
1	1	B2	309
1	2	B2	309
1	3	B2	309
1	1	B2	310
1	2	B2	310
1	3	B2	310
1	1	B2	311
1	2	B2	311
1	3	B2	311
1	1	B2	312
1	2	B2	312
1	3	B2	312
1	1	B2	313
1	2	B2	313
1	3	B2	313
1	1	B2	314
1	2	B2	314
1	3	B2	314
1	1	B2	315
1	2	B2	315
1	3	B2	315
1	1	B2	316
1	2	B2	316
1	3	B2	316
1	1	B2	317
1	2	B2	317
1	3	B2	317
1	1	B2	318
1	2	B2	318
1	3	B2	318
1	1	B2	319
1	2	B2	319
1	3	B2	319
1	1	B2	320
1	2	B2	320
1	3	B2	320
1	1	B2	321
1	2	B2	321
1	3	B2	321
1	1	B2	322
1	2	B2	322
1	3	B2	322
1	1	B2	323
1	2	B2	323
1	3	B2	323
1	1	B2	324
1	2	B2	324
1	3	B2	324
1	1	B2	325
1	2	B2	325
1	3	B2	325
1	1	B2	326
1	2	B2	326
1	3	B2	326
1	1	B2	327
1	2	B2	327
1	3	B2	327
1	1	B2	328
1	2	B2	328
1	3	B2	328
1	1	B2	329
1	2	B2	329
1	3	B2	329
1	1	B2	330
1	2	B2	330
1	3	B2	330
1	1	B2	331
1	2	B2	331
1	3	B2	331
1	1	B2	332
1	2	B2	332
1	3	B2	332
1	1	B2	333
1	2	B2	333
1	3	B2	333
1	1	B2	334
1	2	B2	334
1	3	B2	334
1	1	B2	335
1	2	B2	335
1	3	B2	335
1	1	B2	336
1	2	B2	336
1	3	B2	336
1	1	B2	337
1	2	B2	337
1	3	B2	337
1	1	B2	338
1	2	B2	338
1	3	B2	338
1	1	B2	339
1	2	B2	339
1	3	B2	339
1	1	B2	340
1	2	B2	340
1	3	B2	340
1	1	B2	341
1	2	B2	341
1	3	B2	341
1	1	B2	342
1	2	B2	342
1	3	B2	342
1	1	B2	343
1	2	B2	343
1	3	B2	343
1	1	B2	344
1	2	B2	344
1	3	B2	344
1	1	B2	345
1	2	B2	345
1	3	B2	345
1	1	B2	346
1	2	B2	346
1	3	B2	346
1	1	B2	347
1	2	B2	347
1	3	B2	347
1	1	B2	348
1	2	B2	348
1	3	B2	348
1	1	B2	349
1	2	B2	349
1	3	B2	349
1	1	B2	350
1	2	B2	350
1	3	B2	350
1	1	B2	351
1	2	B2	351
1	3	B2	351
1	1	B2	352
1	2	B2	352
1	3	B2	352
1	1	B2	353
1	2	B2	353
1	3	B2	353
1	1	B2	354
1	2	B2	354
1	3	B2	354
1	1	B2	355
1	2	B2	355
1	3	B2	355
1	1	B2	356
1	2	B2	356
1	3	B2	356
1	1	B2	357
1	2	B2	357
1	3	B2	357
1	1	B2	358
1	2	B2	358
1	3	B2	358
1	1	B2	359
1	2	B2	359
1	3	B2	359
1	1	B2	360
1	2	B2	360
1	3	B2	360
1	1	B2	361
1	2	B2	361
1	3	B2	361
1	1	B2	362
1	2	B2	362
1	3	B2	362
1	1	B2	363
1	2	B2	363
1	3	B2	363
1	1	B2	364
1	2	B2	364
1	3	B2	364
1	1	B2	365
1	2	B2	365
1	3	B2	365
1	1	B2	366
1	2	B2	366
1	3	B2	366
1	1	B2	367
1	2	B2	367
1	3	B2	367
1	1	B2	368
1	2	B2	368
1	3	B2	368
1	1	B2	369
1	2	B2	369
1	3	B2	369
1	1	B2	370
1	2	B2	370
1	3	B2	370
1	1	B2	371
1	2	B2	371
1	3	B2	371
1	1	B2	372
1	2	B2	372
1	3	B2	372
1	1	B2	373
1	2	B2	373
1	3	B2	373
1	1	B2	374
1	2	B2	374
1	3	B2	374
1	1	B2	375
1	2	B2	375
1	3	B2	375
1	1	B2	376
1	2	B2	376
1	3	B2	376
1	1	B2	377
1	2	B2	377
1	3	B2	377
1	1	B2	378
1	2	B2	378
1	3	B2	378
1	1	B2	379
1	2	B2	379
1	3	B2	379
1	1	B2	380
1	2	B2	380
1	3	B2	380
1	1	B2	381
1	2	B2	381
1	3	B2	381
1	1	B2	382
1	2	B2	382
1	3	B2	382
1	1	B2	383
1	2	B2	383
1	3	B2	383
1	1	B2	384
1	2	B2	384
1	3	B2	384
1	1	B2	385
1	2	B2	385
1	3	B2	385
1	1	B2	386
1	2	B2	386
1	3	B2	386
1	1	B2	387
1	2	B2	387
1	3	B2	387
1	1	B2	388
1	2	B2	388
1	3	B2	388
1	1	B2	389
1	2	B2	389
1	3	B2	389
1	1	B2	390
1	2	B2	390
1	3	B2	390
1	1	B2	391
1	2	B2	391
1	3	B2	391
1	1	B2	392
1	2	B2	392
1	3	B2	392
1	1	B2	393
1	2	B2	393
1	3	B2	393
1	1	B2	394
1	2	B2	394
1	3	B2	394
1	1	B2	395
1	2	B2	395
1	3	B2	395
1	1	B2	396
1	2	B2	396
1	3	B2	396
1	1	B2	397
1	2	B2	397
1	3	B2	397
1	1	B2	398
1	2	B2	398
1	3	B2	398
1	1	B2	399
1	2	B2	399
1	3	B2	399
1	1	B2	400
1	2	B2	400
1	3	B2	400
1	1	B2	401
1	2	B2	401
1	3	B2	401
1	1	B2	402
1	2	B2	402
1	3	B2	402
1	1	B2	403
1	2	B2	403
1	3	B2	403
1	1	B2	404
1	2	B2	404
1	3	B2	404
1	1	B2	405
1	2	B2	405
1	3	B2	405
1	1	B2	406
1	2	B2	406
1	3	B2	406
1	1	B2	407
1	2	B2	407
1	3	B2	407
1	1	B2	408
1	2	B2	408
1	3	B2	408
1	1	B2	409
1	2	B2	409
1	3	B2	409
1	1	B2	410
1	2	B2	410
1	3	B2	410
1	1	B2	411
1	2	B2	411
1	3	B2	411
1	1	B2	412
1	2	B2	412
1	3	B2	412
1	1	B2	413
1	2	B2	413
1	3	B2	413
1	1	B2	414
1	2	B2	414
1	3	B2	414
1	1	B2	415
1	2	B2	415
1	3	B2	415
1	1	B2	416
1	2	B2	416
1	3	B2	416
1	1	B2	417
1	2	B2	417
1	3	B2	417
1	1	B2	418
1	2	B2	418
1	3	B2	418
1	1	B2	419
1	2	B2	419
1	3	B2	419
1	1	B2	420
1	2	B2	420
1	3	B2	420
1	1	B2	421
1	2	B2	421
1	3	B2	421
1	1	B2	422
1	2	B2	422
1	3	B2	422
1	1	B2	423
1	2	B2	423
1	3	B2	423
1	1	B2	424
1	2	B2	424
1	3	B2	424
1	1	B2	425
1	2	B2	425
1	3	B2	425
1	1	B2	426
1	2	B2	426
1	3	B2	426
1	1	B2	427
1	2	B2	427
1	3	B2	427
1	1	B2	428
1	2	B2	428
1	3	B2	428
1	1	B2	429
1	2	B2	429
1	3	B2	429
1	1	B2	430
1	2	B2	430
1	3	B2	430
1	1	B2	431
1	2	B2	431
1	3	B2	431
1	1	B2	432
1	2	B2	432
1	3	B2	432
1	1	B2	433
1	2	B2	433
1	3	B2	433
1	1	B2	434
1	2	B2	434
1	3	B2	434
1	1	B2	435
1	2	B2	435
1	3	B2	435
1	1	B2	436
1	2	B2	436
1	3	B2	436
1	1	B2	437
1	2	B2	437
1	3	B2	437
1	1	B2	438
1	2	B2	438
1	3	B2	438
1	1	B2	439
1	2	B2	439
1	3	B2	439
1	1	B2	440
1	2	B2	440
1	3	B2	440
1	1	B2	441
1	2	B2	441
1	3	B2	441
1	1	B2	442
1	2	B2	442
1	3	B2	442
1	1	B2	443
1	2	B2	443
1	3	B2	443
1	1	B2	444
1	2	B2	444
1	3	B2	444
1	1	B2	445
1	2	B2	445
1	3	B2	445
1	1	B2	446
1	2	B2	446
1	3	B2	446
1	1	B2	447
1	2	B2	447
1	3	B2	447
1	1	B2	448
1	2	B2	448
1	3	B2	448
1	1	B2	449
1	2	B2	449
1	3	B2	449
1	1	B2	450
1	2	B2	450
1	3	B2	450
1	1	B2	451
1	2	B2	451
1	3	B2	451
1	1	B2	452
1	2	B2	452
1	3	B2	452
1	1	B2	453
1	2	B2	453
1	3	B2	453
1	1	B2	454
1	2	B2	454
1	3	B2	454
1	1	B2	455
1	2	B2	455
1	3	B2	455
1	1	B2	456
1	2	B2	456
1	3	B2	456
1	1	B2	457
1	2	B2	457
1	3	B2	457
1	1	B2	458
1	2	B2	458
1	3	B2	458
1	1	B2	459
1	2	B2	459
1	3	B2	459
1	1	B2	460
1	2	B2	460
1	3	B2	460
1	1	B2	461
1	2	B2	461
1	3	B2	461
1	1	B2	462
1	2	B2	462
1	3	B2	462
1	1	B2	463
1	2	B2	463
1	3	B2	463
1	1	B2	464
1	2	B2	464
1	3	B2	464
1	1	B2	465
1	2	B2	465
1	3	B2	465
1	1	B2	466
1	2	B2	466
1	3	B2	466
1	1	B2	467
1	2	B2	467
1	3	B2	467
1	1	B2	468
1	2	B2	468
1	3	B2	468
1	1	B2	469
1	2	B2	469
1	3	B2	469
1	1	B2	470
1	2	B2	470
1	3	B2	470
1	1	B2	471
1	2	B2	471
1	3	B2	471
1	1	B2	472
1	2	B2	472
1	3	B2	472
1	1	B2	473
1	2	B2	473
1	3	B2	473
1	1	B2	474
1	2	B2	474
1	3	B2	474
1	1	B2	475
1	2	B2	475
1	3	B2	475
1	1	B2	476
1	2	B2	476
1	3	B2	476
1	1	B2	477
1	2	B2	477
1	3	B2	477
1	1	B2	478
1	2	B2	478
1	3	B2	478
1	1	B2	479
1	2	B2	479
1	3	B2	479
1	1	B2	480
1	2	B2	480
1	3	B2	480
1	1	B2	481
1	2	B2	481
1	3	B2	481
1	1	B2	482
1	2	B2	482
1	3	B2	482
1	1	B2	483
1	2	B2	483
1	3	B2	483
1	1	B2	484
1	2	B2	484
1	3	B2	484
1	1	B2	485
1	2	B2	485
1	3	B2	485
1	1	B2	486
1	2	B2	486
1	3	B2	486
1	1	B2	487
1	2	B2	487
1	3	B2	487
1	1	B2	488
1	2	B2	488
1	3	B2	488
1	1	B2	489
1	2	B2	489
1	3	B2	489
1	1	B2	490
1	2	B2	490
1	3	B2	490
1	1	B2	491
1	2	B2	491
1	3	B2	491
1	1	B2	492
1	2	B2	492
1	3	B2	492
1	1	B2	493
1	2	B2	493
1	3	B2	493
1	1	B2	494
1	2	B2	494
1	3	B2	494
1	1	B2	495
1	2	B2	495
1	3	B2	495
1	1	B2	496
1	2	B2	496
1	3	B2	496
1	1	B2	497
1	2	B2	497
1	3	B2	497
1	1	B2	498
1	2	B2	498
1	3	B2	498
1	1	B2	499
1	2	B2	499
1	3	B2	499
1	1	B2	500
1	2	B2	500
1	3	B2	500
1	1	B2	501
1	2	B2	501
1	3	B2	501
1	1	B2	502
1	2	B2	502
1	3	B2	502
1	1	B2	503
1	2	B2	503
1	3	B2	503
1	1	B2	504
1	2	B2	504
1	3	B2	504
1	1	B2	505
1	2	B2	505
1	3	B2	505
1	1	B2	506
1	2	B2	506
1	3	B2	506
1	1	B2	507
1	2	B2	507
1	3	B2	507
1	1	B2	508
1	2	B2	508
1	3	B2	508
1	1	B2	509
1	2	B2	509
1	3	B2	509
1	1	B2	510
1	2	B2	510
1	3	B2	510
1	1	B2	511
1	2	B2	511
1	3	B2	511
1	1	B2	512
1	2	B2	512
1	3	B2	512
1	1	B2	513
1	2	B2	513
1	3	B2	513
1	1	B2	514
1	2	B2	514
1	3	B2	514
1	1	B2	515
1	2	B2	515
1	3	B2	515
1	1	B2	516
1	2	B2	516
1	3	B2	516
1	1	B2	517
1	2	B2	517
1	3	B2	517
1	1	B2	518
1	2	B2	518
1	3	B2	518
1	1	B2	519
1	2	B2	519
1	3	B2	519
1	1	B2	520
1	2	B2	520
1	3	B2	520
1	1	B2	521
1	2	B2	521
1	3	B2	521
1	1	B2	522
1	2	B2	522
1	3	B2	522
1	1	B2	523
1	2	B2	523
1	3	B2	523
1	1	B2	524
1	2	B2	524
1	3	B2	524
1	1	B2	525
1	2	B2	525
1	3	B2	525
1	1	B2	526
1	2	B2	526
1	3	B2	526
1	1	B2	527
1	2	B2	527
1	3	B2	527
1	1	B2	528
1	2	B2	528
1	3	B2	528
1	1	B2	529
1	2	B2	529
1	3	B2	529
1	1	B2	530
1	2	B2	530
1	3	B2	530
1	1	B2	531
1	2	B2	531
1	3	B2	531
1	1	B2	532
1	2	B2	532
1	3	B2	532
1	1	B2	533
1	2	B2	533
1	3	B2	533
1	1	B2	534
1	2	B2	534
1	3	B2	534
1	1	B2	535
1	2	B2	535
1	3	B2	535
1	1	B2	536
1	2	B2	536
1	3	B2	536
1	1	B2	537
1	2	B2	537
1	3	B2	537
1	1	B2	538
1	2	B2	538
1	3	B2	538
1	1	B2	539
1	2	B2	539
1	3	B2	539
1	1	B2	540
1	2	B2	540
1	3	B2	540
1	1	B2	541
1	2	B2	541
1	3	B2	541
1	1	B2	542
1	2	B2	542
1	3	B2	542
1	1	B2	543
1	2	B2	543
1	3	B2	543
1	1	B2	544
1	2	B2	544
1	3	B2	544
1	1	B2	545
1	2	B2	545
1	3	B2	545
1	1	B2	546
1	2	B2	546
1	3	B2	546
1	1	B2	547
1	2	B2	547
1	3	B2	547
1	1	B2	548
1	2	B2	548
1	3	B2	548
1	1	B2	549
1	2	B2	549
1	3	B2	549
1	1	B2	550
1	2	B2	550
1	3	B2	550
1	1	B2	551
1	2	B2	551
1	3	B2	551
1	1	B2	552
1	2	B2	552
1	3	B2	552
1	1	B2	553
1	2	B2	553
1	3	B2	553
1	1	B2	554
1	2	B2	554
1	3	B2	554
1	1	B2	555
1	2	B2	555
1	3	B2	555
1	1	B2	556
1	2	B2	556
1	3	B2	556
1	1	B2	557
1	2	B2	557
1	3	B2	557
1	1	B2	558
1	2	B2	558
1	3	B2	558
1	1	B2	559
1	2	B2	559
1	3	B2	559
1	1	B2	560
1	2	B2	560
1	3	B2	560
1	1	B2	561
1	2	B2	561
1	3	B2	561
1	1	B2	562
1	2	B2	562
1	3	B2	562
1	1	B2	563
1	2	B2	563
1	3	B2	563
1	1	B2	564
1	2	B2	564
1	3	B2	564
1	1	B2	565
1	2	B2	565
1	3	B2	565
1	1	B2	566
1	2	B2	566
1	3	B2	566
1	1	B2	567
1	2	B2	567
1	3	B2	567
1	1	B2	568
1	2	B2	568
1	3	B2	568
1	1	B2	569
1	2	B2	569
1	3	B2	569
1	1	B2	570
1	2	B2	570
1	3	B2	570
1	1	B2	571
1	2	B2	571
1	3	B2	571
1	1	B2	572
1	2	B2	572
1	3	B2	572
1	1	B2	573
1	2	B2	573
1	3	B2	573
1	1	B2	574
1	2	B2	574
1	3	B2	574
1	1	B2	575
1	2	B2	575
1	3	B2	575
1	1	B2	576
1	2	B2	576
1	3	B2	576
1	1	B2	577
1	2	B2	577
1	3	B2	577
1	1	B2	578
1	2	B2	578
1	3	B2	578
1	1	B2	579
1	2	B2	579
1	3	B2	579
1	1	B2	580
1	2	B2	580
1	3	B2	580
1	1	B2	581
1	2	B2	581
1	3	B2	581
1	1	B2	582
1	2	B2	582
1	3	B2	582
1	1	B2	583
1	2	B2	583
1	3	B2	583
1	1	B2	584
1	2	B2	584
1	3	B2	584
1	1	B2	585
1	2	B2	585
1	3	B2	585
1	1	B2	586
1	2	B2	586
1	3	B2	586
1	1	B2	587
1	2	B2	587
1	3	B2	587
1	1	B2	588
1	2	B2	588
1	3	B2	588
1	1	B2	589
1	2	B2	589
1	3	B2	589
1	1	B2	590
1	2	B2	590
1	3	B2	590
1	1	B2	591
1	2	B2	591
1	3	B2	591
1	1	B2	592
1	2	B2	592
1	3	B2	592
1	1	B2	593
1	2	B2	593
1	3	B2	593
1	1	B2	594
1	2	B2	594
1	3	B2	594
1	1	B2	595
1	2	B2	595
1	3	B2	595
1	1	B2	596
1	2	B2	596
1	3	B2	596
1	1	B2	597
1	2	B2	597
1	3	B2	597
1	1	B2	598
1	2	B2	598
1	3	B2	598
1	1	B2	599
1	2	B2	599
1	3	B2	599
1	1	B2	600
1	2	B2	600
1	3	B2	600
1	1	B2	601
1	2	B2	601
1	3	B2	601
1	1	B2	602
1	2	B2	602
1	3	B2	602
1	1	B2	603
1	2	B2	603
1	3	B2	603
1	1	B2	604
1	2	B2	604
1	3	B2	604
1	1	B2	605
1	2	B2	605
1	3	B2	605
1	1	B2	606
1	2	B2	606
1	3	B2	606
1	1	B2	607
1	2	B2	607
1	3	B2	607
1	1	B2	608
1	2	B2	608
1	3	B2	608
1	1	B2	609
1	2	B2	609
1	3	B2	609
1	1	B2	610
1	2	B2	610
1	3	B2	610
1	1	B2	611
1	2	B2	611
1	3	B2	611
1	1	B2	612
1	2	B2	612
1	3	B2	612
1	1	B2	613
1	2	B2	613
1	3	B2	613
1	1	B2	614
1	2	B2	614
1	3	B2	614
1	1	B2	615
1	2	B2	615
1	3	B2	615
1	1	B2	616
1	2	B2	616
1	3	B2	616
1	1	B2	617
1	2	B2	617
1	3	B2	617
1	1	B2	618
1	2	B2	618
1	3	B2	618
1	1	B2	619
1	2	B2	619
1	3	B2	619
1	1	B2	620
1	2	B2	620
1	3	B2	620
1	1	B2	621
1	2	B2	621
1	3	B2	621
1	1	B2	622
1	2	B2	622
1	3	B2	622
1	1	B2	623
1	2	B2	623
1	3	B2	623
1	1	B2	624
1	2	B2	624
1	3	B2	624
1	1	B2	625
1	2	B2	625
1	3	B2	625
1	1	B2	626
1	2	B2	626
1	3	B2	626
1	1	B2	627
1	2	B2	627
1	3	B2	627
1	1	B2	628
1	2	B2	628
1	3	B2	628
1	1	B2	629
1	2	B2	629
1	3	B2	629
1	1	B2	630
1	2	B2	630
1	3	B2	630
1	1	B2	631
1	2	B2	631
1	3	B2	631
1	1	B2	632
1	2	B2	632
1	3	B2	632
1	1	B2	633
1	2	B2	633
1	3	B2	633
1	1	B2	634
1	2	B2	634
1	3	B2	634
1	1	B2	635
1	2	B2	635
1	3	B2	635
1	1	B2	636
1	2	B2	636
1	3	B2	636
1	1	B2	637
1	2	B2	637
1	3	B2	637
1	1	B2	638
1	2	B2	638
1	3	B2	638
1	1	B2	639
1	2	B2	639
1	3	B2	639
1	1	B2	640
1	2	B2	640
1	3	B2	640
1	1	B2	641
1	2	B2	641
1	3	B2	641
1	1	B2	642
1	2	B2	642
1	3	B2	642
1	1	B2	643
1	2	B2	643
1	3	B2	643
1	1	B2	644
1	2	B2	644
1	3	B2	644
1	1	B2	645
1	2	B2	645
1	3	B2	645
1	1	B2	646
1	2	B2	646
1	3	B2	646
1	1	B2	647
1	2	B2	647
1	3	B2	647
1	1	B2	648
1	2	B2	648
1	3	B2	648
1	1	B2	649
1	2	B2	649
1	3	B2	649
1	1	B2	650
1	2	B2	650
1	3	B2	650
1	1	B2	651
1	2	B2	651
1	3	B2	651
1	1	B2	652
1	2	B2	652
1	3	B2	652
1	1	B2	653
1	2	B2	653
1	3	B2	653
1	1	B2	654
1	2	B2	654
1	3	B2	654
1	1	B2	655
1	2	B2	655
1	3	B2	655
1	1	B2	656
1	2	B2	656
1	3	B2	656
1	1	B2	657
1	2	B2	657
1	3	B2	657
1	1	B2	658
1	2	B2	658
1	3	B2	658
1	1	B2	659
1	2	B2	659
1	3	B2	659
1	1	B2	660
1	2	B2	660
1	3	B2	660
1	1	B2	661
1	2	B2	661
1	3	B2	661
1	1	B2	662
1	2	B2	662
1	3	B2	662
1	1	B2	663
1	2	B2	663
1	3	B2	663
1	1	B2	664
1	2	B2	664
1	3	B2	664
1	1	B2	665
1	2	B2	665
1	3	B2	665
1	1	B2	666
1	2	B2	666
1	3	B2	666
1	1	B2	667
1	2	B2	667
1	3	B2	667
1	1	B2	668
1	2	B2	668
1	3	B2	668
1	1	B2	669
1	2	B2	669
1	3	B2	669
1	1	B2	670
1	2	B2	670
1	3	B2	670
1	1	B2	671
1	2	B2	671
1	3	B2	671
1	1	B2	672
1	2	B2	672
1	3	B2	672
1	1	B2	673
1	2	B2	673
1	3	B2	673
1	1	B2	674
1	2	B2	674
1	3	B2	674
1	1	B2	675
1	2	B2	675
1	3	B2	675
1	1	B2	676
1	2	B2	676
1	3	B2	676
1	1	B2	677
1	2	B2	677
1	3	B2	677
1	1	B2	678
1	2	B2	678
1	3	B2	678
1	1	B2	679
1	2	B2	679
1	3	B2	679
1	1	B2	680
1	2	B2	680
1	3	B2	680
1	1	B2	681
1	2	B2	681
1	3	B2	681
1	1	B2	682
1	2	B2	682
1	3	B2	682
1	1	B2	683
1	2	B2	683
1	3	B2	683
1	1	B2	684
1	2	B2	684
1	3	B2	684
1	1	B2	685
1	2	B2	685
1	3	B2	685
1	1	B2	686
1	2	B2	686
1	3	B2	686
1	1	B2	687
1	2	B2	687
1	3	B2	687
1	1	B2	688
1	2	B2	688
1	3	B2	688
1	1	B2	689
1	2	B2	689
1	3	B2	689
1	1	B2	690
1	2	B2	690
1	3	B2	690
1	1	B2	691
1	2	B2	691
1	3	B2	691
1	1	B2	692
1	2	B2	692
1	3	B2	692
1	1	B2	693
1	2	B2	693
1	3	B2	693
1	1	B2	694
1	2	B2	694
1	3	B2	694
1	1	B2	695
1	2	B2	695
1	3	B2	695
1	1	B2	696
1	2	B2	696
1	3	B2	696
1	1	B2	697
1	2	B2	697
1	3	B2	697
1	1	B2	698
1	2	B2	698
1	3	B2	698
1	1	B2	699
1	2	B2	699
1	3	B2	699
1	1	B2	700
1	2	B2	700
1	3	B2	700
1	1	B2	701
1	2	B2	701
1	3	B2	701
1	1	B2	702
1	2	B2	702
1	3	B2	702
1	1	B2	703
1	2	B2	703
1	3	B2	703
1	1	B2	704
1	2	B2	704
1	3	B2	704
1	1	B2	705
1	2	B2	705
1	3	B2	705
1	1	B2	706
1	2	B2	706
1	3	B2	706
1	1	B2	707
1	2	B2	707
1	3	B2	707
1	1	B2	708
1	2	B2	708
1	3	B2	708
1	1	B2	709
1	2	B2	709
1	3	B2	709
1	1	B2	710
1	2	B2	710
1	3	B2	710
1	1	B2	711
1	2	B2	711
1	3	B2	711
1	1	B2	712
1	2	B2	712
1	3	B2	712
1	1	B2	713
1	2	B2	713
1	3	B2	713
1	1	B2	714
1	2	B2	714
1	3	B2	714
1	1	B2	715
1	2	B2	715
1	3	B2	715
1	1	B2	716
1	2	B2	716
1	3	B2	716
1	1	B2	717
1	2	B2	717
1	3	B2	717
1	1	B2	718
1	2	B2	718
1	3	B2	718
1	1	B2	719
1	2	B2	719
1	3	B2	719
1	1	B2	720
1	2	B2	720
1	3	B2	720
1	1	B2	721
1	2	B2	721
1	3	B2	721
1	1	B2	722
1	2	B2	722
1	3	B2	722
1	1	B2	723
1	2	B2	723
1	3	B2	723
1	1	B2	724
1	2	B2	724
1	3	B2	724
1	1	B2	725
1	2	B2	725
1	3	B2	725
1	1	B2	726
1	2	B2	726
1	3	B2	726
1	1	B2	727
1	2	B2	727
1	3	B2	727
1	1	B2	728
1	2	B2	728
1	3	B2	728
1	1	B2	729
1	2	B2	729
1	3	B2	729
1	1	B2	730
1	2	B2	730
1	3	B2	730
1	1	B2	731
1	2	B2	731
1	3	B2	731
1	1	B2	732
1	2	B2	732
1	3	B2	732
1	1	B2	733
1	2	B2	733
1	3	B2	733
1	1	B2	734
1	2	B2	734
1	3	B2	734
1	1	B2	735
1	2	B2	735
1	3	B2	735
1	1	B2	736
1	2	B2	736
1	3	B2	736
1	1	B2	737
1	2	B2	737
1	3	B2	737
1	1	B2	738
1	2	B2	738
1	3	B2	738
1	1	B2	739
1	2	B2	739
1	3	B2	739
1	1	B2	740
1	2	B2	740
1	3	B2	740
1	1	B2	741
1	2	B2	741
1	3	B2	741
1	1	B2	742
1	2	B2	742
1	3	B2	742
1	1	B2	743
1	2	B2	743
1	3	B2	743
1	1	B2	744
1	2	B2	744
1	3	B2	744
1	1	B2	745
1	2	B2	745
1	3	B2	745
1	1	B2	746
1	2	B2	746
1	3	B2	746
1	1	B2	747
1	2	B2	747
1	3	B2	747
1	1	B2	748
1	2	B2	748
1	3	B2	748
1	1	B2	749
1	2	B2	749
1	3	B2	749
1	1	B2	750
1	2	B2	750
1	3	B2	750
1	1	B2	751
1	2	B2	751
1	3	B2	751
1	1	B2	752
1	2	B2	752
1	3	B2	752
1	1	B2	753
1	2	B2	753
1	3	B2	753
1	1	B2	754
1	2	B2	754
1	3	B2	754
1	1	B2	755
1	2	B2	755
1	3	B2	755
1	1	B2	756
1	2	B2	756
1	3	B2	756
1	1	B2	757
1	2	B2	757
1	3	B2	757
1	1	B2	758
1	2	B2	758
1	3	B2	758
1	1	B2	759
1	2	B2	759
1	3	B2	759
1	1	B2	760
1	2	B2	760
1	3	B2	760
1	1	B2	761
1	2	B2	761
1	3	B2	761
1	1	B2	762
1	2	B2	762
1	3	B2	762
1	1	B2	763
1	2	B2	763
1	3	B2	763
1	1	B2	764
1	2	B2	764
1	3	B2	764
1	1	B2	765
1	2	B2	765
1	3	B2	765
1	1	B2	766
1	2	B2	766
1	3	B2	766
1	1	B2	767
1	2	B2	767
1	3	B2	767
1	1	B2	768
1	2	B2	768
1	3	B2	768
1	1	B2	769
1	2	B2	769
1	3	B2	769
1	1	B2	770
1	2	B2	770
1	3	B2	770
1	1	B2	771
1	2	B2	771
1	3	B2	771
1	1	B2	772
1	2	B2	772
1	3	B2	772
1	1	B2	773
1	2	B2	773
1	3	B2	773
1	1	B2	774
1	2	B2	774
1	3	B2	774
1	1	B2	775
1	2	B2	775
1	3	B2	775
1	1	B2	776
1	2	B2	776
1	3	B2	776
1	1	B2	777
1	2	B2	777
1	3	B2	777
1	1	B2	778
1	2	B2	778
1	3	B2	778
1	1	B2	779
1	2	B2	779
1	3	B2	779
1	1	B2	780
1	2	B2	780
1	3	B2	780
1	1	B2	781
1	2	B2	781
1	3	B2	781
1	1	B2	782
1	2	B2	782
1	3	B2	782
1	1	B2	783
1	2	B2	783
1	3	B2	783
1	1	B2	784
1	2	B2	784
1	3	B2	784
1	1	B2	785
1	2	B2	785
1	3	B2	785
1	1	B2	786
1	2	B2	786
1	3	B2	786
1	1	B2	787
1	2	B2	787
1	3	B2	787
1	1	B2	788
1	2	B2	788
1	3	B2	788
1	1	B2	789
1	2	B2	789
1	3	B2	789
1	1	B2	790
1	2	B2	790
1	3	B2	790
1	1	B2	791
1	2	B2	791
1	3	B2	791
1	1	B2	792
1	2	B2	792
1	3	B2	792
1	1	B2	793
1	2	B2	793
1	3	B2	793
1	1	B2	794
1	2	B2	794
1	3	B2	794
1	1	B2	795
1	2	B2	795
1	3	B2	795
1	1	B2	796
1	2	B2	796
1	3	B2	796
1	1	B2	797
1	2	B2	797
1	3	B2	797
1	1	B2	798
1	2	B2	798
1	3	B2	798
1	1	B2	799
1	2	B2	799
1	3	B2	799
1	1	B2	800
1	2	B2	800
1	3	B2	800
1	1	B2	801
1	2	B2	801
1	3	B2	801
1	1	B2	802
1	2	B2	802
1	3	B2	802
1	1	B2	803
1	2	B2	803
1	3	B2	803
1	1	B2	804
1	2	B2	804
1	3	B2	804
1	1	B2	805
1	2	B2	805
1	3	B2	805
1	1	B2	806
1	2	B2	806
1	3	B2	806
1	1	B2	807
1	2	B2	807
1	3	B2	807
1	1	B2	808
1	2	B2	808
1	3	B2	808
1	1	B2	809
1	2	B2	809
1	3	B2	809
1	1	B2	810
1	2	B2	810
1	3	B2	810
1	1	B2	811
1	2	B2	811
1	3	B2	811
1	1	B2	812
1	2	B2	812
1	3	B2	812
1	1	B2	813
1	2	B2	813
1	3	B2	813
1	1	B2	814
1	2	B2	814
1	3	B2	814
1	1	B2	815
1	2	B2	815
1	3	B2	815
1	1	B2	816
1	2	B2	816
1	3	B2	816
1	1	B2	817
1	2	B2	817
1	3	B2	817
1	1	B2	818
1	2	B2	818
1	3	B2	818
1	1	B2	819
1	2	B2	819
1	3	B2	819
1	1	B2	820
1	2	B2	820
1	3	B2	820
1	1	B2	821
1	2	B2	821
1	3	B2	821
1	1	B2	822
1	2	B2	822
1	3	B2	822
1	1	B2	823
1	2	B2	823
1	3	B2	823
1	1	B2	824
1	2	B2	824
1	3	B2	824
1	1	B2	825
1	2	B2	825
1	3	B2	825
1	1	B2	826
1	2	B2	826
1	3	B2	826
1	1	B2	827
1	2	B2	827
1	3	B2	827
1	1	B2	828
1	2	B2	828
1	3	B2	828
1	1	B2	829
1	2	B2	829
1	3	B2	829
1	1	B2	830
1	2	B2	830
1	3	B2	830
1	1	B2	831
1	2	B2	831
1	3	B2	831
1	1	B2	832
1	2	B2	832
1	3	B2	832
1	1	B2	833
1	2	B2	833
1	3	B2	833
1	1	B2	834
1	2	B2	834
1	3	B2	834
1	1	B2	835
1	2	B2	835
1	3	B2	835
1	1	B2	836
1	2	B2	836
1	3	B2	836
1	1	B2	837
1	2	B2	837
1	3	B2	837
1	1	B2	838
1	2	B2	838
1	3	B2	838
1	1	B2	839
1	2	B2	839
1	3	B2	839
1	1	B2	840
1	2	B2	840
1	3	B2	840
1	1	B2	841
1	2	B2	841
1	3	B2	841
1	1	B2	842
1	2	B2	842
1	3	B2	842
1	1	B2	843
1	2	B2	843
1	3	B2	843
1	1	B2	844
1	2	B2	844
1	3	B2	844
1	1	B2	845
1	2	B2	845
1	3	B2	845
1	1	B2	846
1	2	B2	846
1	3	B2	846
1	1	B2	847
1	2	B2	847
1	3	B2	847
1	1	B2	848
1	2	B2	848
1	3	B2	848
1	1	B2	849
1	2	B2	849
1	3	B2	849
1	1	B2	850
1	2	B2	850
1	3	B2	850
1	1	B2	851
1	2	B2	851
1	3	B2	851
1	1	B2	852
1	2	B2	852
1	3	B2	852
1	1	B2	853
1	2	B2	853
1	3	B2	853
1	1	B2	854
1	2	B2	854
1	3	B2	854
1	1	B2	855
1	2	B2	855
1	3	B2	855
1	1	B2	856
1	2	B2	856
1	3	B2	856
1	1	B2	857
1	2	B2	857
1	3	B2	857
1	1	B2	858
1	2	B2	858
1	3	B2	858
1	1	B2	859
1	2	B2	859
1	3	B2	859
1	1	B2	860
1	2	B2	860
1	3	B2	860
1	1	B2	861
1	2	B2	861
1	3	B2	861
1	1	B2	862
1	2	B2	862
1	3	B2	862
1	1	B2	863
1	2	B2	863
1	3	B2	863
1	1	B2	864
1	2	B2	864
1	3	B2	864
1	1	B2	865
1	2	B2	865
1	3	B2	865
1	1	B2	866
1	2	B2	866
1	3	B2	866
1	1	B2	867
1	2	B2	867
1	3	B2	867
1	1	B2	868
1	2	B2	868
1	3	B2	868
1	1	B2	869
1	2	B2	869
1	3	B2	869
1	1	B2	870
1	2	B2	870
1	3	B2	870
1	1	B2	871
1	2	B2	871
1	3	B2	871
1	1	B2	872
1	2	B2	872
1	3	B2	872
1	1	B2	873
1	2	B2	873
1	3	B2	873
1	1	B2	874
1	2	B2	874
1	3	B2	874
1	1	B2	875
1	2	B2	875
1	3	B2	875
1	1	B2	876
1	2	B2	876
1	3	B2	876
1	1	B2	877
1	2	B2	877
1	3	B2	877
1	1	B2	878
1	2	B2	878
1	3	B2	878
1	1	B2	879
1	2	B2	879
1	3	B2	879
1	1	B2	880
1	2	B2	880
1	3	B2	880
1	1	B2	881
1	2	B2	881
1	3	B2	881
1	1	B2	882
1	2	B2	882
1	3	B2	882
1	1	B2	883
1	2	B2	883
1	3	B2	883
1	1	B2	884
1	2	B2	884
1	3	B2	884
1	1	B2	885
1	2	B2	885
1	3	B2	885
1	1	B2	886
1	2	B2	886
1	3	B2	886
1	1	B2	887
1	2	B2	887
1	3	B2	887
1	1	B2	888
1	2	B2	888
1	3	B2	888
1	1	B2	889
1	2	B2	889
1	3	B2	889
1	1	B2	890
1	2	B2	890
1	3	B2	890
1	1	B2	891
1	2	B2	891
1	3	B2	891
1	1	B2	892
1	2	B2	892
1	3	B2	892
1	1	B2	893
1	2	B2	893
1	3	B2	893
1	1	B2	894
1	2	B2	894
1	3	B2	894
1	1	B2	895
1	2	B2	895
1	3	B2	895
1	1	B2	896
1	2	B2	896
1	3	B2	896
1	1	B2	897
1	2	B2	897
1	3	B2	897
1	1	B2	898
1	2	B2	898
1	3	B2	898
1	1	B2	899
1	2	B2	899
1	3	B2	899
1	1	B2	900
1	2	B2	900
1	3	B2	900
1	1	B2	901
1	2	B2	901
1	3	B2	901
1	1	B2	902
1	2	B2	902
1	3	B2	902
1	1	B2	903
1	2	B2	903
1	3	B2	903
1	1	B2	904
1	2	B2	904
1	3	B2	904
1	1	B2	905
1	2	B2	905
1	3	B2	905
1	1	B2	906
1	2	B2	906
1	3	B2	906
1	1	B2	907
1	2	B2	907
1	3	B2	907
1	1	B2	908
1	2	B2	908
1	3	B2	908
1	1	B2	909
1	2	B2	909
1	3	B2	909
1	1	B2	910
1	2	B2	910
1	3	B2	910
1	1	B2	911
1	2	B2	911
1	3	B2	911
1	1	B2	912
1	2	B2	912
1	3	B2	912
1	1	B2	913
1	2	B2	913
1	3	B2	913
1	1	B2	914
1	2	B2	914
1	3	B2	914
1	1	B2	915
1	2	B2	915
1	3	B2	915
1	1	B2	916
1	2	B2	916
1	3	B2	916
1	1	B2	917
1	2	B2	917
1	3	B2	917
1	1	B2	918
1	2	B2	918
1	3	B2	918
1	1	B2	919
1	2	B2	919
1	3	B2	919
1	1	B2	920
1	2	B2	920
1	3	B2	920
1	1	B2	921
1	2	B2	921
1	3	B2	921
1	1	B2	922
1	2	B2	922
1	3	B2	922
1	1	B2	923
1	2	B2	923
1	3	B2	923
1	1	B2	924
1	2	B2	924
1	3	B2	924
1	1	B2	925
1	2	B2	925
1	3	B2	925
1	1	B2	926
1	2	B2	926
1	3	B2	926
1	1	B2	927
1	2	B2	927
1	3	B2	927
1	1	B2	928
1	2	B2	928
1	3	B2	928
1	1	B2	929
1	2	B2	929
1	3	B2	929
1	1	B2	930
1	2	B2	930
1	3	B2	930
1	1	B2	931
1	2	B2	931
1	3	B2	931
1	1	B2	932
1	2	B2	932
1	3	B2	932
1	1	B2	933
1	2	B2	933
1	3	B2	933
1	1	B2	934
1	2	B2	934
1	3	B2	934
1	1	B2	935
1	2	B2	935
1	3	B2	935
1	1	B2	936
1	2	B2	936
1	3	B2	936
1	1	B2	937
1	2	B2	937
1	3	B2	937
1	1	B2	938
1	2	B2	938
1	3	B2	938
1	1	B2	939
1	2	B2	939
1	3	B2	939
1	1	B2	940
1	2	B2	940
1	3	B2	940
1	1	B2	941
1	2	B2	941
1	3	B2	941
1	1	B2	942
1	2	B2	942
1	3	B2	942
1	1	B2	943
1	2	B2	943
1	3	B2	943
1	1	B2	944
1	2	B2	944
1	3	B2	944
1	1	B2	945
1	2	B2	945
1	3	B2	945
1	1	B2	946
1	2	B2	946
1	3	B2	946
1	1	B2	947
1	2	B2	947
1	3	B2	947
1	1	B2	948
1	2	B2	948
1	3	B2	948
1	1	B2	949
1	2	B2	949
1	3	B2	949
1	1	B2	950
1	2	B2	950
1	3	B2	950
1	1	B2	951
1	2	B2	951
1	3	B2	951
1	1	B2	952
1	2	B2	952
1	3	B2	952
1	1	B2	953
1	2	B2	953
1	3	B2	953
1	1	B2	954
1	2	B2	954
1	3	B2	954
1	1	B2	955
1	2	B2	955
1	3	B2	955
1	1	B2	956
1	2	B2	956
1	3	B2	956
1	1	B2	957
1	2	B2	957
1	3	B2	957
1	1	B2	958
1	2	B2	958
1	3	B2	958
1	1	B2	959
1	2	B2	959
1	3	B2	959
1	1	B2	960
1	2	B2	960
1	3	B2	960
1	1	B2	961
1	2	B2	961
1	3	B2	961
1	1	B2	962
1	2	B2	962
1	3	B2	962
1	1	B2	963
1	2	B2	963
1	3	B2	963
1	1	B2	964
1	2	B2	964
1	3	B2	964
1	1	B2	965
1	2	B2	965
1	3	B2	965
1	1	B2	966
1	2	B2	966
1	3	B2	966
1	1	B2	967
1	2	B2	967
1	3	B2	967
1	1	B2	968
1	2	B2	968
1	3	B2	968
1	1	B2	969
1	2	B2	969
1	3	B2	969
1	1	B2	970
1	2	B2	970
1	3	B2	970
1	1	B2	971
1	2	B2	971
1	3	B2	971
1	1	B2	972
1	2	B2	972
1	3	B2	972
1	1	B2	973
1	2	B2	973
1	3	B2	973
1	1	B2	974
1	2	B2	974
1	3	B2	974
1	1	B2	975
1	2	B2	975
1	3	B2	975
1	1	B2	976
1	2	B2	976
1	3	B2	976
1	1	B2	977
1	2	B2	977
1	3	B2	977
1	1	B2	978
1	2	B2	978
1	3	B2	978
1	1	B2	979
1	2	B2	979
1	3	B2	979
1	1	B2	980
1	2	B2	980
1	3	B2	980
1	1	B2	981
1	2	B2	981
1	3	B2	981
1	1	B2	982
1	2	B2	982
1	3	B2	982
1	1	B2	983
1	2	B2	983
1	3	B2	983
1	1	B2	984
1	2	B2	984
1	3	B2	984
1	1	B2	985
1	2	B2	985
1	3	B2	985
1	1	B2	986
1	2	B2	986
1	3	B2	986
1	1	B2	987
1	2	B2	987
1	3	B2	987
1	1	B2	988
1	2	B2	988
1	3	B2	988
1	1	B2	989
1	2	B2	989
1	3	B2	989
1	1	B2	990
1	2	B2	990
1	3	B2	990
1	1	B2	991
1	2	B2	991
1	3	B2	991
1	1	B2	992
1	2	B2	992
1	3	B2	992
1	1	B2	993
1	2	B2	993
1	3	B2	993
1	1	B2	994
1	2	B2	994
1	3	B2	994
1	1	B2	995
1	2	B2	995
1	3	B2	995
1	1	B2	996
1	2	B2	996
1	3	B2	996
1	1	B2	997
1	2	B2	997
1	3	B2	997
1	1	B2	998
1	2	B2	998
1	3	B2	998
1	1	B2	999
1	2	B2	999
1	3	B2	999
1	1	B2	1000
1	2	B2	1000
1	3	B2	1000
1	1	B2	1001
1	2	B2	1001
1	3	B2	1001
1	1	B2	1002
1	2	B2	1002
1	3	B2	1002
1	1	B2	1003
1	2	B2	1003
1	3	B2	1003
1	1	B2	1004
1	2	B2	1004
1	3	B2	1004
1	1	B2	1005
1	2	B2	1005
1	3	B2	1005
1	1	B2	1006
1	2	B2	1006
1	3	B2	1006
1	1	B2	1007
1	2	B2	1007
1	3	B2	1007
1	1	B2	1008
1	2	B2	1008
1	3	B2	1008
1	1	B2	1009
1	2	B2	1009
1	3	B2	1009
1	1	B2	1010
1	2	B2	1010
1	3	B2	1010
1	1	B2	1011
1	2	B2	1011
1	3	B2	1011
1	1	B2	1012
1	2	B2	1012
1	3	B2	1012
1	1	B2	1013
1	2	B2	1013
1	3	B2	1013
1	1	B2	1014
1	2	B2	1014
1	3	B2	1014
1	1	B2	1015
1	2	B2	1015
1	3	B2	1015
1	1	B2	1016
1	2	B2	1016
1	3	B2	1016
1	1	B2	1017
1	2	B2	1017
1	3	B2	1017
1	1	B2	1018
1	2	B2	1018
1	3	B2	1018
1	1	B2	1019
1	2	B2	1019
1	3	B2	1019
1	1	B2	1020
1	2	B2	1020
1	3	B2	1020
1	1	B2	1021
1	2	B2	1021
1	3	B2	1021
1	1	B2	1022
1	2	B2	1022
1	3	B2	1022
1	1	B2	1023
1	2	B2	1023
1	3	B2	1023
1	1	B2	1024
1	2	B2	1024
1	3	B2	1024
1	1	B2	1025
1	2	B2	1025
1	3	B2	1025
1	1	B2	1026
1	2	B2	1026
1	3	B2	1026
1	1	B2	1027
1	2	B2	1027
1	3	B2	1027
1	1	B2	1028
1	2	B2	1028
1	3	B2	1028
1	1	B2	1029
1	2	B2	1029
1	3	B2	1029
1	1	B2	1030
1	2	B2	1030
1	3	B2	1030
1	1	B2	1031
1	2	B2	1031
1	3	B2	1031
1	1	B2	1032
1	2	B2	1032
1	3	B2	1032
1	1	B2	1033
1	2	B2	1033
1	3	B2	1033
1	1	B2	1034
1	2	B2	1034
1	3	B2	1034
1	1	B2	1035
1	2	B2	1035
1	3	B2	1035
1	1	B2	1036
1	2	B2	1036
1	3	B2	1036
1	1	B2	1037
1	2	B2	1037
1	3	B2	1037
1	1	B2	1038
1	2	B2	1038
1	3	B2	1038
1	1	B2	1039
1	2	B2	1039
1	3	B2	1039
1	1	B2	1040
1	2	B2	1040
1	3	B2	1040
1	1	B2	1041
1	2	B2	1041
1	3	B2	1041
1	1	B2	1042
1	2	B2	1042
1	3	B2	1042
1	1	B2	1043
1	2	B2	1043
1	3	B2	1043
1	1	B2	1044
1	2	B2	1044
1	3	B2	1044
1	1	B2	1045
1	2	B2	1045
1	3	B2	1045
1	1	B2	1046
1	2	B2	1046
1	3	B2	1046
1	1	B2	1047
1	2	B2	1047
1	3	B2	1047
1	1	B2	1048
1	2	B2	1048
1	3	B2	1048
1	1	B2	1049
1	2	B2	1049
1	3	B2	1049
1	1	B2	1050
1	2	B2	1050
1	3	B2	1050
1	1	B2	1051
1	2	B2	1051
1	3	B2	1051
1	1	B2	1052
1	2	B2	1052
1	3	B2	1052
1	1	B2	1053
1	2	B2	1053
1	3	B2	1053
1	1	B2	1054
1	2	B2	1054
1	3	B2	1054
1	1	B2	1055
1	2	B2	1055
1	3	B2	1055
1	1	B2	1056
1	2	B2	1056
1	3	B2	1056
1	1	B2	1057
1	2	B2	1057
1	3	B2	1057
1	1	B2	1058
1	2	B2	1058
1	3	B2	1058
1	1	B2	1059
1	2	B2	1059
1	3	B2	1059
1	1	B2	1060
1	2	B2	1060
1	3	B2	1060
1	1	B2	1061
1	2	B2	1061
1	3	B2	1061
1	1	B2	1062
1	2	B2	1062
1	3	B2	1062
1	1	B2	1063
1	2	B2	1063
1	3	B2	1063
1	1	B2	1064
1	2	B2	1064
1	3	B2	1064
1	1	B2	1065
1	2	B2	1065
1	3	B2	1065
1	1	B2	1066
1	2	B2	1066
1	3	B2	1066
1	1	B2	1067
1	2	B2	1067
1	3	B2	1067
1	1	B2	1068
1	2	B2	1068
1	3	B2	1068
1	1	B2	1069
1	2	B2	1069
1	3	B2	1069
1	1	B2	1070
1	2	B2	1070
1	3	B2	1070
1	1	B2	1071
1	2	B2	1071
1	3	B2	1071
1	1	B2	1072
1	2	B2	1072
1	3	B2	1072
1	1	B2	1073
1	2	B2	1073
1	3	B2	1073
1	1	B2	1074
1	2	B2	1074
1	3	B2	1074
1	1	B2	1075
1	2	B2	1075
1	3	B2	1075
1	1	B2	1076
1	2	B2	1076
1	3	B2	1076
1	1	B2	1077
1	2	B2	1077
1	3	B2	1077
1	1	B2	1078
1	2	B2	1078
1	3	B2	1078
1	1	B2	1079
1	2	B2	1079
1	3	B2	1079
1	1	B2	1080
1	2	B2	1080
1	3	B2	1080
1	1	B2	1081
1	2	B2	1081
1	3	B2	1081
1	1	B2	1082
1	2	B2	1082
1	3	B2	1082
1	1	B2	1083
1	2	B2	1083
1	3	B2	1083
1	1	B2	1084
1	2	B2	1084
1	3	B2	1084
1	1	B2	1085
1	2	B2	1085
1	3	B2	1085
1	1	B2	1086
1	2	B2	1086
1	3	B2	1086
1	1	B2	1087
1	2	B2	1087
1	3	B2	1087
1	1	B2	1088
1	2	B2	1088
1	3	B2	1088
1	1	B2	1089
1	2	B2	1089
1	3	B2	1089
1	1	B2	1090
1	2	B2	1090
1	3	B2	1090
1	1	B2	1091
1	2	B2	1091
1	3	B2	1091
1	1	B2	1092
1	2	B2	1092
1	3	B2	1092
1	1	B2	1093
1	2	B2	1093
1	3	B2	1093
1	1	B2	1094
1	2	B2	1094
1	3	B2	1094
1	1	B2	1095
1	2	B2	1095
1	3	B2	1095
1	1	B2	1096
1	2	B2	1096
1	3	B2	1096
1	1	B2	1097
1	2	B2	1097
1	3	B2	1097
1	1	B2	1098
1	2	B2	1098
1	3	B2	1098
1	1	B2	1099
1	2	B2	1099
1	3	B2	1099
1	1	B2	1100
1	2	B2	1100
1	3	B2	1100
1	1	B2	1101
1	2	B2	1101
1	3	B2	1101
1	1	B2	1102
1	2	B2	1102
1	3	B2	1102
1	1	B2	1103
1	2	B2	1103
1	3	B2	1103
1	1	B2	1104
1	2	B2	1104
1	3	B2	1104
1	1	B2	1105
1	2	B2	1105
1	3	B2	1105
1	1	B2	1106
1	2	B2	1106
1	3	B2	1106
1	1	B2	1107
1	2	B2	1107
1	3	B2	1107
1	1	B2	1108
1	2	B2	1108
1	3	B2	1108
1	1	B2	1109
1	2	B2	1109
1	3	B2	1109
1	1	B2	1110
1	2	B2	1110
1	3	B2	1110
1	1	B2	1111
1	2	B2	1111
1	3	B2	1111
1	1	B2	1112
1	2	B2	1112
1	3	B2	1112
1	1	B2	1113
1	2	B2	1113
1	3	B2	1113
1	1	B2	1114
1	2	B2	1114
1	3	B2	1114
1	1	B2	1115
1	2	B2	1115
1	3	B2	1115
1	1	B2	1116
1	2	B2	1116
1	3	B2	1116
1	1	B2	1117
1	2	B2	1117
1	3	B2	1117
1	1	B2	1118
1	2	B2	1118
1	3	B2	1118
1	1	B2	1119
1	2	B2	1119
1	3	B2	1119
1	1	B2	1120
1	2	B2	1120
1	3	B2	1120
1	1	B2	1121
1	2	B2	1121
1	3	B2	1121
1	1	B2	1122
1	2	B2	1122
1	3	B2	1122
1	1	B2	1123
1	2	B2	1123
1	3	B2	1123
1	1	B2	1124
1	2	B2	1124
1	3	B2	1124
1	1	B2	1125
1	2	B2	1125
1	3	B2	1125
1	1	B2	1126
1	2	B2	1126
1	3	B2	1126
1	1	B2	1127
1	2	B2	1127
1	3	B2	1127
1	1	B2	1128
1	2	B2	1128
1	3	B2	1128
1	1	B2	1129
1	2	B2	1129
1	3	B2	1129
1	1	B2	1130
1	2	B2	1130
1	3	B2	1130
1	1	B2	1131
1	2	B2	1131
1	3	B2	1131
1	1	B2	1132
1	2	B2	1132
1	3	B2	1132
1	1	B2	1133
1	2	B2	1133
1	3	B2	1133
1	1	B2	1134
1	2	B2	1134
1	3	B2	1134
1	1	B2	1135
1	2	B2	1135
1	3	B2	1135
1	1	B2	1136
1	2	B2	1136
1	3	B2	1136
1	1	B2	1137
1	2	B2	1137
1	3	B2	1137
1	1	B2	1138
1	2	B2	1138
1	3	B2	1138
1	1	B2	1139
1	2	B2	1139
1	3	B2	1139
1	1	B2	1140
1	2	B2	1140
1	3	B2	1140
1	1	B2	1141
1	2	B2	1141
1	3	B2	1141
1	1	B2	1142
1	2	B2	1142
1	3	B2	1142
1	1	B2	1143
1	2	B2	1143
1	3	B2	1143
1	1	B2	1144
1	2	B2	1144
1	3	B2	1144
1	1	B2	1145
1	2	B2	1145
1	3	B2	1145
1	1	B2	1146
1	2	B2	1146
1	3	B2	1146
1	1	B2	1147
1	2	B2	1147
1	3	B2	1147
1	1	B2	1148
1	2	B2	1148
1	3	B2	1148
1	1	B2	1149
1	2	B2	1149
1	3	B2	1149
1	1	B2	1150
1	2	B2	1150
1	3	B2	1150
1	1	B2	1151
1	2	B2	1151
1	3	B2	1151
1	1	B2	1152
1	2	B2	1152
1	3	B2	1152
1	1	B2	1153
1	2	B2	1153
1	3	B2	1153
1	1	B2	1154
1	2	B2	1154
1	3	B2	1154
1	1	B2	1155
1	2	B2	1155
1	3	B2	1155
1	1	B2	1156
1	2	B2	1156
1	3	B2	1156
1	1	B2	1157
1	2	B2	1157
1	3	B2	1157
1	1	B2	1158
1	2	B2	1158
1	3	B2	1158
1	1	B2	1159
1	2	B2	1159
1	3	B2	1159
1	1	B2	1160
1	2	B2	1160
1	3	B2	1160
1	1	B2	1161
1	2	B2	1161
1	3	B2	1161
1	1	B2	1162
1	2	B2	1162
1	3	B2	1162
1	1	B2	1163
1	2	B2	1163
1	3	B2	1163
1	1	B2	1164
1	2	B2	1164
1	3	B2	1164
1	1	B2	1165
1	2	B2	1165
1	3	B2	1165
1	1	B2	1166
1	2	B2	1166
1	3	B2	1166
1	1	B2	1167
1	2	B2	1167
1	3	B2	1167
1	1	B2	1168
1	2	B2	1168
1	3	B2	1168
1	1	B2	1169
1	2	B2	1169
1	3	B2	1169
1	1	B2	1170
1	2	B2	1170
1	3	B2	1170
1	1	B2	1171
1	2	B2	1171
1	3	B2	1171
1	1	B2	1172
1	2	B2	1172
1	3	B2	1172
1	1	B2	1173
1	2	B2	1173
1	3	B2	1173
1	1	B2	1174
1	2	B2	1174
1	3	B2	1174
1	1	B2	1175
1	2	B2	1175
1	3	B2	1175
1	1	B2	1176
1	2	B2	1176
1	3	B2	1176
1	1	B2	1177
1	2	B2	1177
1	3	B2	1177
1	1	B2	1178
1	2	B2	1178
1	3	B2	1178
1	1	B2	1179
1	2	B2	1179
1	3	B2	1179
1	1	B2	1180
1	2	B2	1180
1	3	B2	1180
1	1	B2	1181
1	2	B2	1181
1	3	B2	1181
1	1	B2	1182
1	2	B2	1182
1	3	B2	1182
1	1	B2	1183
1	2	B2	1183
1	3	B2	1183
1	1	B2	1184
1	2	B2	1184
1	3	B2	1184
1	1	B2	1185
1	2	B2	1185
1	3	B2	1185
1	1	B2	1186
1	2	B2	1186
1	3	B2	1186
1	1	B2	1187
1	2	B2	1187
1	3	B2	1187
1	1	B2	1188
1	2	B2	1188
1	3	B2	1188
1	1	B2	1189
1	2	B2	1189
1	3	B2	1189
1	1	B2	1190
1	2	B2	1190
1	3	B2	1190
1	1	B2	1191
1	2	B2	1191
1	3	B2	1191
1	1	B2	1192
1	2	B2	1192
1	3	B2	1192
1	1	B2	1193
1	2	B2	1193
1	3	B2	1193
1	1	B2	1194
1	2	B2	1194
1	3	B2	1194
1	1	B2	1195
1	2	B2	1195
1	3	B2	1195
1	1	B2	1196
1	2	B2	1196
1	3	B2	1196
1	1	B2	1197
1	2	B2	1197
1	3	B2	1197
1	1	B2	1198
1	2	B2	1198
1	3	B2	1198
1	1	B2	1199
1	2	B2	1199
1	3	B2	1199
1	1	B2	1200
1	2	B2	1200
1	3	B2	1200
1	1	B2	1201
1	2	B2	1201
1	3	B2	1201
1	1	B2	1202
1	2	B2	1202
1	3	B2	1202
1	1	B2	1203
1	2	B2	1203
1	3	B2	1203
1	1	B2	1204
1	2	B2	1204
1	3	B2	1204
1	1	B2	1205
1	2	B2	1205
1	3	B2	1205
1	1	B2	1206
1	2	B2	1206
1	3	B2	1206
1	1	B2	1207
1	2	B2	1207
1	3	B2	1207
1	1	B2	1208
1	2	B2	1208
1	3	B2	1208
1	1	B2	1209
1	2	B2	1209
1	3	B2	1209
1	1	B2	1210
1	2	B2	1210
1	3	B2	1210
1	1	B2	1211
1	2	B2	1211
1	3	B2	1211
1	1	B2	1212
1	2	B2	1212
1	3	B2	1212
1	1	B2	1213
1	2	B2	1213
1	3	B2	1213
1	1	B2	1214
1	2	B2	1214
1	3	B2	1214
1	1	B2	1215
1	2	B2	1215
1	3	B2	1215
1	1	B2	1216
1	2	B2	1216
1	3	B2	1216
1	1	B2	1217
1	2	B2	1217
1	3	B2	1217
1	1	B2	1218
1	2	B2	1218
1	3	B2	1218
1	1	B2	1219
1	2	B2	1219
1	3	B2	1219
1	1	B2	1220
1	2	B2	1220
1	3	B2	1220
1	1	B2	1221
1	2	B2	1221
1	3	B2	1221
1	1	B2	1222
1	2	B2	1222
1	3	B2	1222
1	1	B2	1223
1	2	B2	1223
1	3	B2	1223
1	1	B2	1224
1	2	B2	1224
1	3	B2	1224
1	1	B2	1225
1	2	B2	1225
1	3	B2	1225
1	1	B2	1226
1	2	B2	1226
1	3	B2	1226
1	1	B2	1227
1	2	B2	1227
1	3	B2	1227
1	1	B2	1228
1	2	B2	1228
1	3	B2	1228
1	1	B2	1229
1	2	B2	1229
1	3	B2	1229
1	1	B2	1230
1	2	B2	1230
1	3	B2	1230
1	1	B2	1231
1	2	B2	1231
1	3	B2	1231
1	1	B2	1232
1	2	B2	1232
1	3	B2	1232
1	1	B2	1233
1	2	B2	1233
1	3	B2	1233
1	1	B2	1234
1	2	B2	1234
1	3	B2	1234
1	1	B2	1235
1	2	B2	1235
1	3	B2	1235
1	1	B2	1236
1	2	B2	1236
1	3	B2	1236
1	1	B2	1237
1	2	B2	1237
1	3	B2	1237
1	1	B2	1238
1	2	B2	1238
1	3	B2	1238
1	1	B2	1239
1	2	B2	1239
1	3	B2	1239
1	1	B2	1240
1	2	B2	1240
1	3	B2	1240
1	1	B2	1241
1	2	B2	1241
1	3	B2	1241
1	1	B2	1242
1	2	B2	1242
1	3	B2	1242
1	1	B2	1243
1	2	B2	1243
1	3	B2	1243
1	1	B2	1244
1	2	B2	1244
1	3	B2	1244
1	1	B2	1245
1	2	B2	1245
1	3	B2	1245
1	1	B2	1246
1	2	B2	1246
1	3	B2	1246
1	1	B2	1247
1	2	B2	1247
1	3	B2	1247
1	1	B2	1248
1	2	B2	1248
1	3	B2	1248
1	1	B2	1249
1	2	B2	1249
1	3	B2	1249
1	1	B2	1250
1	2	B2	1250
1	3	B2	1250
1	1	B2	1251
1	2	B2	1251
1	3	B2	1251
1	1	B2	1252
1	2	B2	1252
1	3	B2	1252
1	1	B2	1253
1	2	B2	1253
1	3	B2	1253
1	1	B2	1254
1	2	B2	1254
1	3	B2	1254
1	1	B2	1255
1	2	B2	1255
1	3	B2	1255
1	1	B2	1256
1	2	B2	1256
1	3	B2	1256
1	1	B2	1257
1	2	B2	1257
1	3	B2	1257
1	1	B2	1258
1	2	B2	1258
1	3	B2	1258
1	1	B2	1259
1	2	B2	1259
1	3	B2	1259
1	1	B2	1260
1	2	B2	1260
1	3	B2	1260
1	1	B2	1261
1	2	B2	1261
1	3	B2	1261
1	1	B2	1262
1	2	B2	1262
1	3	B2	1262
1	1	B2	1263
1	2	B2	1263
1	3	B2	1263
1	1	B2	1264
1	2	B2	1264
1	3	B2	1264
1	1	B2	1265
1	2	B2	1265
1	3	B2	1265
1	1	B2	1266
1	2	B2	1266
1	3	B2	1266
1	1	B2	1267
1	2	B2	1267
1	3	B2	1267
1	1	B2	1268
1	2	B2	1268
1	3	B2	1268
1	1	B2	1269
1	2	B2	1269
1	3	B2	1269
1	1	B2	1270
1	2	B2	1270
1	3	B2	1270
1	1	B2	1271
1	2	B2	1271
1	3	B2	1271
1	1	B2	1272
1	2	B2	1272
1	3	B2	1272
1	1	B2	1273
1	2	B2	1273
1	3	B2	1273
1	1	B2	1274
1	2	B2	1274
1	3	B2	1274
1	1	B2	1275
1	2	B2	1275
1	3	B2	1275
1	1	B2	1276
1	2	B2	1276
1	3	B2	1276
1	1	B2	1277
1	2	B2	1277
1	3	B2	1277
1	1	B2	1278
1	2	B2	1278
1	3	B2	1278
1	1	B2	1279
1	2	B2	1279
1	3	B2	1279
1	1	B2	1280
1	2	B2	1280
1	3	B2	1280
1	1	B2	1281
1	2	B2	1281
1	3	B2	1281
1	1	B2	1282
1	2	B2	1282
1	3	B2	1282
1	1	B2	1283
1	2	B2	1283
1	3	B2	1283
1	1	B2	1284
1	2	B2	1284
1	3	B2	1284
1	1	B2	1285
1	2	B2	1285
1	3	B2	1285
1	1	B2	1286
1	2	B2	1286
1	3	B2	1286
1	1	B2	1287
1	2	B2	1287
1	3	B2	1287
1	1	B2	1288
1	2	B2	1288
1	3	B2	1288
1	1	B2	1289
1	2	B2	1289
1	3	B2	1289
1	1	B2	1290
1	2	B2	1290
1	3	B2	1290
1	1	B2	1291
1	2	B2	1291
1	3	B2	1291
1	1	B2	1292
1	2	B2	1292
1	3	B2	1292
1	1	B2	1293
1	2	B2	1293
1	3	B2	1293
1	1	B2	1294
1	2	B2	1294
1	3	B2	1294
1	1	B2	1295
1	2	B2	1295
1	3	B2	1295
1	1	B2	1296
1	2	B2	1296
1	3	B2	1296
1	1	B2	1297
1	2	B2	1297
1	3	B2	1297
1	1	B2	1298
1	2	B2	1298
1	3	B2	1298
1	1	B2	1299
1	2	B2	1299
1	3	B2	1299
1	1	B2	1300
1	2	B2	1300
1	3	B2	1300
1	1	B2	1301
1	2	B2	1301
1	3	B2	1301
1	1	B2	1302
1	2	B2	1302
1	3	B2	1302
1	1	B2	1303
1	2	B2	1303
1	3	B2	1303
1	1	B2	1304
1	2	B2	1304
1	3	B2	1304
1	1	B2	1305
1	2	B2	1305
1	3	B2	1305
1	1	B2	1306
1	2	B2	1306
1	3	B2	1306
1	1	B2	1307
1	2	B2	1307
1	3	B2	1307
1	1	B2	1308
1	2	B2	1308
1	3	B2	1308
1	1	B2	1309
1	2	B2	1309
1	3	B2	1309
1	1	B2	1310
1	2	B2	1310
1	3	B2	1310
1	1	B2	1311
1	2	B2	1311
1	3	B2	1311
1	1	B2	1312
1	2	B2	1312
1	3	B2	1312
1	1	B2	1313
1	2	B2	1313
1	3	B2	1313
1	1	B2	1314
1	2	B2	1314
1	3	B2	1314
1	1	B2	1315
1	2	B2	1315
1	3	B2	1315
1	1	B2	1316
1	2	B2	1316
1	3	B2	1316
1	1	B2	1317
1	2	B2	1317
1	3	B2	1317
1	1	B2	1318
1	2	B2	1318
1	3	B2	1318
1	1	B2	1319
1	2	B2	1319
1	3	B2	1319
1	1	B2	1320
1	2	B2	1320
1	3	B2	1320
1	1	B2	1321
1	2	B2	1321
1	3	B2	1321
1	1	B2	1322
1	2	B2	1322
1	3	B2	1322
1	1	B2	1323
1	2	B2	1323
1	3	B2	1323
1	1	B2	1324
1	2	B2	1324
1	3	B2	1324
1	1	B2	1325
1	2	B2	1325
1	3	B2	1325
1	1	B2	1326
1	2	B2	1326
1	3	B2	1326
1	1	B2	1327
1	2	B2	1327
1	3	B2	1327
1	1	B2	1328
1	2	B2	1328
1	3	B2	1328
1	1	B2	1329
1	2	B2	1329
1	3	B2	1329
1	1	B2	1330
1	2	B2	1330
1	3	B2	1330
1	1	B2	1331
1	2	B2	1331
1	3	B2	1331
1	1	B2	1332
1	2	B2	1332
1	3	B2	1332
1	1	B2	1333
1	2	B2	1333
1	3	B2	1333
1	1	B2	1334
1	2	B2	1334
1	3	B2	1334
1	1	B2	1335
1	2	B2	1335
1	3	B2	1335
1	1	B2	1336
1	2	B2	1336
1	3	B2	1336
1	1	B2	1337
1	2	B2	1337
1	3	B2	1337
1	1	B2	1338
1	2	B2	1338
1	3	B2	1338
1	1	B2	1339
1	2	B2	1339
1	3	B2	1339
1	1	B2	1340
1	2	B2	1340
1	3	B2	1340
1	1	B2	1341
1	2	B2	1341
1	3	B2	1341
1	1	B2	1342
1	2	B2	1342
1	3	B2	1342
1	1	B2	1343
1	2	B2	1343
1	3	B2	1343
1	1	B2	1344
1	2	B2	1344
1	3	B2	1344
1	1	B2	1345
1	2	B2	1345
1	3	B2	1345
1	1	B2	1346
1	2	B2	1346
1	3	B2	1346
1	1	B2	1347
1	2	B2	1347
1	3	B2	1347
1	1	B2	1348
1	2	B2	1348
1	3	B2	1348
1	1	B2	1349
1	2	B2	1349
1	3	B2	1349
1	1	B2	1350
1	2	B2	1350
1	3	B2	1350
1	1	B2	1351
1	2	B2	1351
1	3	B2	1351
1	1	B2	1352
1	2	B2	1352
1	3	B2	1352
1	1	B2	1353
1	2	B2	1353
1	3	B2	1353
1	1	B2	1354
1	2	B2	1354
1	3	B2	1354
1	1	B2	1355
1	2	B2	1355
1	3	B2	1355
1	1	B2	1356
1	2	B2	1356
1	3	B2	1356
1	1	B2	1357
1	2	B2	1357
1	3	B2	1357
1	1	B2	1358
1	2	B2	1358
1	3	B2	1358
1	1	B2	1359
1	2	B2	1359
1	3	B2	1359
1	1	B2	1360
1	2	B2	1360
1	3	B2	1360
1	1	B2	1361
1	2	B2	1361
1	3	B2	1361
1	1	B2	1362
1	2	B2	1362
1	3	B2	1362
1	1	B2	1363
1	2	B2	1363
1	3	B2	1363
1	1	B2	1364
1	2	B2	1364
1	3	B2	1364
1	1	B2	1365
1	2	B2	1365
1	3	B2	1365
1	1	B2	1366
1	2	B2	1366
1	3	B2	1366
1	1	B2	1367
1	2	B2	1367
1	3	B2	1367
1	1	B2	1368
1	2	B2	1368
1	3	B2	1368
1	1	B2	1369
1	2	B2	1369
1	3	B2	1369
1	1	B2	1370
1	2	B2	1370
1	3	B2	1370
1	1	B2	1371
1	2	B2	1371
1	3	B2	1371
1	1	B2	1372
1	2	B2	1372
1	3	B2	1372
1	1	B2	1373
1	2	B2	1373
1	3	B2	1373
1	1	B2	1374
1	2	B2	1374
1	3	B2	1374
1	1	B2	1375
1	2	B2	1375
1	3	B2	1375
1	1	B2	1376
1	2	B2	1376
1	3	B2	1376
1	1	B2	1377
1	2	B2	1377
1	3	B2	1377
1	1	B2	1378
1	2	B2	1378
1	3	B2	1378
1	1	B2	1379
1	2	B2	1379
1	3	B2	1379
1	1	B2	1380
1	2	B2	1380
1	3	B2	1380
1	1	B2	1381
1	2	B2	1381
1	3	B2	1381
1	1	B2	1382
1	2	B2	1382
1	3	B2	1382
1	1	B2	1383
1	2	B2	1383
1	3	B2	1383
1	1	B2	1384
1	2	B2	1384
1	3	B2	1384
1	1	B2	1385
1	2	B2	1385
1	3	B2	1385
1	1	B2	1386
1	2	B2	1386
1	3	B2	1386
1	1	B2	1387
1	2	B2	1387
1	3	B2	1387
1	1	B2	1388
1	2	B2	1388
1	3	B2	1388
1	1	B2	1389
1	2	B2	1389
1	3	B2	1389
1	1	B2	1390
1	2	B2	1390
1	3	B2	1390
1	1	B2	1391
1	2	B2	1391
1	3	B2	1391
1	1	B2	1392
1	2	B2	1392
1	3	B2	1392
1	1	B2	1393
1	2	B2	1393
1	3	B2	1393
1	1	B2	1394
1	2	B2	1394
1	3	B2	1394
1	1	B2	1395
1	2	B2	1395
1	3	B2	1395
1	1	B2	1396
1	2	B2	1396
1	3	B2	1396
1	1	B2	1397
1	2	B2	1397
1	3	B2	1397
1	1	B2	1398
1	2	B2	1398
1	3	B2	1398
1	1	B2	1399
1	2	B2	1399
1	3	B2	1399
1	1	B2	1400
1	2	B2	1400
1	3	B2	1400
1	1	B2	1401
1	2	B2	1401
1	3	B2	1401
1	1	B2	1402
1	2	B2	1402
1	3	B2	1402
1	1	B2	1403
1	2	B2	1403
1	3	B2	1403
1	1	B2	1404
1	2	B2	1404
1	3	B2	1404
1	1	B2	1405
1	2	B2	1405
1	3	B2	1405
1	1	B2	1406
1	2	B2	1406
1	3	B2	1406
1	1	B2	1407
1	2	B2	1407
1	3	B2	1407
1	1	B2	1408
1	2	B2	1408
1	3	B2	1408
1	1	B2	1409
1	2	B2	1409
1	3	B2	1409
1	1	B2	1410
1	2	B2	1410
1	3	B2	1410
1	1	B2	1411
1	2	B2	1411
1	3	B2	1411
1	1	B2	1412
1	2	B2	1412
1	3	B2	1412
1	1	B2	1413
1	2	B2	1413
1	3	B2	1413
1	1	B2	1414
1	2	B2	1414
1	3	B2	1414
1	1	B2	1415
1	2	B2	1415
1	3	B2	1415
1	1	B2	1416
1	2	B2	1416
1	3	B2	1416
1	1	B2	1417
1	2	B2	1417
1	3	B2	1417
1	1	B2	1418
1	2	B2	1418
1	3	B2	1418
1	1	B2	1419
1	2	B2	1419
1	3	B2	1419
1	1	B2	1420
1	2	B2	1420
1	3	B2	1420
1	1	B2	1421
1	2	B2	1421
1	3	B2	1421
1	1	B2	1422
1	2	B2	1422
1	3	B2	1422
1	1	B2	1423
1	2	B2	1423
1	3	B2	1423
1	1	B2	1424
1	2	B2	1424
1	3	B2	1424
1	1	B2	1425
1	2	B2	1425
1	3	B2	1425
1	1	B2	1426
1	2	B2	1426
1	3	B2	1426
1	1	B2	1427
1	2	B2	1427
1	3	B2	1427
1	1	B2	1428
1	2	B2	1428
1	3	B2	1428
1	1	B2	1429
1	2	B2	1429
1	3	B2	1429
1	1	B2	1430
1	2	B2	1430
1	3	B2	1430
1	1	B2	1431
1	2	B2	1431
1	3	B2	1431
1	1	B2	1432
1	2	B2	1432
1	3	B2	1432
1	1	B2	1433
1	2	B2	1433
1	3	B2	1433
1	1	B2	1434
1	2	B2	1434
1	3	B2	1434
1	1	B2	1435
1	2	B2	1435
1	3	B2	1435
1	1	B2	1436
1	2	B2	1436
1	3	B2	1436
1	1	B2	1437
1	2	B2	1437
1	3	B2	1437
1	1	B2	1438
1	2	B2	1438
1	3	B2	1438
1	1	B2	1439
1	2	B2	1439
1	3	B2	1439
1	1	B2	1440
1	2	B2	1440
1	3	B2	1440
1	1	B2	1441
1	2	B2	1441
1	3	B2	1441
1	1	B2	1442
1	2	B2	1442
1	3	B2	1442
1	1	B2	1443
1	2	B2	1443
1	3	B2	1443
1	1	B2	1444
1	2	B2	1444
1	3	B2	1444
1	1	B2	1445
1	2	B2	1445
1	3	B2	1445
1	1	B2	1446
1	2	B2	1446
1	3	B2	1446
1	1	B2	1447
1	2	B2	1447
1	3	B2	1447
1	1	B2	1448
1	2	B2	1448
1	3	B2	1448
1	1	B2	1449
1	2	B2	1449
1	3	B2	1449
1	1	B2	1450
1	2	B2	1450
1	3	B2	1450
1	1	B2	1451
1	2	B2	1451
1	3	B2	1451
1	1	B2	1452
1	2	B2	1452
1	3	B2	1452
1	1	B2	1453
1	2	B2	1453
1	3	B2	1453
1	1	B2	1454
1	2	B2	1454
1	3	B2	1454
1	1	B2	1455
1	2	B2	1455
1	3	B2	1455
1	1	B2	1456
1	2	B2	1456
1	3	B2	1456
1	1	B2	1457
1	2	B2	1457
1	3	B2	1457
1	1	B2	1458
1	2	B2	1458
1	3	B2	1458
1	1	B2	1459
1	2	B2	1459
1	3	B2	1459
1	1	B2	1460
1	2	B2	1460
1	3	B2	1460
1	1	B2	1461
1	2	B2	1461
1	3	B2	1461
1	1	B2	1462
1	2	B2	1462
1	3	B2	1462
1	1	B2	1463
1	2	B2	1463
1	3	B2	1463
1	1	B2	1464
1	2	B2	1464
1	3	B2	1464
1	1	B2	1465
1	2	B2	1465
1	3	B2	1465
1	1	B2	1466
1	2	B2	1466
1	3	B2	1466
1	1	B2	1467
1	2	B2	1467
1	3	B2	1467
1	1	B2	1468
1	2	B2	1468
1	3	B2	1468
1	1	B2	1469
1	2	B2	1469
1	3	B2	1469
1	1	B2	1470
1	2	B2	1470
1	3	B2	1470
1	1	B2	1471
1	2	B2	1471
1	3	B2	1471
1	1	B2	1472
1	2	B2	1472
1	3	B2	1472
1	1	B2	1473
1	2	B2	1473
1	3	B2	1473
1	1	B2	1474
1	2	B2	1474
1	3	B2	1474
1	1	B2	1475
1	2	B2	1475
1	3	B2	1475
1	1	B2	1476
1	2	B2	1476
1	3	B2	1476
1	1	B2	1477
1	2	B2	1477
1	3	B2	1477
1	1	B2	1478
1	2	B2	1478
1	3	B2	1478
1	1	B2	1479
1	2	B2	1479
1	3	B2	1479
1	1	B2	1480
1	2	B2	1480
1	3	B2	1480
1	1	B2	1481
1	2	B2	1481
1	3	B2	1481
1	1	B2	1482
1	2	B2	1482
1	3	B2	1482
1	1	B2	1483
1	2	B2	1483
1	3	B2	1483
1	1	B2	1484
1	2	B2	1484
1	3	B2	1484
1	1	B2	1485
1	2	B2	1485
1	3	B2	1485
1	1	B2	1486
1	2	B2	1486
1	3	B2	1486
1	1	B2	1487
1	2	B2	1487
1	3	B2	1487
1	1	B2	1488
1	2	B2	1488
1	3	B2	1488
1	1	B2	1489
1	2	B2	1489
1	3	B2	1489
1	1	B2	1490
1	2	B2	1490
1	3	B2	1490
1	1	B2	1491
1	2	B2	1491
1	3	B2	1491
1	1	B2	1492
1	2	B2	1492
1	3	B2	1492
1	1	B2	1493
1	2	B2	1493
1	3	B2	1493
1	1	B2	1494
1	2	B2	1494
1	3	B2	1494
1	1	B2	1495
1	2	B2	1495
1	3	B2	1495
1	1	B2	1496
1	2	B2	1496
1	3	B2	1496
1	1	B2	1497
1	2	B2	1497
1	3	B2	1497
1	1	B2	1498
1	2	B2	1498
1	3	B2	1498
1	1	B2	1499
1	2	B2	1499
1	3	B2	1499
1	1	B2	1500
1	2	B2	1500
1	3	B2	1500
1	1	B2	1501
1	2	B2	1501
1	3	B2	1501
1	1	B2	1502
1	2	B2	1502
1	3	B2	1502
1	1	B2	1503
1	2	B2	1503
1	3	B2	1503
1	1	B2	1504
1	2	B2	1504
1	3	B2	1504
1	1	B2	1505
1	2	B2	1505
1	3	B2	1505
1	1	B2	1506
1	2	B2	1506
1	3	B2	1506
1	1	B2	1507
1	2	B2	1507
1	3	B2	1507
1	1	B2	1508
1	2	B2	1508
1	3	B2	1508
1	1	B2	1509
1	2	B2	1509
1	3	B2	1509
1	1	B2	1510
1	2	B2	1510
1	3	B2	1510
1	1	B2	1511
1	2	B2	1511
1	3	B2	1511
1	1	B2	1512
1	2	B2	1512
1	3	B2	1512
1	1	B2	1513
1	2	B2	1513
1	3	B2	1513
1	1	B2	1514
1	2	B2	1514
1	3	B2	1514
1	1	B2	1515
1	2	B2	1515
1	3	B2	1515
1	1	B2	1516
1	2	B2	1516
1	3	B2	1516
1	1	B2	1517
1	2	B2	1517
1	3	B2	1517
1	1	B2	1518
1	2	B2	1518
1	3	B2	1518
1	1	B2	1519
1	2	B2	1519
1	3	B2	1519
1	1	B2	1520
1	2	B2	1520
1	3	B2	1520
1	1	B2	1521
1	2	B2	1521
1	3	B2	1521
1	1	B2	1522
1	2	B2	1522
1	3	B2	1522
1	1	B2	1523
1	2	B2	1523
1	3	B2	1523
1	1	B2	1524
1	2	B2	1524
1	3	B2	1524
1	1	B2	1525
1	2	B2	1525
1	3	B2	1525
1	1	B2	1526
1	2	B2	1526
1	3	B2	1526
1	1	B2	1527
1	2	B2	1527
1	3	B2	1527
1	1	B2	1528
1	2	B2	1528
1	3	B2	1528
1	1	B2	1529
1	2	B2	1529
1	3	B2	1529
1	1	B2	1530
1	2	B2	1530
1	3	B2	1530
1	1	B2	1531
1	2	B2	1531
1	3	B2	1531
1	1	B2	1532
1	2	B2	1532
1	3	B2	1532
1	1	B2	1533
1	2	B2	1533
1	3	B2	1533
1	1	B2	1534
1	2	B2	1534
1	3	B2	1534
1	1	B2	1535
1	2	B2	1535
1	3	B2	1535
1	1	B2	1536
1	2	B2	1536
1	3	B2	1536
1	1	B2	1537
1	2	B2	1537
1	3	B2	1537
1	1	B2	1538
1	2	B2	1538
1	3	B2	1538
1	1	B2	1539
1	2	B2	1539
1	3	B2	1539
1	1	B2	1540
1	2	B2	1540
1	3	B2	1540
1	1	B2	1541
1	2	B2	1541
1	3	B2	1541
1	1	B2	1542
1	2	B2	1542
1	3	B2	1542
1	1	B2	1543
1	2	B2	1543
1	3	B2	1543
1	1	B2	1544
1	2	B2	1544
1	3	B2	1544
1	1	B2	1545
1	2	B2	1545
1	3	B2	1545
1	1	B2	1546
1	2	B2	1546
1	3	B2	1546
1	1	B2	1547
1	2	B2	1547
1	3	B2	1547
1	1	B2	1548
1	2	B2	1548
1	3	B2	1548
1	1	B2	1549
1	2	B2	1549
1	3	B2	1549
1	1	B2	1550
1	2	B2	1550
1	3	B2	1550
1	1	B2	1551
1	2	B2	1551
1	3	B2	1551
1	1	B2	1552
1	2	B2	1552
1	3	B2	1552
1	1	B2	1553
1	2	B2	1553
1	3	B2	1553
1	1	B2	1554
1	2	B2	1554
1	3	B2	1554
1	1	B2	1555
1	2	B2	1555
1	3	B2	1555
1	1	B2	1556
1	2	B2	1556
1	3	B2	1556
1	1	B2	1557
1	2	B2	1557
1	3	B2	1557
1	1	B2	1558
1	2	B2	1558
1	3	B2	1558
1	1	B2	1559
1	2	B2	1559
1	3	B2	1559
1	1	B2	1560
1	2	B2	1560
1	3	B2	1560
1	1	B2	1561
1	2	B2	1561
1	3	B2	1561
1	1	B2	1562
1	2	B2	1562
1	3	B2	1562
1	1	B2	1563
1	2	B2	1563
1	3	B2	1563
1	1	B2	1564
1	2	B2	1564
1	3	B2	1564
1	1	B2	1565
1	2	B2	1565
1	3	B2	1565
1	1	B2	1566
1	2	B2	1566
1	3	B2	1566
1	1	B2	1567
1	2	B2	1567
1	3	B2	1567
1	1	B2	1568
1	2	B2	1568
1	3	B2	1568
1	1	B2	1569
1	2	B2	1569
1	3	B2	1569
1	1	B2	1570
1	2	B2	1570
1	3	B2	1570
1	1	B2	1571
1	2	B2	1571
1	3	B2	1571
1	1	B2	1572
1	2	B2	1572
1	3	B2	1572
1	1	B2	1573
1	2	B2	1573
1	3	B2	1573
1	1	B2	1574
1	2	B2	1574
1	3	B2	1574
1	1	B2	1575
1	2	B2	1575
1	3	B2	1575
1	1	B2	1576
1	2	B2	1576
1	3	B2	1576
1	1	B2	1577
1	2	B2	1577
1	3	B2	1577
1	1	B2	1578
1	2	B2	1578
1	3	B2	1578
1	1	B2	1579
1	2	B2	1579
1	3	B2	1579
1	1	B2	1580
1	2	B2	1580
1	3	B2	1580
1	1	B2	1581
1	2	B2	1581
1	3	B2	1581
1	1	B2	1582
1	2	B2	1582
1	3	B2	1582
1	1	B2	1583
1	2	B2	1583
1	3	B2	1583
1	1	B2	1584
1	2	B2	1584
1	3	B2	1584
1	1	B2	1585
1	2	B2	1585
1	3	B2	1585
1	1	B2	1586
1	2	B2	1586
1	3	B2	1586
1	1	B2	1587
1	2	B2	1587
1	3	B2	1587
1	1	B2	1588
1	2	B2	1588
1	3	B2	1588
1	1	B2	1589
1	2	B2	1589
1	3	B2	1589
1	1	B2	1590
1	2	B2	1590
1	3	B2	1590
1	1	B2	1591
1	2	B2	1591
1	3	B2	1591
1	1	B2	1592
1	2	B2	1592
1	3	B2	1592
1	1	B2	1593
1	2	B2	1593
1	3	B2	1593
1	1	B2	1594
1	2	B2	1594
1	3	B2	1594
1	1	B2	1595
1	2	B2	1595
1	3	B2	1595
1	1	B2	1596
1	2	B2	1596
1	3	B2	1596
1	1	B2	1597
1	2	B2	1597
1	3	B2	1597
1	1	B2	1598
1	2	B2	1598
1	3	B2	1598
1	1	B2	1599
1	2	B2	1599
1	3	B2	1599
1	1	B2	1600
1	2	B2	1600
1	3	B2	1600
1	1	B2	1601
1	2	B2	1601
1	3	B2	1601
1	1	B2	1602
1	2	B2	1602
1	3	B2	1602
1	1	B2	1603
1	2	B2	1603
1	3	B2	1603
1	1	B2	1604
1	2	B2	1604
1	3	B2	1604
1	1	B2	1605
1	2	B2	1605
1	3	B2	1605
1	1	B2	1606
1	2	B2	1606
1	3	B2	1606
1	1	B2	1607
1	2	B2	1607
1	3	B2	1607
1	1	B2	1608
1	2	B2	1608
1	3	B2	1608
1	1	B2	1609
1	2	B2	1609
1	3	B2	1609
1	1	B2	1610
1	2	B2	1610
1	3	B2	1610
1	1	B2	1611
1	2	B2	1611
1	3	B2	1611
1	1	B2	1612
1	2	B2	1612
1	3	B2	1612
1	1	B2	1613
1	2	B2	1613
1	3	B2	1613
1	1	B2	1614
1	2	B2	1614
1	3	B2	1614
1	1	B2	1615
1	2	B2	1615
1	3	B2	1615
1	1	B2	1616
1	2	B2	1616
1	3	B2	1616
1	1	B2	1617
1	2	B2	1617
1	3	B2	1617
1	1	B2	1618
1	2	B2	1618
1	3	B2	1618
1	1	B2	1619
1	2	B2	1619
1	3	B2	1619
1	1	B2	1620
1	2	B2	1620
1	3	B2	1620
1	1	B2	1621
1	2	B2	1621
1	3	B2	1621
1	1	B2	1622
1	2	B2	1622
1	3	B2	1622
1	1	B2	1623
1	2	B2	1623
1	3	B2	1623
1	1	B2	1624
1	2	B2	1624
1	3	B2	1624
1	1	B2	1625
1	2	B2	1625
1	3	B2	1625
1	1	B2	1626
1	2	B2	1626
1	3	B2	1626
1	1	B2	1627
1	2	B2	1627
1	3	B2	1627
1	1	B2	1628
1	2	B2	1628
1	3	B2	1628
1	1	B2	1629
1	2	B2	1629
1	3	B2	1629
1	1	B2	1630
1	2	B2	1630
1	3	B2	1630
1	1	B2	1631
1	2	B2	1631
1	3	B2	1631
1	1	B2	1632
1	2	B2	1632
1	3	B2	1632
1	1	B2	1633
1	2	B2	1633
1	3	B2	1633
1	1	B2	1634
1	2	B2	1634
1	3	B2	1634
1	1	B2	1635
1	2	B2	1635
1	3	B2	1635
1	1	B2	1636
1	2	B2	1636
1	3	B2	1636
1	1	B2	1637
1	2	B2	1637
1	3	B2	1637
1	1	B2	1638
1	2	B2	1638
1	3	B2	1638
1	1	B2	1639
1	2	B2	1639
1	3	B2	1639
1	1	B2	1640
1	2	B2	1640
1	3	B2	1640
1	1	B2	1641
1	2	B2	1641
1	3	B2	1641
1	1	B2	1642
1	2	B2	1642
1	3	B2	1642
1	1	B2	1643
1	2	B2	1643
1	3	B2	1643
1	1	B2	1644
1	2	B2	1644
1	3	B2	1644
1	1	B2	1645
1	2	B2	1645
1	3	B2	1645
1	1	B2	1646
1	2	B2	1646
1	3	B2	1646
1	1	B2	1647
1	2	B2	1647
1	3	B2	1647
1	1	B2	1648
1	2	B2	1648
1	3	B2	1648
1	1	B2	1649
1	2	B2	1649
1	3	B2	1649
1	1	B2	1650
1	2	B2	1650
1	3	B2	1650
1	1	B2	1651
1	2	B2	1651
1	3	B2	1651
1	1	B2	1652
1	2	B2	1652
1	3	B2	1652
1	1	B2	1653
1	2	B2	1653
1	3	B2	1653
1	1	B2	1654
1	2	B2	1654
1	3	B2	1654
1	1	B2	1655
1	2	B2	1655
1	3	B2	1655
1	1	B2	1656
1	2	B2	1656
1	3	B2	1656
1	1	B2	1657
1	2	B2	1657
1	3	B2	1657
1	1	B2	1658
1	2	B2	1658
1	3	B2	1658
1	1	B2	1659
1	2	B2	1659
1	3	B2	1659
1	1	B2	1660
1	2	B2	1660
1	3	B2	1660
1	1	B2	1661
1	2	B2	1661
1	3	B2	1661
1	1	B2	1662
1	2	B2	1662
1	3	B2	1662
1	1	B2	1663
1	2	B2	1663
1	3	B2	1663
1	1	B2	1664
1	2	B2	1664
1	3	B2	1664
1	1	B2	1665
1	2	B2	1665
1	3	B2	1665
1	1	B2	1666
1	2	B2	1666
1	3	B2	1666
1	1	B2	1667
1	2	B2	1667
1	3	B2	1667
1	1	B2	1668
1	2	B2	1668
1	3	B2	1668
1	1	B2	1669
1	2	B2	1669
1	3	B2	1669
1	1	B2	1670
1	2	B2	1670
1	3	B2	1670
1	1	B2	1671
1	2	B2	1671
1	3	B2	1671
1	1	B2	1672
1	2	B2	1672
1	3	B2	1672
1	1	B2	1673
1	2	B2	1673
1	3	B2	1673
1	1	B2	1674
1	2	B2	1674
1	3	B2	1674
1	1	B2	1675
1	2	B2	1675
1	3	B2	1675
1	1	B2	1676
1	2	B2	1676
1	3	B2	1676
1	1	B2	1677
1	2	B2	1677
1	3	B2	1677
1	1	B2	1678
1	2	B2	1678
1	3	B2	1678
1	1	B2	1679
1	2	B2	1679
1	3	B2	1679
1	1	B2	1680
1	2	B2	1680
1	3	B2	1680
1	1	B2	1681
1	2	B2	1681
1	3	B2	1681
1	1	B2	1682
1	2	B2	1682
1	3	B2	1682
1	1	B2	1683
1	2	B2	1683
1	3	B2	1683
1	1	B2	1684
1	2	B2	1684
1	3	B2	1684
1	1	B2	1685
1	2	B2	1685
1	3	B2	1685
1	1	B2	1686
1	2	B2	1686
1	3	B2	1686
1	1	B2	1687
1	2	B2	1687
1	3	B2	1687
1	1	B2	1688
1	2	B2	1688
1	3	B2	1688
1	1	B2	1689
1	2	B2	1689
1	3	B2	1689
1	1	B2	1690
1	2	B2	1690
1	3	B2	1690
1	1	B2	1691
1	2	B2	1691
1	3	B2	1691
1	1	B2	1692
1	2	B2	1692
1	3	B2	1692
1	1	B2	1693
1	2	B2	1693
1	3	B2	1693
1	1	B2	1694
1	2	B2	1694
1	3	B2	1694
1	1	B2	1695
1	2	B2	1695
1	3	B2	1695
1	1	B2	1696
1	2	B2	1696
1	3	B2	1696
1	1	B2	1697
1	2	B2	1697
1	3	B2	1697
1	1	B2	1698
1	2	B2	1698
1	3	B2	1698
1	1	B2	1699
1	2	B2	1699
1	3	B2	1699
1	1	B2	1700
1	2	B2	1700
1	3	B2	1700
1	1	B2	1701
1	2	B2	1701
1	3	B2	1701
1	1	B2	1702
1	2	B2	1702
1	3	B2	1702
1	1	B2	1703
1	2	B2	1703
1	3	B2	1703
1	1	B2	1704
1	2	B2	1704
1	3	B2	1704
1	1	B2	1705
1	2	B2	1705
1	3	B2	1705
1	1	B2	1706
1	2	B2	1706
1	3	B2	1706
1	1	B2	1707
1	2	B2	1707
1	3	B2	1707
1	1	B2	1708
1	2	B2	1708
1	3	B2	1708
1	1	B2	1709
1	2	B2	1709
1	3	B2	1709
1	1	B2	1710
1	2	B2	1710
1	3	B2	1710
1	1	B2	1711
1	2	B2	1711
1	3	B2	1711
1	1	B2	1712
1	2	B2	1712
1	3	B2	1712
1	1	B2	1713
1	2	B2	1713
1	3	B2	1713
1	1	B2	1714
1	2	B2	1714
1	3	B2	1714
1	1	B2	1715
1	2	B2	1715
1	3	B2	1715
1	1	B2	1716
1	2	B2	1716
1	3	B2	1716
1	1	B2	1717
1	2	B2	1717
1	3	B2	1717
1	1	B2	1718
1	2	B2	1718
1	3	B2	1718
1	1	B2	1719
1	2	B2	1719
1	3	B2	1719
1	1	B2	1720
1	2	B2	1720
1	3	B2	1720
1	1	B2	1721
1	2	B2	1721
1	3	B2	1721
1	1	B2	1722
1	2	B2	1722
1	3	B2	1722
1	1	B2	1723
1	2	B2	1723
1	3	B2	1723
1	1	B2	1724
1	2	B2	1724
1	3	B2	1724
1	1	B2	1725
1	2	B2	1725
1	3	B2	1725
1	1	B2	1726
1	2	B2	1726
1	3	B2	1726
1	1	B2	1727
1	2	B2	1727
1	3	B2	1727
1	1	B2	1728
1	2	B2	1728
1	3	B2	1728
1	1	B2	1729
1	2	B2	1729
1	3	B2	1729
1	1	B2	1730
1	2	B2	1730
1	3	B2	1730
1	1	B2	1731
1	2	B2	1731
1	3	B2	1731
1	1	B2	1732
1	2	B2	1732
1	3	B2	1732
1	1	B2	1733
1	2	B2	1733
1	3	B2	1733
1	1	B2	1734
1	2	B2	1734
1	3	B2	1734
1	1	B2	1735
1	2	B2	1735
1	3	B2	1735
1	1	B2	1736
1	2	B2	1736
1	3	B2	1736
1	1	B2	1737
1	2	B2	1737
1	3	B2	1737
1	1	B2	1738
1	2	B2	1738
1	3	B2	1738
1	1	B2	1739
1	2	B2	1739
1	3	B2	1739
1	1	B2	1740
1	2	B2	1740
1	3	B2	1740
1	1	B2	1741
1	2	B2	1741
1	3	B2	1741
1	1	B2	1742
1	2	B2	1742
1	3	B2	1742
1	1	B2	1743
1	2	B2	1743
1	3	B2	1743
1	1	B2	1744
1	2	B2	1744
1	3	B2	1744
1	1	B2	1745
1	2	B2	1745
1	3	B2	1745
1	1	B2	1746
1	2	B2	1746
1	3	B2	1746
1	1	B2	1747
1	2	B2	1747
1	3	B2	1747
1	1	B2	1748
1	2	B2	1748
1	3	B2	1748
1	1	B2	1749
1	2	B2	1749
1	3	B2	1749
1	1	B2	1750
1	2	B2	1750
1	3	B2	1750
1	1	B2	1751
1	2	B2	1751
1	3	B2	1751
1	1	B2	1752
1	2	B2	1752
1	3	B2	1752
1	1	B2	1753
1	2	B2	1753
1	3	B2	1753
1	1	B2	1754
1	2	B2	1754
1	3	B2	1754
1	1	B2	1755
1	2	B2	1755
1	3	B2	1755
1	1	B2	1756
1	2	B2	1756
1	3	B2	1756
1	1	B2	1757
1	2	B2	1757
1	3	B2	1757
1	1	B2	1758
1	2	B2	1758
1	3	B2	1758
1	1	B2	1759
1	2	B2	1759
1	3	B2	1759
1	1	B2	1760
1	2	B2	1760
1	3	B2	1760
1	1	B2	1761
1	2	B2	1761
1	3	B2	1761
1	1	B2	1762
1	2	B2	1762
1	3	B2	1762
1	1	B2	1763
1	2	B2	1763
1	3	B2	1763
1	1	B2	1764
1	2	B2	1764
1	3	B2	1764
1	1	B2	1765
1	2	B2	1765
1	3	B2	1765
1	1	B2	1766
1	2	B2	1766
1	3	B2	1766
1	1	B2	1767
1	2	B2	1767
1	3	B2	1767
1	1	B2	1768
1	2	B2	1768
1	3	B2	1768
1	1	B2	1769
1	2	B2	1769
1	3	B2	1769
1	1	B2	1770
1	2	B2	1770
1	3	B2	1770
1	1	B2	1771
1	2	B2	1771
1	3	B2	1771
1	1	B2	1772
1	2	B2	1772
1	3	B2	1772
1	1	B2	1773
1	2	B2	1773
1	3	B2	1773
1	1	B2	1774
1	2	B2	1774
1	3	B2	1774
1	1	B2	1775
1	2	B2	1775
1	3	B2	1775
1	1	B2	1776
1	2	B2	1776
1	3	B2	1776
1	1	B2	1777
1	2	B2	1777
1	3	B2	1777
1	1	B2	1778
1	2	B2	1778
1	3	B2	1778
1	1	B2	1779
1	2	B2	1779
1	3	B2	1779
1	1	B2	1780
1	2	B2	1780
1	3	B2	1780
1	1	B2	1781
1	2	B2	1781
1	3	B2	1781
1	1	B2	1782
1	2	B2	1782
1	3	B2	1782
1	1	B2	1783
1	2	B2	1783
1	3	B2	1783
1	1	B2	1784
1	2	B2	1784
1	3	B2	1784
1	1	B2	1785
1	2	B2	1785
1	3	B2	1785
1	1	B2	1786
1	2	B2	1786
1	3	B2	1786
1	1	B2	1787
1	2	B2	1787
1	3	B2	1787
1	1	B2	1788
1	2	B2	1788
1	3	B2	1788
1	1	B2	1789
1	2	B2	1789
1	3	B2	1789
1	1	B2	1790
1	2	B2	1790
1	3	B2	1790
1	1	B2	1791
1	2	B2	1791
1	3	B2	1791
1	1	B2	1792
1	2	B2	1792
1	3	B2	1792
1	1	B2	1793
1	2	B2	1793
1	3	B2	1793
1	1	B2	1794
1	2	B2	1794
1	3	B2	1794
1	1	B2	1795
1	2	B2	1795
1	3	B2	1795
1	1	B2	1796
1	2	B2	1796
1	3	B2	1796
1	1	B2	1797
1	2	B2	1797
1	3	B2	1797
1	1	B2	1798
1	2	B2	1798
1	3	B2	1798
1	1	B2	1799
1	2	B2	1799
1	3	B2	1799
1	1	B2	1800
1	2	B2	1800
1	3	B2	1800
1	1	B2	1801
1	2	B2	1801
1	3	B2	1801
1	1	B2	1802
1	2	B2	1802
1	3	B2	1802
1	1	B2	1803
1	2	B2	1803
1	3	B2	1803
1	1	B2	1804
1	2	B2	1804
1	3	B2	1804
1	1	B2	1805
1	2	B2	1805
1	3	B2	1805
1	1	B2	1806
1	2	B2	1806
1	3	B2	1806
1	1	B2	1807
1	2	B2	1807
1	3	B2	1807
1	1	B2	1808
1	2	B2	1808
1	3	B2	1808
1	1	B2	1809
1	2	B2	1809
1	3	B2	1809
1	1	B2	1810
1	2	B2	1810
1	3	B2	1810
1	1	B2	1811
1	2	B2	1811
1	3	B2	1811
1	1	B2	1812
1	2	B2	1812
1	3	B2	1812
1	1	B2	1813
1	2	B2	1813
1	3	B2	1813
1	1	B2	1814
1	2	B2	1814
1	3	B2	1814
1	1	B2	1815
1	2	B2	1815
1	3	B2	1815
1	1	B2	1816
1	2	B2	1816
1	3	B2	1816
1	1	B2	1817
1	2	B2	1817
1	3	B2	1817
1	1	B2	1818
1	2	B2	1818
1	3	B2	1818
1	1	B2	1819
1	2	B2	1819
1	3	B2	1819
1	1	B2	1820
1	2	B2	1820
1	3	B2	1820
1	1	B2	1821
1	2	B2	1821
1	3	B2	1821
1	1	B2	1822
1	2	B2	1822
1	3	B2	1822
1	1	B2	1823
1	2	B2	1823
1	3	B2	1823
1	1	B2	1824
1	2	B2	1824
1	3	B2	1824
1	1	B2	1825
1	2	B2	1825
1	3	B2	1825
1	1	B2	1826
1	2	B2	1826
1	3	B2	1826
1	1	B2	1827
1	2	B2	1827
1	3	B2	1827
1	1	B2	1828
1	2	B2	1828
1	3	B2	1828
1	1	B2	1829
1	2	B2	1829
1	3	B2	1829
1	1	B2	1830
1	2	B2	1830
1	3	B2	1830
1	1	B2	1831
1	2	B2	1831
1	3	B2	1831
1	1	B2	1832
1	2	B2	1832
1	3	B2	1832
1	1	B2	1833
1	2	B2	1833
1	3	B2	1833
1	1	B2	1834
1	2	B2	1834
1	3	B2	1834
1	1	B2	1835
1	2	B2	1835
1	3	B2	1835
1	1	B2	1836
1	2	B2	1836
1	3	B2	1836
1	1	B2	1837
1	2	B2	1837
1	3	B2	1837
1	1	B2	1838
1	2	B2	1838
1	3	B2	1838
1	1	B2	1839
1	2	B2	1839
1	3	B2	1839
1	1	B2	1840
1	2	B2	1840
1	3	B2	1840
1	1	B2	1841
1	2	B2	1841
1	3	B2	1841
1	1	B2	1842
1	2	B2	1842
1	3	B2	1842
1	1	B2	1843
1	2	B2	1843
1	3	B2	1843
1	1	B2	1844
1	2	B2	1844
1	3	B2	1844
1	1	B2	1845
1	2	B2	1845
1	3	B2	1845
1	1	B2	1846
1	2	B2	1846
1	3	B2	1846
1	1	B2	1847
1	2	B2	1847
1	3	B2	1847
1	1	B2	1848
1	2	B2	1848
1	3	B2	1848
1	1	B2	1849
1	2	B2	1849
1	3	B2	1849
1	1	B2	1850
1	2	B2	1850
1	3	B2	1850
1	1	B2	1851
1	2	B2	1851
1	3	B2	1851
1	1	B2	1852
1	2	B2	1852
1	3	B2	1852
1	1	B2	1853
1	2	B2	1853
1	3	B2	1853
1	1	B2	1854
1	2	B2	1854
1	3	B2	1854
1	1	B2	1855
1	2	B2	1855
1	3	B2	1855
1	1	B2	1856
1	2	B2	1856
1	3	B2	1856
1	1	B2	1857
1	2	B2	1857
1	3	B2	1857
1	1	B2	1858
1	2	B2	1858
1	3	B2	1858
1	1	B2	1859
1	2	B2	1859
1	3	B2	1859
1	1	B2	1860
1	2	B2	1860
1	3	B2	1860
1	1	B2	1861
1	2	B2	1861
1	3	B2	1861
1	1	B2	1862
1	2	B2	1862
1	3	B2	1862
1	1	B2	1863
1	2	B2	1863
1	3	B2	1863
1	1	B2	1864
1	2	B2	1864
1	3	B2	1864
1	1	B2	1865
1	2	B2	1865
1	3	B2	1865
1	1	B2	1866
1	2	B2	1866
1	3	B2	1866
1	1	B2	1867
1	2	B2	1867
1	3	B2	1867
1	1	B2	1868
1	2	B2	1868
1	3	B2	1868
1	1	B2	1869
1	2	B2	1869
1	3	B2	1869
1	1	B2	1870
1	2	B2	1870
1	3	B2	1870
1	1	B2	1871
1	2	B2	1871
1	3	B2	1871
1	1	B2	1872
1	2	B2	1872
1	3	B2	1872
1	1	B2	1873
1	2	B2	1873
1	3	B2	1873
1	1	B2	1874
1	2	B2	1874
1	3	B2	1874
1	1	B2	1875
1	2	B2	1875
1	3	B2	1875
1	1	B2	1876
1	2	B2	1876
1	3	B2	1876
1	1	B2	1877
1	2	B2	1877
1	3	B2	1877
1	1	B2	1878
1	2	B2	1878
1	3	B2	1878
1	1	B2	1879
1	2	B2	1879
1	3	B2	1879
1	1	B2	1880
1	2	B2	1880
1	3	B2	1880
1	1	B2	1881
1	2	B2	1881
1	3	B2	1881
1	1	B2	1882
1	2	B2	1882
1	3	B2	1882
1	1	B2	1883
1	2	B2	1883
1	3	B2	1883
1	1	B2	1884
1	2	B2	1884
1	3	B2	1884
1	1	B2	1885
1	2	B2	1885
1	3	B2	1885
1	1	B2	1886
1	2	B2	1886
1	3	B2	1886
1	1	B2	1887
1	2	B2	1887
1	3	B2	1887
1	1	B2	1888
1	2	B2	1888
1	3	B2	1888
1	1	B2	1889
1	2	B2	1889
1	3	B2	1889
1	1	B2	1890
1	2	B2	1890
1	3	B2	1890
1	1	B2	1891
1	2	B2	1891
1	3	B2	1891
1	1	B2	1892
1	2	B2	1892
1	3	B2	1892
1	1	B2	1893
1	2	B2	1893
1	3	B2	1893
1	1	B2	1894
1	2	B2	1894
1	3	B2	1894
1	1	B2	1895
1	2	B2	1895
1	3	B2	1895
1	1	B2	1896
1	2	B2	1896
1	3	B2	1896
1	1	B2	1897
1	2	B2	1897
1	3	B2	1897
1	1	B2	1898
1	2	B2	1898
1	3	B2	1898
1	1	B2	1899
1	2	B2	1899
1	3	B2	1899
1	1	B2	1900
1	2	B2	1900
1	3	B2	1900
1	1	B2	1901
1	2	B2	1901
1	3	B2	1901
1	1	B2	1902
1	2	B2	1902
1	3	B2	1902
1	1	B2	1903
1	2	B2	1903
1	3	B2	1903
1	1	B2	1904
1	2	B2	1904
1	3	B2	1904
1	1	B2	1905
1	2	B2	1905
1	3	B2	1905
1	1	B2	1906
1	2	B2	1906
1	3	B2	1906
1	1	B2	1907
1	2	B2	1907
1	3	B2	1907
1	1	B2	1908
1	2	B2	1908
1	3	B2	1908
1	1	B2	1909
1	2	B2	1909
1	3	B2	1909
1	1	B2	1910
1	2	B2	1910
1	3	B2	1910
1	1	B2	1911
1	2	B2	1911
1	3	B2	1911
1	1	B2	1912
1	2	B2	1912
1	3	B2	1912
1	1	B2	1913
1	2	B2	1913
1	3	B2	1913
1	1	B2	1914
1	2	B2	1914
1	3	B2	1914
1	1	B2	1915
1	2	B2	1915
1	3	B2	1915
1	1	B2	1916
1	2	B2	1916
1	3	B2	1916
1	1	B2	1917
1	2	B2	1917
1	3	B2	1917
1	1	B2	1918
1	2	B2	1918
1	3	B2	1918
1	1	B2	1919
1	2	B2	1919
1	3	B2	1919
1	1	B2	1920
1	2	B2	1920
1	3	B2	1920
1	1	B2	1921
1	2	B2	1921
1	3	B2	1921
1	1	B2	1922
1	2	B2	1922
1	3	B2	1922
1	1	B2	1923
1	2	B2	1923
1	3	B2	1923
1	1	B2	1924
1	2	B2	1924
1	3	B2	1924
1	1	B2	1925
1	2	B2	1925
1	3	B2	1925
1	1	B2	1926
1	2	B2	1926
1	3	B2	1926
1	1	B2	1927
1	2	B2	1927
1	3	B2	1927
1	1	B2	1928
1	2	B2	1928
1	3	B2	1928
1	1	B2	1929
1	2	B2	1929
1	3	B2	1929
1	1	B2	1930
1	2	B2	1930
1	3	B2	1930
1	1	B2	1931
1	2	B2	1931
1	3	B2	1931
1	1	B2	1932
1	2	B2	1932
1	3	B2	1932
1	1	B2	1933
1	2	B2	1933
1	3	B2	1933
1	1	B2	1934
1	2	B2	1934
1	3	B2	1934
1	1	B2	1935
1	2	B2	1935
1	3	B2	1935
1	1	B2	1936
1	2	B2	1936
1	3	B2	1936
1	1	B2	1937
1	2	B2	1937
1	3	B2	1937
1	1	B2	1938
1	2	B2	1938
1	3	B2	1938
1	1	B2	1939
1	2	B2	1939
1	3	B2	1939
1	1	B2	1940
1	2	B2	1940
1	3	B2	1940
1	1	B2	1941
1	2	B2	1941
1	3	B2	1941
1	1	B2	1942
1	2	B2	1942
1	3	B2	1942
1	1	B2	1943
1	2	B2	1943
1	3	B2	1943
1	1	B2	1944
1	2	B2	1944
1	3	B2	1944
1	1	B2	1945
1	2	B2	1945
1	3	B2	1945
1	1	B2	1946
1	2	B2	1946
1	3	B2	1946
1	1	B2	1947
1	2	B2	1947
1	3	B2	1947
1	1	B2	1948
1	2	B2	1948
1	3	B2	1948
1	1	B2	1949
1	2	B2	1949
1	3	B2	1949
1	1	B2	1950
1	2	B2	1950
1	3	B2	1950
1	1	B2	1951
1	2	B2	1951
1	3	B2	1951
1	1	B2	1952
1	2	B2	1952
1	3	B2	1952
1	1	B2	1953
1	2	B2	1953
1	3	B2	1953
1	1	B2	1954
1	2	B2	1954
1	3	B2	1954
1	1	B2	1955
1	2	B2	1955
1	3	B2	1955
1	1	B2	1956
1	2	B2	1956
1	3	B2	1956
1	1	B2	1957
1	2	B2	1957
1	3	B2	1957
1	1	B2	1958
1	2	B2	1958
1	3	B2	1958
1	1	B2	1959
1	2	B2	1959
1	3	B2	1959
1	1	B2	1960
1	2	B2	1960
1	3	B2	1960
1	1	B2	1961
1	2	B2	1961
1	3	B2	1961
1	1	B2	1962
1	2	B2	1962
1	3	B2	1962
1	1	B2	1963
1	2	B2	1963
1	3	B2	1963
1	1	B2	1964
1	2	B2	1964
1	3	B2	1964
1	1	B2	1965
1	2	B2	1965
1	3	B2	1965
1	1	B2	1966
1	2	B2	1966
1	3	B2	1966
1	1	B2	1967
1	2	B2	1967
1	3	B2	1967
1	1	B2	1968
1	2	B2	1968
1	3	B2	1968
1	1	B2	1969
1	2	B2	1969
1	3	B2	1969
1	1	B2	1970
1	2	B2	1970
1	3	B2	1970
1	1	B2	1971
1	2	B2	1971
1	3	B2	1971
1	1	B2	1972
1	2	B2	1972
1	3	B2	1972
1	1	B2	1973
1	2	B2	1973
1	3	B2	1973
1	1	B2	1974
1	2	B2	1974
1	3	B2	1974
1	1	B2	1975
1	2	B2	1975
1	3	B2	1975
1	1	B2	1976
1	2	B2	1976
1	3	B2	1976
1	1	B2	1977
1	2	B2	1977
1	3	B2	1977
1	1	B2	1978
1	2	B2	1978
1	3	B2	1978
1	1	B2	1979
1	2	B2	1979
1	3	B2	1979
1	1	B2	1980
1	2	B2	1980
1	3	B2	1980
1	1	B2	1981
1	2	B2	1981
1	3	B2	1981
1	1	B2	1982
1	2	B2	1982
1	3	B2	1982
1	1	B2	1983
1	2	B2	1983
1	3	B2	1983
1	1	B2	1984
1	2	B2	1984
1	3	B2	1984
1	1	B2	1985
1	2	B2	1985
1	3	B2	1985
1	1	B2	1986
1	2	B2	1986
1	3	B2	1986
1	1	B2	1987
1	2	B2	1987
1	3	B2	1987
1	1	B2	1988
1	2	B2	1988
1	3	B2	1988
1	1	B2	1989
1	2	B2	1989
1	3	B2	1989
1	1	B2	1990
1	2	B2	1990
1	3	B2	1990
1	1	B2	1991
1	2	B2	1991
1	3	B2	1991
1	1	B2	1992
1	2	B2	1992
1	3	B2	1992
1	1	B2	1993
1	2	B2	1993
1	3	B2	1993
1	1	B2	1994
1	2	B2	1994
1	3	B2	1994
1	1	B2	1995
1	2	B2	1995
1	3	B2	1995
1	1	B2	1996
1	2	B2	1996
1	3	B2	1996
1	1	B2	1997
1	2	B2	1997
1	3	B2	1997
1	1	B2	1998
1	2	B2	1998
1	3	B2	1998
1	1	B2	1999
1	2	B2	1999
1	3	B2	1999
1	1	B2	2000
1	2	B2	2000
1	3	B2	2000
1	1	B2	2001
1	2	B2	2001
1	3	B2	2001
1	1	B2	2002
1	2	B2	2002
1	3	B2	2002
1	1	B2	2003
1	2	B2	2003
1	3	B2	2003
1	1	B2	2004
1	2	B2	2004
1	3	B2	2004
1	1	B2	2005
1	2	B2	2005
1	3	B2	2005
1	1	B2	2006
1	2	B2	2006
1	3	B2	2006
1	1	B2	2007
1	2	B2	2007
1	3	B2	2007
1	1	B2	2008
1	2	B2	2008
1	3	B2	2008
1	1	B2	2009
1	2	B2	2009
1	3	B2	2009
1	1	B2	2010
1	2	B2	2010
1	3	B2	2010
1	1	B2	2011
1	2	B2	2011
1	3	B2	2011
1	1	B2	2012
1	2	B2	2012
1	3	B2	2012
1	1	B2	2013
1	2	B2	2013
1	3	B2	2013
1	1	B2	2014
1	2	B2	2014
1	3	B2	2014
1	1	B2	2015
1	2	B2	2015
1	3	B2	2015
1	1	B2	2016
1	2	B2	2016
1	3	B2	2016
1	1	B2	2017
1	2	B2	2017
1	3	B2	2017
1	1	B2	2018
1	2	B2	2018
1	3	B2	2018
1	1	B2	2019
1	2	B2	2019
1	3	B2	2019
1	1	B2	2020
1	2	B2	2020
1	3	B2	2020
1	1	B2	2021
1	2	B2	2021
1	3	B2	2021
1	1	B2	2022
1	2	B2	2022
1	3	B2	2022
1	1	B2	2023
1	2	B2	2023
1	3	B2	2023
1	1	B2	2024
1	2	B2	2024
1	3	B2	2024
1	1	B2	2025
1	2	B2	2025
1	3	B2	2025
1	1	B2	2026
1	2	B2	2026
1	3	B2	2026
1	1	B2	2027
1	2	B2	2027
1	3	B2	2027
1	1	B2	2028
1	2	B2	2028
1	3	B2	2028
1	1	B2	2029
1	2	B2	2029
1	3	B2	2029
1	1	B2	2030
1	2	B2	2030
1	3	B2	2030
1	1	B2	2031
1	2	B2	2031
1	3	B2	2031
1	1	B2	2032
1	2	B2	2032
1	3	B2	2032
1	1	B2	2033
1	2	B2	2033
1	3	B2	2033
1	1	B2	2034
1	2	B2	2034
1	3	B2	2034
1	1	B2	2035
1	2	B2	2035
1	3	B2	2035
1	1	B2	2036
1	2	B2	2036
1	3	B2	2036
1	1	B2	2037
1	2	B2	2037
1	3	B2	2037
1	1	B2	2038
1	2	B2	2038
1	3	B2	2038
1	1	B2	2039
1	2	B2	2039
1	3	B2	2039
1	1	B2	2040
1	2	B2	2040
1	3	B2	2040
1	1	B2	2041
1	2	B2	2041
1	3	B2	2041
1	1	B2	2042
1	2	B2	2042
1	3	B2	2042
1	1	B2	2043
1	2	B2	2043
1	3	B2	2043
1	1	B2	2044
1	2	B2	2044
1	3	B2	2044
1	1	B2	2045
1	2	B2	2045
1	3	B2	2045
1	1	B2	2046
1	2	B2	2046
1	3	B2	2046
1	1	B2	2047
1	2	B2	2047
1	3	B2	2047
1	1	B2	2048
1	2	B2	2048
1	3	B2	2048
1	1	B2	2049
1	2	B2	2049
1	3	B2	2049
1	1	B2	2050
1	2	B2	2050
1	3	B2	2050
1	1	B2	2051
1	2	B2	2051
1	3	B2	2051
1	1	B2	2052
1	2	B2	2052
1	3	B2	2052
1	1	B2	2053
1	2	B2	2053
1	3	B2	2053
1	1	B2	2054
1	2	B2	2054
1	3	B2	2054
1	1	B2	2055
1	2	B2	2055
1	3	B2	2055
1	1	B2	2056
1	2	B2	2056
1	3	B2	2056
1	1	B2	2057
1	2	B2	2057
1	3	B2	2057
1	1	B2	2058
1	2	B2	2058
1	3	B2	2058
1	1	B2	2059
1	2	B2	2059
1	3	B2	2059
1	1	B2	2060
1	2	B2	2060
1	3	B2	2060
1	1	B2	2061
1	2	B2	2061
1	3	B2	2061
1	1	B2	2062
1	2	B2	2062
1	3	B2	2062
1	1	B2	2063
1	2	B2	2063
1	3	B2	2063
1	1	B2	2064
1	2	B2	2064
1	3	B2	2064
1	1	B2	2065
1	2	B2	2065
1	3	B2	2065
1	1	B2	2066
1	2	B2	2066
1	3	B2	2066
1	1	B2	2067
1	2	B2	2067
1	3	B2	2067
1	1	B2	2068
1	2	B2	2068
1	3	B2	2068
1	1	B2	2069
1	2	B2	2069
1	3	B2	2069
1	1	B2	2070
1	2	B2	2070
1	3	B2	2070
1	1	B2	2071
1	2	B2	2071
1	3	B2	2071
1	1	B2	2072
1	2	B2	2072
1	3	B2	2072
1	1	B2	2073
1	2	B2	2073
1	3	B2	2073
1	1	B2	2074
1	2	B2	2074
1	3	B2	2074
1	1	B2	2075
1	2	B2	2075
1	3	B2	2075
1	1	B2	2076
1	2	B2	2076
1	3	B2	2076
1	1	B2	2077
1	2	B2	2077
1	3	B2	2077
1	1	B2	2078
1	2	B2	2078
1	3	B2	2078
1	1	B2	2079
1	2	B2	2079
1	3	B2	2079
1	1	B2	2080
1	2	B2	2080
1	3	B2	2080
1	1	B2	2081
1	2	B2	2081
1	3	B2	2081
1	1	B2	2082
1	2	B2	2082
1	3	B2	2082
1	1	B2	2083
1	2	B2	2083
1	3	B2	2083
1	1	B2	2084
1	2	B2	2084
1	3	B2	2084
1	1	B2	2085
1	2	B2	2085
1	3	B2	2085
1	1	B2	2086
1	2	B2	2086
1	3	B2	2086
1	1	B2	2087
1	2	B2	2087
1	3	B2	2087
1	1	B2	2088
1	2	B2	2088
1	3	B2	2088
1	1	B2	2089
1	2	B2	2089
1	3	B2	2089
1	1	B2	2090
1	2	B2	2090
1	3	B2	2090
1	1	B2	2091
1	2	B2	2091
1	3	B2	2091
1	1	B2	2092
1	2	B2	2092
1	3	B2	2092
1	1	B2	2093
1	2	B2	2093
1	3	B2	2093
1	1	B2	2094
1	2	B2	2094
1	3	B2	2094
1	1	B2	2095
1	2	B2	2095
1	3	B2	2095
1	1	B2	2096
1	2	B2	2096
1	3	B2	2096
1	1	B2	2097
1	2	B2	2097
1	3	B2	2097
1	1	B2	2098
1	2	B2	2098
1	3	B2	2098
1	1	B2	2099
1	2	B2	2099
1	3	B2	2099
1	1	B2	2100
1	2	B2	2100
1	3	B2	2100
1	1	B2	2101
1	2	B2	2101
1	3	B2	2101
1	1	B2	2102
1	2	B2	2102
1	3	B2	2102
1	1	B2	2103
1	2	B2	2103
1	3	B2	2103
1	1	B2	2104
1	2	B2	2104
1	3	B2	2104
1	1	B2	2105
1	2	B2	2105
1	3	B2	2105
1	1	B2	2106
1	2	B2	2106
1	3	B2	2106
1	1	B2	2107
1	2	B2	2107
1	3	B2	2107
1	1	B2	2108
1	2	B2	2108
1	3	B2	2108
1	1	B2	2109
1	2	B2	2109
1	3	B2	2109
1	1	B2	2110
1	2	B2	2110
1	3	B2	2110
1	1	B2	2111
1	2	B2	2111
1	3	B2	2111
1	1	B2	2112
1	2	B2	2112
1	3	B2	2112
1	1	B2	2113
1	2	B2	2113
1	3	B2	2113
1	1	B2	2114
1	2	B2	2114
1	3	B2	2114
1	1	B2	2115
1	2	B2	2115
1	3	B2	2115
1	1	B2	2116
1	2	B2	2116
1	3	B2	2116
1	1	B2	2117
1	2	B2	2117
1	3	B2	2117
1	1	B2	2118
1	2	B2	2118
1	3	B2	2118
1	1	B2	2119
1	2	B2	2119
1	3	B2	2119
1	1	B2	2120
1	2	B2	2120
1	3	B2	2120
1	1	B2	2121
1	2	B2	2121
1	3	B2	2121
1	1	B2	2122
1	2	B2	2122
1	3	B2	2122
1	1	B2	2123
1	2	B2	2123
1	3	B2	2123
1	1	B2	2124
1	2	B2	2124
1	3	B2	2124
1	1	B2	2125
1	2	B2	2125
1	3	B2	2125
1	1	B2	2126
1	2	B2	2126
1	3	B2	2126
1	1	B2	2127
1	2	B2	2127
1	3	B2	2127
1	1	B2	2128
1	2	B2	2128
1	3	B2	2128
1	1	B2	2129
1	2	B2	2129
1	3	B2	2129
1	1	B2	2130
1	2	B2	2130
1	3	B2	2130
1	1	B2	2131
1	2	B2	2131
1	3	B2	2131
1	1	B2	2132
1	2	B2	2132
1	3	B2	2132
1	1	B2	2133
1	2	B2	2133
1	3	B2	2133
1	1	B2	2134
1	2	B2	2134
1	3	B2	2134
1	1	B2	2135
1	2	B2	2135
1	3	B2	2135
1	1	B2	2136
1	2	B2	2136
1	3	B2	2136
1	1	B2	2137
1	2	B2	2137
1	3	B2	2137
1	1	B2	2138
1	2	B2	2138
1	3	B2	2138
1	1	B2	2139
1	2	B2	2139
1	3	B2	2139
1	1	B2	2140
1	2	B2	2140
1	3	B2	2140
1	1	B2	2141
1	2	B2	2141
1	3	B2	2141
1	1	B2	2142
1	2	B2	2142
1	3	B2	2142
1	1	B2	2143
1	2	B2	2143
1	3	B2	2143
1	1	B2	2144
1	2	B2	2144
1	3	B2	2144
1	1	B2	2145
1	2	B2	2145
1	3	B2	2145
1	1	B2	2146
1	2	B2	2146
1	3	B2	2146
1	1	B2	2147
1	2	B2	2147
1	3	B2	2147
1	1	B2	2148
1	2	B2	2148
1	3	B2	2148
1	1	B2	2149
1	2	B2	2149
1	3	B2	2149
1	1	B2	2150
1	2	B2	2150
1	3	B2	2150
1	1	B2	2151
1	2	B2	2151
1	3	B2	2151
1	1	B2	2152
1	2	B2	2152
1	3	B2	2152
1	1	B2	2153
1	2	B2	2153
1	3	B2	2153
1	1	B2	2154
1	2	B2	2154
1	3	B2	2154
1	1	B2	2155
1	2	B2	2155
1	3	B2	2155
1	1	B2	2156
1	2	B2	2156
1	3	B2	2156
1	1	B2	2157
1	2	B2	2157
1	3	B2	2157
1	1	B2	2158
1	2	B2	2158
1	3	B2	2158
1	1	B2	2159
1	2	B2	2159
1	3	B2	2159
1	1	B2	2160
1	2	B2	2160
1	3	B2	2160
1	1	B2	2161
1	2	B2	2161
1	3	B2	2161
1	1	B2	2162
1	2	B2	2162
1	3	B2	2162
1	1	B2	2163
1	2	B2	2163
1	3	B2	2163
1	1	B2	2164
1	2	B2	2164
1	3	B2	2164
1	1	B2	2165
1	2	B2	2165
1	3	B2	2165
1	1	B2	2166
1	2	B2	2166
1	3	B2	2166
1	1	B2	2167
1	2	B2	2167
1	3	B2	2167
1	1	B2	2168
1	2	B2	2168
1	3	B2	2168
1	1	B2	2169
1	2	B2	2169
1	3	B2	2169
1	1	B2	2170
1	2	B2	2170
1	3	B2	2170
1	1	B2	2171
1	2	B2	2171
1	3	B2	2171
1	1	B2	2172
1	2	B2	2172
1	3	B2	2172
1	1	B2	2173
1	2	B2	2173
1	3	B2	2173
1	1	B2	2174
1	2	B2	2174
1	3	B2	2174
1	1	B2	2175
1	2	B2	2175
1	3	B2	2175
1	1	B2	2176
1	2	B2	2176
1	3	B2	2176
1	1	B2	2177
1	2	B2	2177
1	3	B2	2177
1	1	B2	2178
1	2	B2	2178
1	3	B2	2178
1	1	B2	2179
1	2	B2	2179
1	3	B2	2179
1	1	B2	2180
1	2	B2	2180
1	3	B2	2180
1	1	B2	2181
1	2	B2	2181
1	3	B2	2181
1	1	B2	2182
1	2	B2	2182
1	3	B2	2182
1	1	B2	2183
1	2	B2	2183
1	3	B2	2183
1	1	B2	2184
1	2	B2	2184
1	3	B2	2184
1	1	B2	2185
1	2	B2	2185
1	3	B2	2185
1	1	B2	2186
1	2	B2	2186
1	3	B2	2186
1	1	B2	2187
1	2	B2	2187
1	3	B2	2187
1	1	B2	2188
1	2	B2	2188
1	3	B2	2188
1	1	B2	2189
1	2	B2	2189
1	3	B2	2189
1	1	B2	2190
1	2	B2	2190
1	3	B2	2190
1	1	B2	2191
1	2	B2	2191
1	3	B2	2191
1	1	B2	2192
1	2	B2	2192
1	3	B2	2192
1	1	B2	2193
1	2	B2	2193
1	3	B2	2193
1	1	B2	2194
1	2	B2	2194
1	3	B2	2194
1	1	B2	2195
1	2	B2	2195
1	3	B2	2195
1	1	B2	2196
1	2	B2	2196
1	3	B2	2196
1	1	B2	2197
1	2	B2	2197
1	3	B2	2197
1	1	B2	2198
1	2	B2	2198
1	3	B2	2198
1	1	B2	2199
1	2	B2	2199
1	3	B2	2199
1	1	B2	2200
1	2	B2	2200
1	3	B2	2200
1	1	B2	2201
1	2	B2	2201
1	3	B2	2201
1	1	B2	2202
1	2	B2	2202
1	3	B2	2202
1	1	B2	2203
1	2	B2	2203
1	3	B2	2203
1	1	B2	2204
1	2	B2	2204
1	3	B2	2204
1	1	B2	2205
1	2	B2	2205
1	3	B2	2205
1	1	B2	2206
1	2	B2	2206
1	3	B2	2206
1	1	B2	2207
1	2	B2	2207
1	3	B2	2207
1	1	B2	2208
1	2	B2	2208
1	3	B2	2208
1	1	B2	2209
1	2	B2	2209
1	3	B2	2209
1	1	B2	2210
1	2	B2	2210
1	3	B2	2210
1	1	B2	2211
1	2	B2	2211
1	3	B2	2211
1	1	B2	2212
1	2	B2	2212
1	3	B2	2212
1	1	B2	2213
1	2	B2	2213
1	3	B2	2213
1	1	B2	2214
1	2	B2	2214
1	3	B2	2214
1	1	B2	2215
1	2	B2	2215
1	3	B2	2215
1	1	B2	2216
1	2	B2	2216
1	3	B2	2216
1	1	B2	2217
1	2	B2	2217
1	3	B2	2217
1	1	B2	2218
1	2	B2	2218
1	3	B2	2218
1	1	B2	2219
1	2	B2	2219
1	3	B2	2219
1	1	B2	2220
1	2	B2	2220
1	3	B2	2220
1	1	B2	2221
1	2	B2	2221
1	3	B2	2221
1	1	B2	2222
1	2	B2	2222
1	3	B2	2222
1	1	B2	2223
1	2	B2	2223
1	3	B2	2223
1	1	B2	2224
1	2	B2	2224
1	3	B2	2224
1	1	B2	2225
1	2	B2	2225
1	3	B2	2225
1	1	B2	2226
1	2	B2	2226
1	3	B2	2226
1	1	B2	2227
1	2	B2	2227
1	3	B2	2227
1	1	B2	2228
1	2	B2	2228
1	3	B2	2228
1	1	B2	2229
1	2	B2	2229
1	3	B2	2229
1	1	B2	2230
1	2	B2	2230
1	3	B2	2230
1	1	B2	2231
1	2	B2	2231
1	3	B2	2231
1	1	B2	2232
1	2	B2	2232
1	3	B2	2232
1	1	B2	2233
1	2	B2	2233
1	3	B2	2233
1	1	B2	2234
1	2	B2	2234
1	3	B2	2234
1	1	B2	2235
1	2	B2	2235
1	3	B2	2235
1	1	B2	2236
1	2	B2	2236
1	3	B2	2236
1	1	B2	2237
1	2	B2	2237
1	3	B2	2237
1	1	B2	2238
1	2	B2	2238
1	3	B2	2238
1	1	B2	2239
1	2	B2	2239
1	3	B2	2239
1	1	B2	2240
1	2	B2	2240
1	3	B2	2240
1	1	B2	2241
1	2	B2	2241
1	3	B2	2241
1	1	B2	2242
1	2	B2	2242
1	3	B2	2242
1	1	B2	2243
1	2	B2	2243
1	3	B2	2243
1	1	B2	2244
1	2	B2	2244
1	3	B2	2244
1	1	B2	2245
1	2	B2	2245
1	3	B2	2245
1	1	B2	2246
1	2	B2	2246
1	3	B2	2246
1	1	B2	2247
1	2	B2	2247
1	3	B2	2247
1	1	B2	2248
1	2	B2	2248
1	3	B2	2248
1	1	B2	2249
1	2	B2	2249
1	3	B2	2249
1	1	B2	2250
1	2	B2	2250
1	3	B2	2250
1	1	B2	2251
1	2	B2	2251
1	3	B2	2251
1	1	B2	2252
1	2	B2	2252
1	3	B2	2252
1	1	B2	2253
1	2	B2	2253
1	3	B2	2253
1	1	B2	2254
1	2	B2	2254
1	3	B2	2254
1	1	B2	2255
1	2	B2	2255
1	3	B2	2255
1	1	B2	2256
1	2	B2	2256
1	3	B2	2256
1	1	B2	2257
1	2	B2	2257
1	3	B2	2257
1	1	B2	2258
1	2	B2	2258
1	3	B2	2258
1	1	B2	2259
1	2	B2	2259
1	3	B2	2259
1	1	B2	2260
1	2	B2	2260
1	3	B2	2260
1	1	B2	2261
1	2	B2	2261
1	3	B2	2261
1	1	B2	2262
1	2	B2	2262
1	3	B2	2262
1	1	B2	2263
1	2	B2	2263
1	3	B2	2263
1	1	B2	2264
1	2	B2	2264
1	3	B2	2264
1	1	B2	2265
1	2	B2	2265
1	3	B2	2265
1	1	B2	2266
1	2	B2	2266
1	3	B2	2266
1	1	B2	2267
1	2	B2	2267
1	3	B2	2267
1	1	B2	2268
1	2	B2	2268
1	3	B2	2268
1	1	B2	2269
1	2	B2	2269
1	3	B2	2269
1	1	B2	2270
1	2	B2	2270
1	3	B2	2270
1	1	B2	2271
1	2	B2	2271
1	3	B2	2271
1	1	B2	2272
1	2	B2	2272
1	3	B2	2272
1	1	B2	2273
1	2	B2	2273
1	3	B2	2273
1	1	B2	2274
1	2	B2	2274
1	3	B2	2274
1	1	B2	2275
1	2	B2	2275
1	3	B2	2275
1	1	B2	2276
1	2	B2	2276
1	3	B2	2276
1	1	B2	2277
1	2	B2	2277
1	3	B2	2277
1	1	B2	2278
1	2	B2	2278
1	3	B2	2278
1	1	B2	2279
1	2	B2	2279
1	3	B2	2279
1	1	B2	2280
1	2	B2	2280
1	3	B2	2280
1	1	B2	2281
1	2	B2	2281
1	3	B2	2281
1	1	B2	2282
1	2	B2	2282
1	3	B2	2282
1	1	B2	2283
1	2	B2	2283
1	3	B2	2283
1	1	B2	2284
1	2	B2	2284
1	3	B2	2284
1	1	B2	2285
1	2	B2	2285
1	3	B2	2285
1	1	B2	2286
1	2	B2	2286
1	3	B2	2286
1	1	B2	2287
1	2	B2	2287
1	3	B2	2287
1	1	B2	2288
1	2	B2	2288
1	3	B2	2288
1	1	B2	2289
1	2	B2	2289
1	3	B2	2289
1	1	B2	2290
1	2	B2	2290
1	3	B2	2290
1	1	B2	2291
1	2	B2	2291
1	3	B2	2291
1	1	B2	2292
1	2	B2	2292
1	3	B2	2292
1	1	B2	2293
1	2	B2	2293
1	3	B2	2293
1	1	B2	2294
1	2	B2	2294
1	3	B2	2294
1	1	B2	2295
1	2	B2	2295
1	3	B2	2295
1	1	B2	2296
1	2	B2	2296
1	3	B2	2296
1	1	B2	2297
1	2	B2	2297
1	3	B2	2297
1	1	B2	2298
1	2	B2	2298
1	3	B2	2298
1	1	B2	2299
1	2	B2	2299
1	3	B2	2299
1	1	B2	2300
1	2	B2	2300
1	3	B2	2300
1	1	B2	2301
1	2	B2	2301
1	3	B2	2301
1	1	B2	2302
1	2	B2	2302
1	3	B2	2302
1	1	B2	2303
1	2	B2	2303
1	3	B2	2303
1	1	B2	2304
1	2	B2	2304
1	3	B2	2304
1	1	B2	2305
1	2	B2	2305
1	3	B2	2305
1	1	B2	2306
1	2	B2	2306
1	3	B2	2306
1	1	B2	2307
1	2	B2	2307
1	3	B2	2307
1	1	B2	2308
1	2	B2	2308
1	3	B2	2308
1	1	B2	2309
1	2	B2	2309
1	3	B2	2309
1	1	B2	2310
1	2	B2	2310
1	3	B2	2310
1	1	B2	2311
1	2	B2	2311
1	3	B2	2311
1	1	B2	2312
1	2	B2	2312
1	3	B2	2312
1	1	B2	2313
1	2	B2	2313
1	3	B2	2313
1	1	B2	2314
1	2	B2	2314
1	3	B2	2314
1	1	B2	2315
1	2	B2	2315
1	3	B2	2315
1	1	B2	2316
1	2	B2	2316
1	3	B2	2316
1	1	B2	2317
1	2	B2	2317
1	3	B2	2317
1	1	B2	2318
1	2	B2	2318
1	3	B2	2318
1	1	B2	2319
1	2	B2	2319
1	3	B2	2319
1	1	B2	2320
1	2	B2	2320
1	3	B2	2320
1	1	B2	2321
1	2	B2	2321
1	3	B2	2321
1	1	B2	2322
1	2	B2	2322
1	3	B2	2322
1	1	B2	2323
1	2	B2	2323
1	3	B2	2323
1	1	B2	2324
1	2	B2	2324
1	3	B2	2324
1	1	B2	2325
1	2	B2	2325
1	3	B2	2325
1	1	B2	2326
1	2	B2	2326
1	3	B2	2326
1	1	B2	2327
1	2	B2	2327
1	3	B2	2327
1	1	B2	2328
1	2	B2	2328
1	3	B2	2328
1	1	B2	2329
1	2	B2	2329
1	3	B2	2329
1	1	B2	2330
1	2	B2	2330
1	3	B2	2330
1	1	B2	2331
1	2	B2	2331
1	3	B2	2331
1	1	B2	2332
1	2	B2	2332
1	3	B2	2332
1	1	B2	2333
1	2	B2	2333
1	3	B2	2333
1	1	B2	2334
1	2	B2	2334
1	3	B2	2334
1	1	B2	2335
1	2	B2	2335
1	3	B2	2335
1	1	B2	2336
1	2	B2	2336
1	3	B2	2336
1	1	B2	2337
1	2	B2	2337
1	3	B2	2337
1	1	B2	2338
1	2	B2	2338
1	3	B2	2338
1	1	B2	2339
1	2	B2	2339
1	3	B2	2339
1	1	B2	2340
1	2	B2	2340
1	3	B2	2340
1	1	B2	2341
1	2	B2	2341
1	3	B2	2341
1	1	B2	2342
1	2	B2	2342
1	3	B2	2342
1	1	B2	2343
1	2	B2	2343
1	3	B2	2343
1	1	B2	2344
1	2	B2	2344
1	3	B2	2344
1	1	B2	2345
1	2	B2	2345
1	3	B2	2345
1	1	B2	2346
1	2	B2	2346
1	3	B2	2346
1	1	B2	2347
1	2	B2	2347
1	3	B2	2347
1	1	B2	2348
1	2	B2	2348
1	3	B2	2348
1	1	B2	2349
1	2	B2	2349
1	3	B2	2349
1	1	B2	2350
1	2	B2	2350
1	3	B2	2350
1	1	B2	2351
1	2	B2	2351
1	3	B2	2351
1	1	B2	2352
1	2	B2	2352
1	3	B2	2352
1	1	B2	2353
1	2	B2	2353
1	3	B2	2353
1	1	B2	2354
1	2	B2	2354
1	3	B2	2354
1	1	B2	2355
1	2	B2	2355
1	3	B2	2355
1	1	B2	2356
1	2	B2	2356
1	3	B2	2356
1	1	B2	2357
1	2	B2	2357
1	3	B2	2357
1	1	B2	2358
1	2	B2	2358
1	3	B2	2358
1	1	B2	2359
1	2	B2	2359
1	3	B2	2359
1	1	B2	2360
1	2	B2	2360
1	3	B2	2360
1	1	B2	2361
1	2	B2	2361
1	3	B2	2361
1	1	B2	2362
1	2	B2	2362
1	3	B2	2362
1	1	B2	2363
1	2	B2	2363
1	3	B2	2363
1	1	B2	2364
1	2	B2	2364
1	3	B2	2364
1	1	B2	2365
1	2	B2	2365
1	3	B2	2365
1	1	B2	2366
1	2	B2	2366
1	3	B2	2366
1	1	B2	2367
1	2	B2	2367
1	3	B2	2367
1	1	B2	2368
1	2	B2	2368
1	3	B2	2368
1	1	B2	2369
1	2	B2	2369
1	3	B2	2369
1	1	B2	2370
1	2	B2	2370
1	3	B2	2370
1	1	B2	2371
1	2	B2	2371
1	3	B2	2371
1	1	B2	2372
1	2	B2	2372
1	3	B2	2372
1	1	B2	2373
1	2	B2	2373
1	3	B2	2373
1	1	B2	2374
1	2	B2	2374
1	3	B2	2374
1	1	B2	2375
1	2	B2	2375
1	3	B2	2375
1	1	B2	2376
1	2	B2	2376
1	3	B2	2376
1	1	B2	2377
1	2	B2	2377
1	3	B2	2377
1	1	B2	2378
1	2	B2	2378
1	3	B2	2378
1	1	B2	2379
1	2	B2	2379
1	3	B2	2379
1	1	B2	2380
1	2	B2	2380
1	3	B2	2380
1	1	B2	2381
1	2	B2	2381
1	3	B2	2381
1	1	B2	2382
1	2	B2	2382
1	3	B2	2382
1	1	B2	2383
1	2	B2	2383
1	3	B2	2383
1	1	B2	2384
1	2	B2	2384
1	3	B2	2384
1	1	B2	2385
1	2	B2	2385
1	3	B2	2385
1	1	B2	2386
1	2	B2	2386
1	3	B2	2386
1	1	B2	2387
1	2	B2	2387
1	3	B2	2387
1	1	B2	2388
1	2	B2	2388
1	3	B2	2388
1	1	B2	2389
1	2	B2	2389
1	3	B2	2389
1	1	B2	2390
1	2	B2	2390
1	3	B2	2390
1	1	B2	2391
1	2	B2	2391
1	3	B2	2391
1	1	B2	2392
1	2	B2	2392
1	3	B2	2392
1	1	B2	2393
1	2	B2	2393
1	3	B2	2393
1	1	B2	2394
1	2	B2	2394
1	3	B2	2394
1	1	B2	2395
1	2	B2	2395
1	3	B2	2395
1	1	B2	2396
1	2	B2	2396
1	3	B2	2396
1	1	B2	2397
1	2	B2	2397
1	3	B2	2397
1	1	B2	2398
1	2	B2	2398
1	3	B2	2398
1	1	B2	2399
1	2	B2	2399
1	3	B2	2399
1	1	B2	2400
1	2	B2	2400
1	3	B2	2400
1	1	B2	2401
1	2	B2	2401
1	3	B2	2401
1	1	B2	2402
1	2	B2	2402
1	3	B2	2402
1	1	B2	2403
1	2	B2	2403
1	3	B2	2403
1	1	B2	2404
1	2	B2	2404
1	3	B2	2404
1	1	B2	2405
1	2	B2	2405
1	3	B2	2405
1	1	B2	2406
1	2	B2	2406
1	3	B2	2406
1	1	B2	2407
1	2	B2	2407
1	3	B2	2407
1	1	B2	2408
1	2	B2	2408
1	3	B2	2408
1	1	B2	2409
1	2	B2	2409
1	3	B2	2409
1	1	B2	2410
1	2	B2	2410
1	3	B2	2410
1	1	B2	2411
1	2	B2	2411
1	3	B2	2411
1	1	B2	2412
1	2	B2	2412
1	3	B2	2412
1	1	B2	2413
1	2	B2	2413
1	3	B2	2413
1	1	B2	2414
1	2	B2	2414
1	3	B2	2414
1	1	B2	2415
1	2	B2	2415
1	3	B2	2415
1	1	B2	2416
1	2	B2	2416
1	3	B2	2416
1	1	B2	2417
1	2	B2	2417
1	3	B2	2417
1	1	B2	2418
1	2	B2	2418
1	3	B2	2418
1	1	B2	2419
1	2	B2	2419
1	3	B2	2419
1	1	B2	2420
1	2	B2	2420
1	3	B2	2420
1	1	B2	2421
1	2	B2	2421
1	3	B2	2421
1	1	B2	2422
1	2	B2	2422
1	3	B2	2422
1	1	B2	2423
1	2	B2	2423
1	3	B2	2423
1	1	B2	2424
1	2	B2	2424
1	3	B2	2424
1	1	B2	2425
1	2	B2	2425
1	3	B2	2425
1	1	B2	2426
1	2	B2	2426
1	3	B2	2426
1	1	B2	2427
1	2	B2	2427
1	3	B2	2427
1	1	B2	2428
1	2	B2	2428
1	3	B2	2428
1	1	B2	2429
1	2	B2	2429
1	3	B2	2429
1	1	B2	2430
1	2	B2	2430
1	3	B2	2430
1	1	B2	2431
1	2	B2	2431
1	3	B2	2431
1	1	B2	2432
1	2	B2	2432
1	3	B2	2432
1	1	B2	2433
1	2	B2	2433
1	3	B2	2433
1	1	B2	2434
1	2	B2	2434
1	3	B2	2434
1	1	B2	2435
1	2	B2	2435
1	3	B2	2435
1	1	B2	2436
1	2	B2	2436
1	3	B2	2436
1	1	B2	2437
1	2	B2	2437
1	3	B2	2437
1	1	B2	2438
1	2	B2	2438
1	3	B2	2438
1	1	B2	2439
1	2	B2	2439
1	3	B2	2439
1	1	B2	2440
1	2	B2	2440
1	3	B2	2440
1	1	B2	2441
1	2	B2	2441
1	3	B2	2441
1	1	B2	2442
1	2	B2	2442
1	3	B2	2442
1	1	B2	2443
1	2	B2	2443
1	3	B2	2443
1	1	B2	2444
1	2	B2	2444
1	3	B2	2444
1	1	B2	2445
1	2	B2	2445
1	3	B2	2445
1	1	B2	2446
1	2	B2	2446
1	3	B2	2446
1	1	B2	2447
1	2	B2	2447
1	3	B2	2447
1	1	B2	2448
1	2	B2	2448
1	3	B2	2448
1	1	B2	2449
1	2	B2	2449
1	3	B2	2449
1	1	B2	2450
1	2	B2	2450
1	3	B2	2450
1	1	B2	2451
1	2	B2	2451
1	3	B2	2451
1	1	B2	2452
1	2	B2	2452
1	3	B2	2452
1	1	B2	2453
1	2	B2	2453
1	3	B2	2453
1	1	B2	2454
1	2	B2	2454
1	3	B2	2454
1	1	B2	2455
1	2	B2	2455
1	3	B2	2455
1	1	B2	2456
1	2	B2	2456
1	3	B2	2456
1	1	B2	2457
1	2	B2	2457
1	3	B2	2457
1	1	B2	2458
1	2	B2	2458
1	3	B2	2458
1	1	B2	2459
1	2	B2	2459
1	3	B2	2459
1	1	B2	2460
1	2	B2	2460
1	3	B2	2460
1	1	B2	2461
1	2	B2	2461
1	3	B2	2461
1	1	B2	2462
1	2	B2	2462
1	3	B2	2462
1	1	B2	2463
1	2	B2	2463
1	3	B2	2463
1	1	B2	2464
1	2	B2	2464
1	3	B2	2464
1	1	B2	2465
1	2	B2	2465
1	3	B2	2465
1	1	B2	2466
1	2	B2	2466
1	3	B2	2466
1	1	B2	2467
1	2	B2	2467
1	3	B2	2467
1	1	B2	2468
1	2	B2	2468
1	3	B2	2468
1	1	B2	2469
1	2	B2	2469
1	3	B2	2469
1	1	B2	2470
1	2	B2	2470
1	3	B2	2470
1	1	B2	2471
1	2	B2	2471
1	3	B2	2471
1	1	B2	2472
1	2	B2	2472
1	3	B2	2472
1	1	B2	2473
1	2	B2	2473
1	3	B2	2473
1	1	B2	2474
1	2	B2	2474
1	3	B2	2474
1	1	B2	2475
1	2	B2	2475
1	3	B2	2475
1	1	B2	2476
1	2	B2	2476
1	3	B2	2476
1	1	B2	2477
1	2	B2	2477
1	3	B2	2477
1	1	B2	2478
1	2	B2	2478
1	3	B2	2478
1	1	B2	2479
1	2	B2	2479
1	3	B2	2479
1	1	B2	2480
1	2	B2	2480
1	3	B2	2480
1	1	B2	2481
1	2	B2	2481
1	3	B2	2481
1	1	B2	2482
1	2	B2	2482
1	3	B2	2482
1	1	B2	2483
1	2	B2	2483
1	3	B2	2483
1	1	B2	2484
1	2	B2	2484
1	3	B2	2484
1	1	B2	2485
1	2	B2	2485
1	3	B2	2485
1	1	B2	2486
1	2	B2	2486
1	3	B2	2486
1	1	B2	2487
1	2	B2	2487
1	3	B2	2487
1	1	B2	2488
1	2	B2	2488
1	3	B2	2488
1	1	B2	2489
1	2	B2	2489
1	3	B2	2489
1	1	B2	2490
1	2	B2	2490
1	3	B2	2490
1	1	B2	2491
1	2	B2	2491
1	3	B2	2491
1	1	B2	2492
1	2	B2	2492
1	3	B2	2492
1	1	B2	2493
1	2	B2	2493
1	3	B2	2493
1	1	B2	2494
1	2	B2	2494
1	3	B2	2494
1	1	B2	2495
1	2	B2	2495
1	3	B2	2495
1	1	B2	2496
1	2	B2	2496
1	3	B2	2496
1	1	B2	2497
1	2	B2	2497
1	3	B2	2497
1	1	B2	2498
1	2	B2	2498
1	3	B2	2498
1	1	B2	2499
1	2	B2	2499
1	3	B2	2499
1	1	B2	2500
1	2	B2	2500
1	3	B2	2500
1	1	B2	2501
1	2	B2	2501
1	3	B2	2501
1	1	B2	2502
1	2	B2	2502
1	3	B2	2502
1	1	B2	2503
1	2	B2	2503
1	3	B2	2503
1	1	B2	2504
1	2	B2	2504
1	3	B2	2504
1	1	B2	2505
1	2	B2	2505
1	3	B2	2505
1	1	B2	2506
1	2	B2	2506
1	3	B2	2506
1	1	B2	2507
1	2	B2	2507
1	3	B2	2507
1	1	B2	2508
1	2	B2	2508
1	3	B2	2508
1	1	B2	2509
1	2	B2	2509
1	3	B2	2509
1	1	B2	2510
1	2	B2	2510
1	3	B2	2510
1	1	B2	2511
1	2	B2	2511
1	3	B2	2511
1	1	B2	2512
1	2	B2	2512
1	3	B2	2512
1	1	B2	2513
1	2	B2	2513
1	3	B2	2513
1	1	B2	2514
1	2	B2	2514
1	3	B2	2514
1	1	B2	2515
1	2	B2	2515
1	3	B2	2515
1	1	B2	2516
1	2	B2	2516
1	3	B2	2516
1	1	B2	2517
1	2	B2	2517
1	3	B2	2517
1	1	B2	2518
1	2	B2	2518
1	3	B2	2518
1	1	B2	2519
1	2	B2	2519
1	3	B2	2519
1	1	B2	2520
1	2	B2	2520
1	3	B2	2520
1	1	B2	2521
1	2	B2	2521
1	3	B2	2521
1	1	B2	2522
1	2	B2	2522
1	3	B2	2522
1	1	B2	2523
1	2	B2	2523
1	3	B2	2523
1	1	B2	2524
1	2	B2	2524
1	3	B2	2524
1	1	B2	2525
1	2	B2	2525
1	3	B2	2525
1	1	B2	2526
1	2	B2	2526
1	3	B2	2526
1	1	B2	2527
1	2	B2	2527
1	3	B2	2527
1	1	B2	2528
1	2	B2	2528
1	3	B2	2528
1	1	B2	2529
1	2	B2	2529
1	3	B2	2529
1	1	B2	2530
1	2	B2	2530
1	3	B2	2530
1	1	B2	2531
1	2	B2	2531
1	3	B2	2531
1	1	B2	2532
1	2	B2	2532
1	3	B2	2532
1	1	B2	2533
1	2	B2	2533
1	3	B2	2533
1	1	B2	2534
1	2	B2	2534
1	3	B2	2534
1	1	B2	2535
1	2	B2	2535
1	3	B2	2535
1	1	B2	2536
1	2	B2	2536
1	3	B2	2536
1	1	B2	2537
1	2	B2	2537
1	3	B2	2537
1	1	B2	2538
1	2	B2	2538
1	3	B2	2538
1	1	B2	2539
1	2	B2	2539
1	3	B2	2539
1	1	B2	2540
1	2	B2	2540
1	3	B2	2540
1	1	B2	2541
1	2	B2	2541
1	3	B2	2541
1	1	B2	2542
1	2	B2	2542
1	3	B2	2542
1	1	B2	2543
1	2	B2	2543
1	3	B2	2543
1	1	B2	2544
1	2	B2	2544
1	3	B2	2544
1	1	B2	2545
1	2	B2	2545
1	3	B2	2545
1	1	B2	2546
1	2	B2	2546
1	3	B2	2546
1	1	B2	2547
1	2	B2	2547
1	3	B2	2547
1	1	B2	2548
1	2	B2	2548
1	3	B2	2548
1	1	B2	2549
1	2	B2	2549
1	3	B2	2549
1	1	B2	2550
1	2	B2	2550
1	3	B2	2550
1	1	B2	2551
1	2	B2	2551
1	3	B2	2551
1	1	B2	2552
1	2	B2	2552
1	3	B2	2552
1	1	B2	2553
1	2	B2	2553
1	3	B2	2553
1	1	B2	2554
1	2	B2	2554
1	3	B2	2554
1	1	B2	2555
1	2	B2	2555
1	3	B2	2555
1	1	B2	2556
1	2	B2	2556
1	3	B2	2556
1	1	B2	2557
1	2	B2	2557
1	3	B2	2557
1	1	B2	2558
1	2	B2	2558
1	3	B2	2558
1	1	B2	2559
1	2	B2	2559
1	3	B2	2559
1	1	B2	2560
1	2	B2	2560
1	3	B2	2560
1	1	B2	2561
1	2	B2	2561
1	3	B2	2561
1	1	B2	2562
1	2	B2	2562
1	3	B2	2562
1	1	B2	2563
1	2	B2	2563
1	3	B2	2563
1	1	B2	2564
1	2	B2	2564
1	3	B2	2564
1	1	B2	2565
1	2	B2	2565
1	3	B2	2565
1	1	B2	2566
1	2	B2	2566
1	3	B2	2566
1	1	B2	2567
1	2	B2	2567
1	3	B2	2567
1	1	B2	2568
1	2	B2	2568
1	3	B2	2568
1	1	B2	2569
1	2	B2	2569
1	3	B2	2569
1	1	B2	2570
1	2	B2	2570
1	3	B2	2570
1	1	B2	2571
1	2	B2	2571
1	3	B2	2571
1	1	B2	2572
1	2	B2	2572
1	3	B2	2572
1	1	B2	2573
1	2	B2	2573
1	3	B2	2573
1	1	B2	2574
1	2	B2	2574
1	3	B2	2574
1	1	B2	2575
1	2	B2	2575
1	3	B2	2575
1	1	B2	2576
1	2	B2	2576
1	3	B2	2576
1	1	B2	2577
1	2	B2	2577
1	3	B2	2577
1	1	B2	2578
1	2	B2	2578
1	3	B2	2578
1	1	B2	2579
1	2	B2	2579
1	3	B2	2579
1	1	B2	2580
1	2	B2	2580
1	3	B2	2580
1	1	B2	2581
1	2	B2	2581
1	3	B2	2581
1	1	B2	2582
1	2	B2	2582
1	3	B2	2582
1	1	B2	2583
1	2	B2	2583
1	3	B2	2583
1	1	B2	2584
1	2	B2	2584
1	3	B2	2584
1	1	B2	2585
1	2	B2	2585
1	3	B2	2585
1	1	B2	2586
1	2	B2	2586
1	3	B2	2586
1	1	B2	2587
1	2	B2	2587
1	3	B2	2587
1	1	B2	2588
1	2	B2	2588
1	3	B2	2588
1	1	B2	2589
1	2	B2	2589
1	3	B2	2589
1	1	B2	2590
1	2	B2	2590
1	3	B2	2590
1	1	B2	2591
1	2	B2	2591
1	3	B2	2591
1	1	B2	2592
1	2	B2	2592
1	3	B2	2592
1	1	B2	2593
1	2	B2	2593
1	3	B2	2593
1	1	B2	2594
1	2	B2	2594
1	3	B2	2594
1	1	B2	2595
1	2	B2	2595
1	3	B2	2595
1	1	B2	2596
1	2	B2	2596
1	3	B2	2596
1	1	B2	2597
1	2	B2	2597
1	3	B2	2597
1	1	B2	2598
1	2	B2	2598
1	3	B2	2598
1	1	B2	2599
1	2	B2	2599
1	3	B2	2599
1	1	B2	2600
1	2	B2	2600
1	3	B2	2600
1	1	B2	2601
1	2	B2	2601
1	3	B2	2601
1	1	B2	2602
1	2	B2	2602
1	3	B2	2602
1	1	B2	2603
1	2	B2	2603
1	3	B2	2603
1	1	B2	2604
1	2	B2	2604
1	3	B2	2604
1	1	B2	2605
1	2	B2	2605
1	3	B2	2605
1	1	B2	2606
1	2	B2	2606
1	3	B2	2606
1	1	B2	2607
1	2	B2	2607
1	3	B2	2607
1	1	B2	2608
1	2	B2	2608
1	3	B2	2608
1	1	B2	2609
1	2	B2	2609
1	3	B2	2609
1	1	B2	2610
1	2	B2	2610
1	3	B2	2610
1	1	B2	2611
1	2	B2	2611
1	3	B2	2611
1	1	B2	2612
1	2	B2	2612
1	3	B2	2612
1	1	B2	2613
1	2	B2	2613
1	3	B2	2613
1	1	B2	2614
1	2	B2	2614
1	3	B2	2614
1	1	B2	2615
1	2	B2	2615
1	3	B2	2615
1	1	B2	2616
1	2	B2	2616
1	3	B2	2616
1	1	B2	2617
1	2	B2	2617
1	3	B2	2617
1	1	B2	2618
1	2	B2	2618
1	3	B2	2618
1	1	B2	2619
1	2	B2	2619
1	3	B2	2619
1	1	B2	2620
1	2	B2	2620
1	3	B2	2620
1	1	B2	2621
1	2	B2	2621
1	3	B2	2621
1	1	B2	2622
1	2	B2	2622
1	3	B2	2622
1	1	B2	2623
1	2	B2	2623
1	3	B2	2623
1	1	B2	2624
1	2	B2	2624
1	3	B2	2624
1	1	B2	2625
1	2	B2	2625
1	3	B2	2625
1	1	B2	2626
1	2	B2	2626
1	3	B2	2626
1	1	B2	2627
1	2	B2	2627
1	3	B2	2627
1	1	B2	2628
1	2	B2	2628
1	3	B2	2628
1	1	B2	2629
1	2	B2	2629
1	3	B2	2629
1	1	B2	2630
1	2	B2	2630
1	3	B2	2630
1	1	B2	2631
1	2	B2	2631
1	3	B2	2631
1	1	B2	2632
1	2	B2	2632
1	3	B2	2632
1	1	B2	2633
1	2	B2	2633
1	3	B2	2633
1	1	B2	2634
1	2	B2	2634
1	3	B2	2634
1	1	B2	2635
1	2	B2	2635
1	3	B2	2635
1	1	B2	2636
1	2	B2	2636
1	3	B2	2636
1	1	B2	2637
1	2	B2	2637
1	3	B2	2637
1	1	B2	2638
1	2	B2	2638
1	3	B2	2638
1	1	B2	2639
1	2	B2	2639
1	3	B2	2639
1	1	B2	2640
1	2	B2	2640
1	3	B2	2640
1	1	B2	2641
1	2	B2	2641
1	3	B2	2641
1	1	B2	2642
1	2	B2	2642
1	3	B2	2642
1	1	B2	2643
1	2	B2	2643
1	3	B2	2643
1	1	B2	2644
1	2	B2	2644
1	3	B2	2644
1	1	B2	2645
1	2	B2	2645
1	3	B2	2645
1	1	B2	2646
1	2	B2	2646
1	3	B2	2646
1	1	B2	2647
1	2	B2	2647
1	3	B2	2647
1	1	B2	2648
1	2	B2	2648
1	3	B2	2648
1	1	B2	2649
1	2	B2	2649
1	3	B2	2649
1	1	B2	2650
1	2	B2	2650
1	3	B2	2650
1	1	B2	2651
1	2	B2	2651
1	3	B2	2651
1	1	B2	2652
1	2	B2	2652
1	3	B2	2652
1	1	B2	2653
1	2	B2	2653
1	3	B2	2653
1	1	B2	2654
1	2	B2	2654
1	3	B2	2654
1	1	B2	2655
1	2	B2	2655
1	3	B2	2655
1	1	B2	2656
1	2	B2	2656
1	3	B2	2656
1	1	B2	2657
1	2	B2	2657
1	3	B2	2657
1	1	B2	2658
1	2	B2	2658
1	3	B2	2658
1	1	B2	2659
1	2	B2	2659
1	3	B2	2659
1	1	B2	2660
1	2	B2	2660
1	3	B2	2660
1	1	B2	2661
1	2	B2	2661
1	3	B2	2661
1	1	B2	2662
1	2	B2	2662
1	3	B2	2662
1	1	B2	2663
1	2	B2	2663
1	3	B2	2663
1	1	B2	2664
1	2	B2	2664
1	3	B2	2664
1	1	B2	2665
1	2	B2	2665
1	3	B2	2665
1	1	B2	2666
1	2	B2	2666
1	3	B2	2666
1	1	B2	2667
1	2	B2	2667
1	3	B2	2667
1	1	B2	2668
1	2	B2	2668
1	3	B2	2668
1	1	B2	2669
1	2	B2	2669
1	3	B2	2669
1	1	B2	2670
1	2	B2	2670
1	3	B2	2670
1	1	B2	2671
1	2	B2	2671
1	3	B2	2671
1	1	B2	2672
1	2	B2	2672
1	3	B2	2672
1	1	B2	2673
1	2	B2	2673
1	3	B2	2673
1	1	B2	2674
1	2	B2	2674
1	3	B2	2674
1	1	B2	2675
1	2	B2	2675
1	3	B2	2675
1	1	B2	2676
1	2	B2	2676
1	3	B2	2676
1	1	B2	2677
1	2	B2	2677
1	3	B2	2677
1	1	B2	2678
1	2	B2	2678
1	3	B2	2678
1	1	B2	2679
1	2	B2	2679
1	3	B2	2679
1	1	B2	2680
1	2	B2	2680
1	3	B2	2680
1	1	B2	2681
1	2	B2	2681
1	3	B2	2681
1	1	B2	2682
1	2	B2	2682
1	3	B2	2682
1	1	B2	2683
1	2	B2	2683
1	3	B2	2683
1	1	B2	2684
1	2	B2	2684
1	3	B2	2684
1	1	B2	2685
1	2	B2	2685
1	3	B2	2685
1	1	B2	2686
1	2	B2	2686
1	3	B2	2686
1	1	B2	2687
1	2	B2	2687
1	3	B2	2687
1	1	B2	2688
1	2	B2	2688
1	3	B2	2688
1	1	B2	2689
1	2	B2	2689
1	3	B2	2689
1	1	B2	2690
1	2	B2	2690
1	3	B2	2690
1	1	B2	2691
1	2	B2	2691
1	3	B2	2691
1	1	B2	2692
1	2	B2	2692
1	3	B2	2692
1	1	B2	2693
1	2	B2	2693
1	3	B2	2693
1	1	B2	2694
1	2	B2	2694
1	3	B2	2694
1	1	B2	2695
1	2	B2	2695
1	3	B2	2695
1	1	B2	2696
1	2	B2	2696
1	3	B2	2696
1	1	B2	2697
1	2	B2	2697
1	3	B2	2697
1	1	B2	2698
1	2	B2	2698
1	3	B2	2698
1	1	B2	2699
1	2	B2	2699
1	3	B2	2699
1	1	B2	2700
1	2	B2	2700
1	3	B2	2700
1	1	B2	2701
1	2	B2	2701
1	3	B2	2701
1	1	B2	2702
1	2	B2	2702
1	3	B2	2702
1	1	B2	2703
1	2	B2	2703
1	3	B2	2703
1	1	B2	2704
1	2	B2	2704
1	3	B2	2704
1	1	B2	2705
1	2	B2	2705
1	3	B2	2705
1	1	B2	2706
1	2	B2	2706
1	3	B2	2706
1	1	B2	2707
1	2	B2	2707
1	3	B2	2707
1	1	B2	2708
1	2	B2	2708
1	3	B2	2708
1	1	B2	2709
1	2	B2	2709
1	3	B2	2709
1	1	B2	2710
1	2	B2	2710
1	3	B2	2710
1	1	B2	2711
1	2	B2	2711
1	3	B2	2711
1	1	B2	2712
1	2	B2	2712
1	3	B2	2712
1	1	B2	2713
1	2	B2	2713
1	3	B2	2713
1	1	B2	2714
1	2	B2	2714
1	3	B2	2714
1	1	B2	2715
1	2	B2	2715
1	3	B2	2715
1	1	B2	2716
1	2	B2	2716
1	3	B2	2716
1	1	B2	2717
1	2	B2	2717
1	3	B2	2717
1	1	B2	2718
1	2	B2	2718
1	3	B2	2718
1	1	B2	2719
1	2	B2	2719
1	3	B2	2719
1	1	B2	2720
1	2	B2	2720
1	3	B2	2720
1	1	B2	2721
1	2	B2	2721
1	3	B2	2721
1	1	B2	2722
1	2	B2	2722
1	3	B2	2722
1	1	B2	2723
1	2	B2	2723
1	3	B2	2723
1	1	B2	2724
1	2	B2	2724
1	3	B2	2724
1	1	B2	2725
1	2	B2	2725
1	3	B2	2725
1	1	B2	2726
1	2	B2	2726
1	3	B2	2726
1	1	B2	2727
1	2	B2	2727
1	3	B2	2727
1	1	B2	2728
1	2	B2	2728
1	3	B2	2728
1	1	B2	2729
1	2	B2	2729
1	3	B2	2729
1	1	B2	2730
1	2	B2	2730
1	3	B2	2730
1	1	B2	2731
1	2	B2	2731
1	3	B2	2731
1	1	B2	2732
1	2	B2	2732
1	3	B2	2732
1	1	B2	2733
1	2	B2	2733
1	3	B2	2733
1	1	B2	2734
1	2	B2	2734
1	3	B2	2734
1	1	B2	2735
1	2	B2	2735
1	3	B2	2735
1	1	B2	2736
1	2	B2	2736
1	3	B2	2736
1	1	B2	2737
1	2	B2	2737
1	3	B2	2737
1	1	B2	2738
1	2	B2	2738
1	3	B2	2738
1	1	B2	2739
1	2	B2	2739
1	3	B2	2739
1	1	B2	2740
1	2	B2	2740
1	3	B2	2740
1	1	B2	2741
1	2	B2	2741
1	3	B2	2741
1	1	B2	2742
1	2	B2	2742
1	3	B2	2742
1	1	B2	2743
1	2	B2	2743
1	3	B2	2743
1	1	B2	2744
1	2	B2	2744
1	3	B2	2744
1	1	B2	2745
1	2	B2	2745
1	3	B2	2745
1	1	B2	2746
1	2	B2	2746
1	3	B2	2746
1	1	B2	2747
1	2	B2	2747
1	3	B2	2747
1	1	B2	2748
1	2	B2	2748
1	3	B2	2748
1	1	B2	2749
1	2	B2	2749
1	3	B2	2749
1	1	B2	2750
1	2	B2	2750
1	3	B2	2750
1	1	B2	2751
1	2	B2	2751
1	3	B2	2751
1	1	B2	2752
1	2	B2	2752
1	3	B2	2752
1	1	B2	2753
1	2	B2	2753
1	3	B2	2753
1	1	B2	2754
1	2	B2	2754
1	3	B2	2754
1	1	B2	2755
1	2	B2	2755
1	3	B2	2755
1	1	B2	2756
1	2	B2	2756
1	3	B2	2756
1	1	B2	2757
1	2	B2	2757
1	3	B2	2757
1	1	B2	2758
1	2	B2	2758
1	3	B2	2758
1	1	B2	2759
1	2	B2	2759
1	3	B2	2759
1	1	B2	2760
1	2	B2	2760
1	3	B2	2760
1	1	B2	2761
1	2	B2	2761
1	3	B2	2761
1	1	B2	2762
1	2	B2	2762
1	3	B2	2762
1	1	B2	2763
1	2	B2	2763
1	3	B2	2763
1	1	B2	2764
1	2	B2	2764
1	3	B2	2764
1	1	B2	2765
1	2	B2	2765
1	3	B2	2765
1	1	B2	2766
1	2	B2	2766
1	3	B2	2766
1	1	B2	2767
1	2	B2	2767
1	3	B2	2767
1	1	B2	2768
1	2	B2	2768
1	3	B2	2768
1	1	B2	2769
1	2	B2	2769
1	3	B2	2769
1	1	B2	2770
1	2	B2	2770
1	3	B2	2770
1	1	B2	2771
1	2	B2	2771
1	3	B2	2771
1	1	B2	2772
1	2	B2	2772
1	3	B2	2772
1	1	B2	2773
1	2	B2	2773
1	3	B2	2773
1	1	B2	2774
1	2	B2	2774
1	3	B2	2774
1	1	B2	2775
1	2	B2	2775
1	3	B2	2775
1	1	B2	2776
1	2	B2	2776
1	3	B2	2776
1	1	B2	2777
1	2	B2	2777
1	3	B2	2777
1	1	B2	2778
1	2	B2	2778
1	3	B2	2778
1	1	B2	2779
1	2	B2	2779
1	3	B2	2779
1	1	B2	2780
1	2	B2	2780
1	3	B2	2780
1	1	B2	2781
1	2	B2	2781
1	3	B2	2781
1	1	B2	2782
1	2	B2	2782
1	3	B2	2782
1	1	B2	2783
1	2	B2	2783
1	3	B2	2783
1	1	B2	2784
1	2	B2	2784
1	3	B2	2784
1	1	B2	2785
1	2	B2	2785
1	3	B2	2785
1	1	B2	2786
1	2	B2	2786
1	3	B2	2786
1	1	B2	2787
1	2	B2	2787
1	3	B2	2787
1	1	B2	2788
1	2	B2	2788
1	3	B2	2788
1	1	B2	2789
1	2	B2	2789
1	3	B2	2789
1	1	B2	2790
1	2	B2	2790
1	3	B2	2790
1	1	B2	2791
1	2	B2	2791
1	3	B2	2791
1	1	B2	2792
1	2	B2	2792
1	3	B2	2792
1	1	B2	2793
1	2	B2	2793
1	3	B2	2793
1	1	B2	2794
1	2	B2	2794
1	3	B2	2794
1	1	B2	2795
1	2	B2	2795
1	3	B2	2795
1	1	B2	2796
1	2	B2	2796
1	3	B2	2796
1	1	B2	2797
1	2	B2	2797
1	3	B2	2797
1	1	B2	2798
1	2	B2	2798
1	3	B2	2798
1	1	B2	2799
1	2	B2	2799
1	3	B2	2799
1	1	B2	2800
1	2	B2	2800
1	3	B2	2800
1	1	B2	2801
1	2	B2	2801
1	3	B2	2801
1	1	B2	2802
1	2	B2	2802
1	3	B2	2802
1	1	B2	2803
1	2	B2	2803
1	3	B2	2803
1	1	B2	2804
1	2	B2	2804
1	3	B2	2804
1	1	B2	2805
1	2	B2	2805
1	3	B2	2805
1	1	B2	2806
1	2	B2	2806
1	3	B2	2806
1	1	B2	2807
1	2	B2	2807
1	3	B2	2807
1	1	B2	2808
1	2	B2	2808
1	3	B2	2808
1	1	B2	2809
1	2	B2	2809
1	3	B2	2809
1	1	B2	2810
1	2	B2	2810
1	3	B2	2810
1	1	B2	2811
1	2	B2	2811
1	3	B2	2811
1	1	B2	2812
1	2	B2	2812
1	3	B2	2812
1	1	B2	2813
1	2	B2	2813
1	3	B2	2813
1	1	B2	2814
1	2	B2	2814
1	3	B2	2814
1	1	B2	2815
1	2	B2	2815
1	3	B2	2815
1	1	B2	2816
1	2	B2	2816
1	3	B2	2816
1	1	B2	2817
1	2	B2	2817
1	3	B2	2817
1	1	B2	2818
1	2	B2	2818
1	3	B2	2818
1	1	B2	2819
1	2	B2	2819
1	3	B2	2819
1	1	B2	2820
1	2	B2	2820
1	3	B2	2820
1	1	B2	2821
1	2	B2	2821
1	3	B2	2821
1	1	B2	2822
1	2	B2	2822
1	3	B2	2822
1	1	B2	2823
1	2	B2	2823
1	3	B2	2823
1	1	B2	2824
1	2	B2	2824
1	3	B2	2824
1	1	B2	2825
1	2	B2	2825
1	3	B2	2825
1	1	B2	2826
1	2	B2	2826
1	3	B2	2826
1	1	B2	2827
1	2	B2	2827
1	3	B2	2827
1	1	B2	2828
1	2	B2	2828
1	3	B2	2828
1	1	B2	2829
1	2	B2	2829
1	3	B2	2829
1	1	B2	2830
1	2	B2	2830
1	3	B2	2830
1	1	B2	2831
1	2	B2	2831
1	3	B2	2831
1	1	B2	2832
1	2	B2	2832
1	3	B2	2832
1	1	B2	2833
1	2	B2	2833
1	3	B2	2833
1	1	B2	2834
1	2	B2	2834
1	3	B2	2834
1	1	B2	2835
1	2	B2	2835
1	3	B2	2835
1	1	B2	2836
1	2	B2	2836
1	3	B2	2836
1	1	B2	2837
1	2	B2	2837
1	3	B2	2837
1	1	B2	2838
1	2	B2	2838
1	3	B2	2838
1	1	B2	2839
1	2	B2	2839
1	3	B2	2839
1	1	B2	2840
1	2	B2	2840
1	3	B2	2840
1	1	B2	2841
1	2	B2	2841
1	3	B2	2841
1	1	B2	2842
1	2	B2	2842
1	3	B2	2842
1	1	B2	2843
1	2	B2	2843
1	3	B2	2843
1	1	B2	2844
1	2	B2	2844
1	3	B2	2844
1	1	B2	2845
1	2	B2	2845
1	3	B2	2845
1	1	B2	2846
1	2	B2	2846
1	3	B2	2846
1	1	B2	2847
1	2	B2	2847
1	3	B2	2847
1	1	B2	2848
1	2	B2	2848
1	3	B2	2848
1	1	B2	2849
1	2	B2	2849
1	3	B2	2849
1	1	B2	2850
1	2	B2	2850
1	3	B2	2850
1	1	B2	2851
1	2	B2	2851
1	3	B2	2851
1	1	B2	2852
1	2	B2	2852
1	3	B2	2852
1	1	B2	2853
1	2	B2	2853
1	3	B2	2853
1	1	B2	2854
1	2	B2	2854
1	3	B2	2854
1	1	B2	2855
1	2	B2	2855
1	3	B2	2855
1	1	B2	2856
1	2	B2	2856
1	3	B2	2856
1	1	B2	2857
1	2	B2	2857
1	3	B2	2857
1	1	B2	2858
1	2	B2	2858
1	3	B2	2858
1	1	B2	2859
1	2	B2	2859
1	3	B2	2859
1	1	B2	2860
1	2	B2	2860
1	3	B2	2860
1	1	B2	2861
1	2	B2	2861
1	3	B2	2861
1	1	B2	2862
1	2	B2	2862
1	3	B2	2862
1	1	B2	2863
1	2	B2	2863
1	3	B2	2863
1	1	B2	2864
1	2	B2	2864
1	3	B2	2864
1	1	B2	2865
1	2	B2	2865
1	3	B2	2865
1	1	B2	2866
1	2	B2	2866
1	3	B2	2866
1	1	B2	2867
1	2	B2	2867
1	3	B2	2867
1	1	B2	2868
1	2	B2	2868
1	3	B2	2868
1	1	B2	2869
1	2	B2	2869
1	3	B2	2869
1	1	B2	2870
1	2	B2	2870
1	3	B2	2870
1	1	B2	2871
1	2	B2	2871
1	3	B2	2871
1	1	B2	2872
1	2	B2	2872
1	3	B2	2872
1	1	B2	2873
1	2	B2	2873
1	3	B2	2873
1	1	B2	2874
1	2	B2	2874
1	3	B2	2874
1	1	B2	2875
1	2	B2	2875
1	3	B2	2875
1	1	B2	2876
1	2	B2	2876
1	3	B2	2876
1	1	B2	2877
1	2	B2	2877
1	3	B2	2877
1	1	B2	2878
1	2	B2	2878
1	3	B2	2878
1	1	B2	2879
1	2	B2	2879
1	3	B2	2879
1	1	B2	2880
1	2	B2	2880
1	3	B2	2880
1	1	B2	2881
1	2	B2	2881
1	3	B2	2881
1	1	B2	2882
1	2	B2	2882
1	3	B2	2882
1	1	B2	2883
1	2	B2	2883
1	3	B2	2883
1	1	B2	2884
1	2	B2	2884
1	3	B2	2884
1	1	B2	2885
1	2	B2	2885
1	3	B2	2885
1	1	B2	2886
1	2	B2	2886
1	3	B2	2886
1	1	B2	2887
1	2	B2	2887
1	3	B2	2887
1	1	B2	2888
1	2	B2	2888
1	3	B2	2888
1	1	B2	2889
1	2	B2	2889
1	3	B2	2889
1	1	B2	2890
1	2	B2	2890
1	3	B2	2890
1	1	B2	2891
1	2	B2	2891
1	3	B2	2891
1	1	B2	2892
1	2	B2	2892
1	3	B2	2892
1	1	B2	2893
1	2	B2	2893
1	3	B2	2893
1	1	B2	2894
1	2	B2	2894
1	3	B2	2894
1	1	B2	2895
1	2	B2	2895
1	3	B2	2895
1	1	B2	2896
1	2	B2	2896
1	3	B2	2896
1	1	B2	2897
1	2	B2	2897
1	3	B2	2897
1	1	B2	2898
1	2	B2	2898
1	3	B2	2898
1	1	B2	2899
1	2	B2	2899
1	3	B2	2899
1	1	B2	2900
1	2	B2	2900
1	3	B2	2900
1	1	B2	2901
1	2	B2	2901
1	3	B2	2901
1	1	B2	2902
1	2	B2	2902
1	3	B2	2902
1	1	B2	2903
1	2	B2	2903
1	3	B2	2903
1	1	B2	2904
1	2	B2	2904
1	3	B2	2904
1	1	B2	2905
1	2	B2	2905
1	3	B2	2905
1	1	B2	2906
1	2	B2	2906
1	3	B2	2906
1	1	B2	2907
1	2	B2	2907
1	3	B2	2907
1	1	B2	2908
1	2	B2	2908
1	3	B2	2908
1	1	B2	2909
1	2	B2	2909
1	3	B2	2909
1	1	B2	2910
1	2	B2	2910
1	3	B2	2910
1	1	B2	2911
1	2	B2	2911
1	3	B2	2911
1	1	B2	2912
1	2	B2	2912
1	3	B2	2912
1	1	B2	2913
1	2	B2	2913
1	3	B2	2913
1	1	B2	2914
1	2	B2	2914
1	3	B2	2914
1	1	B2	2915
1	2	B2	2915
1	3	B2	2915
1	1	B2	2916
1	2	B2	2916
1	3	B2	2916
1	1	B2	2917
1	2	B2	2917
1	3	B2	2917
1	1	B2	2918
1	2	B2	2918
1	3	B2	2918
1	1	B2	2919
1	2	B2	2919
1	3	B2	2919
1	1	B2	2920
1	2	B2	2920
1	3	B2	2920
1	1	B2	2921
1	2	B2	2921
1	3	B2	2921
1	1	B2	2922
1	2	B2	2922
1	3	B2	2922
1	1	B2	2923
1	2	B2	2923
1	3	B2	2923
1	1	B2	2924
1	2	B2	2924
1	3	B2	2924
1	1	B2	2925
1	2	B2	2925
1	3	B2	2925
1	1	B2	2926
1	2	B2	2926
1	3	B2	2926
1	1	B2	2927
1	2	B2	2927
1	3	B2	2927
1	1	B2	2928
1	2	B2	2928
1	3	B2	2928
1	1	B2	2929
1	2	B2	2929
1	3	B2	2929
1	1	B2	2930
1	2	B2	2930
1	3	B2	2930
1	1	B2	2931
1	2	B2	2931
1	3	B2	2931
1	1	B2	2932
1	2	B2	2932
1	3	B2	2932
1	1	B2	2933
1	2	B2	2933
1	3	B2	2933
1	1	B2	2934
1	2	B2	2934
1	3	B2	2934
1	1	B2	2935
1	2	B2	2935
1	3	B2	2935
1	1	B2	2936
1	2	B2	2936
1	3	B2	2936
1	1	B2	2937
1	2	B2	2937
1	3	B2	2937
1	1	B2	2938
1	2	B2	2938
1	3	B2	2938
1	1	B2	2939
1	2	B2	2939
1	3	B2	2939
1	1	B2	2940
1	2	B2	2940
1	3	B2	2940
1	1	B2	2941
1	2	B2	2941
1	3	B2	2941
1	1	B2	2942
1	2	B2	2942
1	3	B2	2942
1	1	B2	2943
1	2	B2	2943
1	3	B2	2943
1	1	B2	2944
1	2	B2	2944
1	3	B2	2944
1	1	B2	2945
1	2	B2	2945
1	3	B2	2945
1	1	B2	2946
1	2	B2	2946
1	3	B2	2946
1	1	B2	2947
1	2	B2	2947
1	3	B2	2947
1	1	B2	2948
1	2	B2	2948
1	3	B2	2948
1	1	B2	2949
1	2	B2	2949
1	3	B2	2949
1	1	B2	2950
1	2	B2	2950
1	3	B2	2950
1	1	B2	2951
1	2	B2	2951
1	3	B2	2951
1	1	B2	2952
1	2	B2	2952
1	3	B2	2952
1	1	B2	2953
1	2	B2	2953
1	3	B2	2953
1	1	B2	2954
1	2	B2	2954
1	3	B2	2954
1	1	B2	2955
1	2	B2	2955
1	3	B2	2955
1	1	B2	2956
1	2	B2	2956
1	3	B2	2956
1	1	B2	2957
1	2	B2	2957
1	3	B2	2957
1	1	B2	2958
1	2	B2	2958
1	3	B2	2958
1	1	B2	2959
1	2	B2	2959
1	3	B2	2959
1	1	B2	2960
1	2	B2	2960
1	3	B2	2960
1	1	B2	2961
1	2	B2	2961
1	3	B2	2961
1	1	B2	2962
1	2	B2	2962
1	3	B2	2962
1	1	B2	2963
1	2	B2	2963
1	3	B2	2963
1	1	B2	2964
1	2	B2	2964
1	3	B2	2964
1	1	B2	2965
1	2	B2	2965
1	3	B2	2965
1	1	B2	2966
1	2	B2	2966
1	3	B2	2966
1	1	B2	2967
1	2	B2	2967
1	3	B2	2967
1	1	B2	2968
1	2	B2	2968
1	3	B2	2968
1	1	B2	2969
1	2	B2	2969
1	3	B2	2969
1	1	B2	2970
1	2	B2	2970
1	3	B2	2970
1	1	B2	2971
1	2	B2	2971
1	3	B2	2971
1	1	B2	2972
1	2	B2	2972
1	3	B2	2972
1	1	B2	2973
1	2	B2	2973
1	3	B2	2973
1	1	B2	2974
1	2	B2	2974
1	3	B2	2974
1	1	B2	2975
1	2	B2	2975
1	3	B2	2975
1	1	B2	2976
1	2	B2	2976
1	3	B2	2976
1	1	B2	2977
1	2	B2	2977
1	3	B2	2977
1	1	B2	2978
1	2	B2	2978
1	3	B2	2978
1	1	B2	2979
1	2	B2	2979
1	3	B2	2979
1	1	B2	2980
1	2	B2	2980
1	3	B2	2980
1	1	B2	2981
1	2	B2	2981
1	3	B2	2981
1	1	B2	2982
1	2	B2	2982
1	3	B2	2982
1	1	B2	2983
1	2	B2	2983
1	3	B2	2983
1	1	B2	2984
1	2	B2	2984
1	3	B2	2984
1	1	B2	2985
1	2	B2	2985
1	3	B2	2985
1	1	B2	2986
1	2	B2	2986
1	3	B2	2986
1	1	B2	2987
1	2	B2	2987
1	3	B2	2987
1	1	B2	2988
1	2	B2	2988
1	3	B2	2988
1	1	B2	2989
1	2	B2	2989
1	3	B2	2989
1	1	B2	2990
1	2	B2	2990
1	3	B2	2990
1	1	B2	2991
1	2	B2	2991
1	3	B2	2991
1	1	B2	2992
1	2	B2	2992
1	3	B2	2992
1	1	B2	2993
1	2	B2	2993
1	3	B2	2993
1	1	B2	2994
1	2	B2	2994
1	3	B2	2994
1	1	B2	2995
1	2	B2	2995
1	3	B2	2995
1	1	B2	2996
1	2	B2	2996
1	3	B2	2996
1	1	B2	2997
1	2	B2	2997
1	3	B2	2997
1	1	B2	2998
1	2	B2	2998
1	3	B2	2998
1	1	B2	2999
1	2	B2	2999
1	3	B2	2999
1	1	B2	3000
1	2	B2	3000
1	3	B2	3000
1	1	B2	3001
1	2	B2	3001
1	3	B2	3001
1	1	B2	3002
1	2	B2	3002
1	3	B2	3002
1	1	B2	3003
1	2	B2	3003
1	3	B2	3003
1	1	B2	3004
1	2	B2	3004
1	3	B2	3004
1	1	B2	3005
1	2	B2	3005
1	3	B2	3005
1	1	B2	3006
1	2	B2	3006
1	3	B2	3006
1	1	B2	3007
1	2	B2	3007
1	3	B2	3007
1	1	B2	3008
1	2	B2	3008
1	3	B2	3008
1	1	B2	3009
1	2	B2	3009
1	3	B2	3009
1	1	B2	3010
1	2	B2	3010
1	3	B2	3010
1	1	B2	3011
1	2	B2	3011
1	3	B2	3011
1	1	B2	3012
1	2	B2	3012
1	3	B2	3012
1	1	B2	3013
1	2	B2	3013
1	3	B2	3013
1	1	B2	3014
1	2	B2	3014
1	3	B2	3014
1	1	B2	3015
1	2	B2	3015
1	3	B2	3015
1	1	B2	3016
1	2	B2	3016
1	3	B2	3016
1	1	B2	3017
1	2	B2	3017
1	3	B2	3017
1	1	B2	3018
1	2	B2	3018
1	3	B2	3018
1	1	B2	3019
1	2	B2	3019
1	3	B2	3019
1	1	B2	3020
1	2	B2	3020
1	3	B2	3020
1	1	B2	3021
1	2	B2	3021
1	3	B2	3021
1	1	B2	3022
1	2	B2	3022
1	3	B2	3022
1	1	B2	3023
1	2	B2	3023
1	3	B2	3023
1	1	B2	3024
1	2	B2	3024
1	3	B2	3024
1	1	B2	3025
1	2	B2	3025
1	3	B2	3025
1	1	B2	3026
1	2	B2	3026
1	3	B2	3026
1	1	B2	3027
1	2	B2	3027
1	3	B2	3027
1	1	B2	3028
1	2	B2	3028
1	3	B2	3028
1	1	B2	3029
1	2	B2	3029
1	3	B2	3029
1	1	B2	3030
1	2	B2	3030
1	3	B2	3030
1	1	B2	3031
1	2	B2	3031
1	3	B2	3031
1	1	B2	3032
1	2	B2	3032
1	3	B2	3032
1	1	B2	3033
1	2	B2	3033
1	3	B2	3033
1	1	B2	3034
1	2	B2	3034
1	3	B2	3034
1	1	B2	3035
1	2	B2	3035
1	3	B2	3035
1	1	B2	3036
1	2	B2	3036
1	3	B2	3036
1	1	B2	3037
1	2	B2	3037
1	3	B2	3037
1	1	B2	3038
1	2	B2	3038
1	3	B2	3038
1	1	B2	3039
1	2	B2	3039
1	3	B2	3039
1	1	B2	3040
1	2	B2	3040
1	3	B2	3040
1	1	B2	3041
1	2	B2	3041
1	3	B2	3041
1	1	B2	3042
1	2	B2	3042
1	3	B2	3042
1	1	B2	3043
1	2	B2	3043
1	3	B2	3043
1	1	B2	3044
1	2	B2	3044
1	3	B2	3044
1	1	B2	3045
1	2	B2	3045
1	3	B2	3045
1	1	B2	3046
1	2	B2	3046
1	3	B2	3046
1	1	B2	3047
1	2	B2	3047
1	3	B2	3047
1	1	B2	3048
1	2	B2	3048
1	3	B2	3048
1	1	B2	3049
1	2	B2	3049
1	3	B2	3049
1	1	B2	3050
1	2	B2	3050
1	3	B2	3050
1	1	B2	3051
1	2	B2	3051
1	3	B2	3051
1	1	B2	3052
1	2	B2	3052
1	3	B2	3052
1	1	B2	3053
1	2	B2	3053
1	3	B2	3053
1	1	B2	3054
1	2	B2	3054
1	3	B2	3054
1	1	B2	3055
1	2	B2	3055
1	3	B2	3055
1	1	B2	3056
1	2	B2	3056
1	3	B2	3056
1	1	B2	3057
1	2	B2	3057
1	3	B2	3057
1	1	B2	3058
1	2	B2	3058
1	3	B2	3058
1	1	B2	3059
1	2	B2	3059
1	3	B2	3059
1	1	B2	3060
1	2	B2	3060
1	3	B2	3060
1	1	B2	3061
1	2	B2	3061
1	3	B2	3061
1	1	B2	3062
1	2	B2	3062
1	3	B2	3062
1	1	B2	3063
1	2	B2	3063
1	3	B2	3063
1	1	B2	3064
1	2	B2	3064
1	3	B2	3064
1	1	B2	3065
1	2	B2	3065
1	3	B2	3065
1	1	B2	3066
1	2	B2	3066
1	3	B2	3066
1	1	B2	3067
1	2	B2	3067
1	3	B2	3067
1	1	B2	3068
1	2	B2	3068
1	3	B2	3068
1	1	B2	3069
1	2	B2	3069
1	3	B2	3069
1	1	B2	3070
1	2	B2	3070
1	3	B2	3070
1	1	B2	3071
1	2	B2	3071
1	3	B2	3071
1	1	B2	3072
1	2	B2	3072
1	3	B2	3072
1	1	B2	3073
1	2	B2	3073
1	3	B2	3073
1	1	B2	3074
1	2	B2	3074
1	3	B2	3074
1	1	B2	3075
1	2	B2	3075
1	3	B2	3075
1	1	B2	3076
1	2	B2	3076
1	3	B2	3076
1	1	B2	3077
1	2	B2	3077
1	3	B2	3077
1	1	B2	3078
1	2	B2	3078
1	3	B2	3078
1	1	B2	3079
1	2	B2	3079
1	3	B2	3079
1	1	B2	3080
1	2	B2	3080
1	3	B2	3080
1	1	B2	3081
1	2	B2	3081
1	3	B2	3081
1	1	B2	3082
1	2	B2	3082
1	3	B2	3082
1	1	B2	3083
1	2	B2	3083
1	3	B2	3083
1	1	B2	3084
1	2	B2	3084
1	3	B2	3084
1	1	B2	3085
1	2	B2	3085
1	3	B2	3085
1	1	B2	3086
1	2	B2	3086
1	3	B2	3086
1	1	B2	3087
1	2	B2	3087
1	3	B2	3087
1	1	B2	3088
1	2	B2	3088
1	3	B2	3088
1	1	B2	3089
1	2	B2	3089
1	3	B2	3089
1	1	B2	3090
1	2	B2	3090
1	3	B2	3090
1	1	B2	3091
1	2	B2	3091
1	3	B2	3091
1	1	B2	3092
1	2	B2	3092
1	3	B2	3092
1	1	B2	3093
1	2	B2	3093
1	3	B2	3093
1	1	B2	3094
1	2	B2	3094
1	3	B2	3094
1	1	B2	3095
1	2	B2	3095
1	3	B2	3095
1	1	B2	3096
1	2	B2	3096
1	3	B2	3096
1	1	B2	3097
1	2	B2	3097
1	3	B2	3097
1	1	B2	3098
1	2	B2	3098
1	3	B2	3098
1	1	B2	3099
1	2	B2	3099
1	3	B2	3099
1	1	B2	3100
1	2	B2	3100
1	3	B2	3100
1	1	B2	3101
1	2	B2	3101
1	3	B2	3101
1	1	B2	3102
1	2	B2	3102
1	3	B2	3102
1	1	B2	3103
1	2	B2	3103
1	3	B2	3103
1	1	B2	3104
1	2	B2	3104
1	3	B2	3104
1	1	B2	3105
1	2	B2	3105
1	3	B2	3105
1	1	B2	3106
1	2	B2	3106
1	3	B2	3106
1	1	B2	3107
1	2	B2	3107
1	3	B2	3107
1	1	B2	3108
1	2	B2	3108
1	3	B2	3108
1	1	B2	3109
1	2	B2	3109
1	3	B2	3109
1	1	B2	3110
1	2	B2	3110
1	3	B2	3110
1	1	B2	3111
1	2	B2	3111
1	3	B2	3111
1	1	B2	3112
1	2	B2	3112
1	3	B2	3112
1	1	B2	3113
1	2	B2	3113
1	3	B2	3113
1	1	B2	3114
1	2	B2	3114
1	3	B2	3114
1	1	B2	3115
1	2	B2	3115
1	3	B2	3115
1	1	B2	3116
1	2	B2	3116
1	3	B2	3116
1	1	B2	3117
1	2	B2	3117
1	3	B2	3117
1	1	B2	3118
1	2	B2	3118
1	3	B2	3118
1	1	B2	3119
1	2	B2	3119
1	3	B2	3119
1	1	B2	3120
1	2	B2	3120
1	3	B2	3120
1	1	B2	3121
1	2	B2	3121
1	3	B2	3121
1	1	B2	3122
1	2	B2	3122
1	3	B2	3122
1	1	B2	3123
1	2	B2	3123
1	3	B2	3123
1	1	B2	3124
1	2	B2	3124
1	3	B2	3124
1	1	B2	3125
1	2	B2	3125
1	3	B2	3125
1	1	B2	3126
1	2	B2	3126
1	3	B2	3126
1	1	B2	3127
1	2	B2	3127
1	3	B2	3127
1	1	B2	3128
1	2	B2	3128
1	3	B2	3128
1	1	B2	3129
1	2	B2	3129
1	3	B2	3129
1	1	B2	3130
1	2	B2	3130
1	3	B2	3130
1	1	B2	3131
1	2	B2	3131
1	3	B2	3131
1	1	B2	3132
1	2	B2	3132
1	3	B2	3132
1	1	B2	3133
1	2	B2	3133
1	3	B2	3133
1	1	B2	3134
1	2	B2	3134
1	3	B2	3134
1	1	B2	3135
1	2	B2	3135
1	3	B2	3135
1	1	B2	3136
1	2	B2	3136
1	3	B2	3136
1	1	B2	3137
1	2	B2	3137
1	3	B2	3137
1	1	B2	3138
1	2	B2	3138
1	3	B2	3138
1	1	B2	3139
1	2	B2	3139
1	3	B2	3139
1	1	B2	3140
1	2	B2	3140
1	3	B2	3140
1	1	B2	3141
1	2	B2	3141
1	3	B2	3141
1	1	B2	3142
1	2	B2	3142
1	3	B2	3142
1	1	B2	3143
1	2	B2	3143
1	3	B2	3143
1	1	B2	3144
1	2	B2	3144
1	3	B2	3144
1	1	B2	3145
1	2	B2	3145
1	3	B2	3145
1	1	B2	3146
1	2	B2	3146
1	3	B2	3146
1	1	B2	3147
1	2	B2	3147
1	3	B2	3147
1	1	B2	3148
1	2	B2	3148
1	3	B2	3148
1	1	B2	3149
1	2	B2	3149
1	3	B2	3149
1	1	B2	3150
1	2	B2	3150
1	3	B2	3150
1	1	B2	3151
1	2	B2	3151
1	3	B2	3151
1	1	B2	3152
1	2	B2	3152
1	3	B2	3152
1	1	B2	3153
1	2	B2	3153
1	3	B2	3153
1	1	B2	3154
1	2	B2	3154
1	3	B2	3154
1	1	B2	3155
1	2	B2	3155
1	3	B2	3155
1	1	B2	3156
1	2	B2	3156
1	3	B2	3156
1	1	B2	3157
1	2	B2	3157
1	3	B2	3157
1	1	B2	3158
1	2	B2	3158
1	3	B2	3158
1	1	B2	3159
1	2	B2	3159
1	3	B2	3159
1	1	B2	3160
1	2	B2	3160
1	3	B2	3160
1	1	B2	3161
1	2	B2	3161
1	3	B2	3161
1	1	B2	3162
1	2	B2	3162
1	3	B2	3162
1	1	B2	3163
1	2	B2	3163
1	3	B2	3163
1	1	B2	3164
1	2	B2	3164
1	3	B2	3164
1	1	B2	3165
1	2	B2	3165
1	3	B2	3165
1	1	B2	3166
1	2	B2	3166
1	3	B2	3166
1	1	B2	3167
1	2	B2	3167
1	3	B2	3167
1	1	B2	3168
1	2	B2	3168
1	3	B2	3168
1	1	B2	3169
1	2	B2	3169
1	3	B2	3169
1	1	B2	3170
1	2	B2	3170
1	3	B2	3170
1	1	B2	3171
1	2	B2	3171
1	3	B2	3171
1	1	B2	3172
1	2	B2	3172
1	3	B2	3172
1	1	B2	3173
1	2	B2	3173
1	3	B2	3173
1	1	B2	3174
1	2	B2	3174
1	3	B2	3174
1	1	B2	3175
1	2	B2	3175
1	3	B2	3175
1	1	B2	3176
1	2	B2	3176
1	3	B2	3176
1	1	B2	3177
1	2	B2	3177
1	3	B2	3177
1	1	B2	3178
1	2	B2	3178
1	3	B2	3178
1	1	B2	3179
1	2	B2	3179
1	3	B2	3179
1	1	B2	3180
1	2	B2	3180
1	3	B2	3180
1	1	B2	3181
1	2	B2	3181
1	3	B2	3181
1	1	B2	3182
1	2	B2	3182
1	3	B2	3182
1	1	B2	3183
1	2	B2	3183
1	3	B2	3183
1	1	B2	3184
1	2	B2	3184
1	3	B2	3184
1	1	B2	3185
1	2	B2	3185
1	3	B2	3185
1	1	B2	3186
1	2	B2	3186
1	3	B2	3186
1	1	B2	3187
1	2	B2	3187
1	3	B2	3187
1	1	B2	3188
1	2	B2	3188
1	3	B2	3188
1	1	B2	3189
1	2	B2	3189
1	3	B2	3189
1	1	B2	3190
1	2	B2	3190
1	3	B2	3190
1	1	B2	3191
1	2	B2	3191
1	3	B2	3191
1	1	B2	3192
1	2	B2	3192
1	3	B2	3192
1	1	B2	3193
1	2	B2	3193
1	3	B2	3193
1	1	B2	3194
1	2	B2	3194
1	3	B2	3194
1	1	B2	3195
1	2	B2	3195
1	3	B2	3195
1	1	B2	3196
1	2	B2	3196
1	3	B2	3196
1	1	B2	3197
1	2	B2	3197
1	3	B2	3197
1	1	B2	3198
1	2	B2	3198
1	3	B2	3198
1	1	B2	3199
1	2	B2	3199
1	3	B2	3199
1	1	B2	3200
1	2	B2	3200
1	3	B2	3200
1	1	B2	3201
1	2	B2	3201
1	3	B2	3201
1	1	B2	3202
1	2	B2	3202
1	3	B2	3202
1	1	B2	3203
1	2	B2	3203
1	3	B2	3203
1	1	B2	3204
1	2	B2	3204
1	3	B2	3204
1	1	B2	3205
1	2	B2	3205
1	3	B2	3205
1	1	B2	3206
1	2	B2	3206
1	3	B2	3206
1	1	B2	3207
1	2	B2	3207
1	3	B2	3207
1	1	B2	3208
1	2	B2	3208
1	3	B2	3208
1	1	B2	3209
1	2	B2	3209
1	3	B2	3209
1	1	B2	3210
1	2	B2	3210
1	3	B2	3210
1	1	B2	3211
1	2	B2	3211
1	3	B2	3211
1	1	B2	3212
1	2	B2	3212
1	3	B2	3212
1	1	B2	3213
1	2	B2	3213
1	3	B2	3213
1	1	B2	3214
1	2	B2	3214
1	3	B2	3214
1	1	B2	3215
1	2	B2	3215
1	3	B2	3215
1	1	B2	3216
1	2	B2	3216
1	3	B2	3216
1	1	B2	3217
1	2	B2	3217
1	3	B2	3217
1	1	B2	3218
1	2	B2	3218
1	3	B2	3218
1	1	B2	3219
1	2	B2	3219
1	3	B2	3219
1	1	B2	3220
1	2	B2	3220
1	3	B2	3220
1	1	B2	3221
1	2	B2	3221
1	3	B2	3221
1	1	B2	3222
1	2	B2	3222
1	3	B2	3222
1	1	B2	3223
1	2	B2	3223
1	3	B2	3223
1	1	B2	3224
1	2	B2	3224
1	3	B2	3224
1	1	B2	3225
1	2	B2	3225
1	3	B2	3225
1	1	B2	3226
1	2	B2	3226
1	3	B2	3226
1	1	B2	3227
1	2	B2	3227
1	3	B2	3227
1	1	B2	3228
1	2	B2	3228
1	3	B2	3228
1	1	B2	3229
1	2	B2	3229
1	3	B2	3229
1	1	B2	3230
1	2	B2	3230
1	3	B2	3230
1	1	B2	3231
1	2	B2	3231
1	3	B2	3231
1	1	B2	3232
1	2	B2	3232
1	3	B2	3232
1	1	B2	3233
1	2	B2	3233
1	3	B2	3233
1	1	B2	3234
1	2	B2	3234
1	3	B2	3234
1	1	B2	3235
1	2	B2	3235
1	3	B2	3235
1	1	B2	3236
1	2	B2	3236
1	3	B2	3236
1	1	B2	3237
1	2	B2	3237
1	3	B2	3237
1	1	B2	3238
1	2	B2	3238
1	3	B2	3238
1	1	B2	3239
1	2	B2	3239
1	3	B2	3239
1	1	B2	3240
1	2	B2	3240
1	3	B2	3240
1	1	B2	3241
1	2	B2	3241
1	3	B2	3241
1	1	B2	3242
1	2	B2	3242
1	3	B2	3242
1	1	B2	3243
1	2	B2	3243
1	3	B2	3243
1	1	B2	3244
1	2	B2	3244
1	3	B2	3244
1	1	B2	3245
1	2	B2	3245
1	3	B2	3245
1	1	B2	3246
1	2	B2	3246
1	3	B2	3246
1	1	B2	3247
1	2	B2	3247
1	3	B2	3247
1	1	B2	3248
1	2	B2	3248
1	3	B2	3248
1	1	B2	3249
1	2	B2	3249
1	3	B2	3249
1	1	B2	3250
1	2	B2	3250
1	3	B2	3250
1	1	B2	3251
1	2	B2	3251
1	3	B2	3251
1	1	B2	3252
1	2	B2	3252
1	3	B2	3252
1	1	B2	3253
1	2	B2	3253
1	3	B2	3253
1	1	B2	3254
1	2	B2	3254
1	3	B2	3254
1	1	B2	3255
1	2	B2	3255
1	3	B2	3255
1	1	B2	3256
1	2	B2	3256
1	3	B2	3256
1	1	B2	3257
1	2	B2	3257
1	3	B2	3257
1	1	B2	3258
1	2	B2	3258
1	3	B2	3258
1	1	B2	3259
1	2	B2	3259
1	3	B2	3259
1	1	B2	3260
1	2	B2	3260
1	3	B2	3260
1	1	B2	3261
1	2	B2	3261
1	3	B2	3261
1	1	B2	3262
1	2	B2	3262
1	3	B2	3262
1	1	B2	3263
1	2	B2	3263
1	3	B2	3263
1	1	B2	3264
1	2	B2	3264
1	3	B2	3264
1	1	B2	3265
1	2	B2	3265
1	3	B2	3265
1	1	B2	3266
1	2	B2	3266
1	3	B2	3266
1	1	B2	3267
1	2	B2	3267
1	3	B2	3267
1	1	B2	3268
1	2	B2	3268
1	3	B2	3268
1	1	B2	3269
1	2	B2	3269
1	3	B2	3269
1	1	B2	3270
1	2	B2	3270
1	3	B2	3270
1	1	B2	3271
1	2	B2	3271
1	3	B2	3271
1	1	B2	3272
1	2	B2	3272
1	3	B2	3272
1	1	B2	3273
1	2	B2	3273
1	3	B2	3273
1	1	B2	3274
1	2	B2	3274
1	3	B2	3274
1	1	B2	3275
1	2	B2	3275
1	3	B2	3275
1	1	B2	3276
1	2	B2	3276
1	3	B2	3276
1	1	B2	3277
1	2	B2	3277
1	3	B2	3277
1	1	B2	3278
1	2	B2	3278
1	3	B2	3278
1	1	B2	3279
1	2	B2	3279
1	3	B2	3279
1	1	B2	3280
1	2	B2	3280
1	3	B2	3280
1	1	B2	3281
1	2	B2	3281
1	3	B2	3281
1	1	B2	3282
1	2	B2	3282
1	3	B2	3282
1	1	B2	3283
1	2	B2	3283
1	3	B2	3283
1	1	B2	3284
1	2	B2	3284
1	3	B2	3284
1	1	B2	3285
1	2	B2	3285
1	3	B2	3285
1	1	B2	3286
1	2	B2	3286
1	3	B2	3286
1	1	B2	3287
1	2	B2	3287
1	3	B2	3287
1	1	B2	3288
1	2	B2	3288
1	3	B2	3288
1	1	B2	3289
1	2	B2	3289
1	3	B2	3289
1	1	B2	3290
1	2	B2	3290
1	3	B2	3290
1	1	B2	3291
1	2	B2	3291
1	3	B2	3291
1	1	B2	3292
1	2	B2	3292
1	3	B2	3292
1	1	B2	3293
1	2	B2	3293
1	3	B2	3293
1	1	B2	3294
1	2	B2	3294
1	3	B2	3294
1	1	B2	3295
1	2	B2	3295
1	3	B2	3295
1	1	B2	3296
1	2	B2	3296
1	3	B2	3296
1	1	B2	3297
1	2	B2	3297
1	3	B2	3297
1	1	B2	3298
1	2	B2	3298
1	3	B2	3298
1	1	B2	3299
1	2	B2	3299
1	3	B2	3299
1	1	B2	3300
1	2	B2	3300
1	3	B2	3300
1	1	B2	3301
1	2	B2	3301
1	3	B2	3301
1	1	B2	3302
1	2	B2	3302
1	3	B2	3302
1	1	B2	3303
1	2	B2	3303
1	3	B2	3303
1	1	B2	3304
1	2	B2	3304
1	3	B2	3304
1	1	B2	3305
1	2	B2	3305
1	3	B2	3305
1	1	B2	3306
1	2	B2	3306
1	3	B2	3306
1	1	B2	3307
1	2	B2	3307
1	3	B2	3307
1	1	B2	3308
1	2	B2	3308
1	3	B2	3308
1	1	B2	3309
1	2	B2	3309
1	3	B2	3309
1	1	B2	3310
1	2	B2	3310
1	3	B2	3310
1	1	B2	3311
1	2	B2	3311
1	3	B2	3311
1	1	B2	3312
1	2	B2	3312
1	3	B2	3312
1	1	B2	3313
1	2	B2	3313
1	3	B2	3313
1	1	B2	3314
1	2	B2	3314
1	3	B2	3314
1	1	B2	3315
1	2	B2	3315
1	3	B2	3315
1	1	B2	3316
1	2	B2	3316
1	3	B2	3316
1	1	B2	3317
1	2	B2	3317
1	3	B2	3317
1	1	B2	3318
1	2	B2	3318
1	3	B2	3318
1	1	B2	3319
1	2	B2	3319
1	3	B2	3319
1	1	B2	3320
1	2	B2	3320
1	3	B2	3320
1	1	B2	3321
1	2	B2	3321
1	3	B2	3321
1	1	B2	3322
1	2	B2	3322
1	3	B2	3322
1	1	B2	3323
1	2	B2	3323
1	3	B2	3323
1	1	B2	3324
1	2	B2	3324
1	3	B2	3324
1	1	B2	3325
1	2	B2	3325
1	3	B2	3325
1	1	B2	3326
1	2	B2	3326
1	3	B2	3326
1	1	B2	3327
1	2	B2	3327
1	3	B2	3327
1	1	B2	3328
1	2	B2	3328
1	3	B2	3328
1	1	B2	3329
1	2	B2	3329
1	3	B2	3329
1	1	B2	3330
1	2	B2	3330
1	3	B2	3330
1	1	B2	3331
1	2	B2	3331
1	3	B2	3331
1	1	B2	3332
1	2	B2	3332
1	3	B2	3332
1	1	B2	3333
1	2	B2	3333
1	3	B2	3333
1	1	B2	3334
1	2	B2	3334
1	3	B2	3334
1	1	B2	3335
1	2	B2	3335
1	3	B2	3335
1	1	B2	3336
1	2	B2	3336
1	3	B2	3336
1	1	B2	3337
1	2	B2	3337
1	3	B2	3337
1	1	B2	3338
1	2	B2	3338
1	3	B2	3338
1	1	B2	3339
1	2	B2	3339
1	3	B2	3339
1	1	B2	3340
1	2	B2	3340
1	3	B2	3340
1	1	B2	3341
1	2	B2	3341
1	3	B2	3341
1	1	B2	3342
1	2	B2	3342
1	3	B2	3342
1	1	B2	3343
1	2	B2	3343
1	3	B2	3343
1	1	B2	3344
1	2	B2	3344
1	3	B2	3344
1	1	B2	3345
1	2	B2	3345
1	3	B2	3345
1	1	B2	3346
1	2	B2	3346
1	3	B2	3346
1	1	B2	3347
1	2	B2	3347
1	3	B2	3347
1	1	B2	3348
1	2	B2	3348
1	3	B2	3348
1	1	B2	3349
1	2	B2	3349
1	3	B2	3349
1	1	B2	3350
1	2	B2	3350
1	3	B2	3350
1	1	B2	3351
1	2	B2	3351
1	3	B2	3351
1	1	B2	3352
1	2	B2	3352
1	3	B2	3352
1	1	B2	3353
1	2	B2	3353
1	3	B2	3353
1	1	B2	3354
1	2	B2	3354
1	3	B2	3354
1	1	B2	3355
1	2	B2	3355
1	3	B2	3355
1	1	B2	3356
1	2	B2	3356
1	3	B2	3356
1	1	B2	3357
1	2	B2	3357
1	3	B2	3357
1	1	B2	3358
1	2	B2	3358
1	3	B2	3358
1	1	B2	3359
1	2	B2	3359
1	3	B2	3359
1	1	B2	3360
1	2	B2	3360
1	3	B2	3360
1	1	B2	3361
1	2	B2	3361
1	3	B2	3361
1	1	B2	3362
1	2	B2	3362
1	3	B2	3362
1	1	B2	3363
1	2	B2	3363
1	3	B2	3363
1	1	B2	3364
1	2	B2	3364
1	3	B2	3364
1	1	B2	3365
1	2	B2	3365
1	3	B2	3365
1	1	B2	3366
1	2	B2	3366
1	3	B2	3366
1	1	B2	3367
1	2	B2	3367
1	3	B2	3367
1	1	B2	3368
1	2	B2	3368
1	3	B2	3368
1	1	B2	3369
1	2	B2	3369
1	3	B2	3369
1	1	B2	3370
1	2	B2	3370
1	3	B2	3370
1	1	B2	3371
1	2	B2	3371
1	3	B2	3371
1	1	B2	3372
1	2	B2	3372
1	3	B2	3372
1	1	B2	3373
1	2	B2	3373
1	3	B2	3373
1	1	B2	3374
1	2	B2	3374
1	3	B2	3374
1	1	B2	3375
1	2	B2	3375
1	3	B2	3375
1	1	B2	3376
1	2	B2	3376
1	3	B2	3376
1	1	B2	3377
1	2	B2	3377
1	3	B2	3377
1	1	B2	3378
1	2	B2	3378
1	3	B2	3378
1	1	B2	3379
1	2	B2	3379
1	3	B2	3379
1	1	B2	3380
1	2	B2	3380
1	3	B2	3380
1	1	B2	3381
1	2	B2	3381
1	3	B2	3381
1	1	B2	3382
1	2	B2	3382
1	3	B2	3382
1	1	B2	3383
1	2	B2	3383
1	3	B2	3383
1	1	B2	3384
1	2	B2	3384
1	3	B2	3384
1	1	B2	3385
1	2	B2	3385
1	3	B2	3385
1	1	B2	3386
1	2	B2	3386
1	3	B2	3386
1	1	B2	3387
1	2	B2	3387
1	3	B2	3387
1	1	B2	3388
1	2	B2	3388
1	3	B2	3388
1	1	B2	3389
1	2	B2	3389
1	3	B2	3389
1	1	B2	3390
1	2	B2	3390
1	3	B2	3390
1	1	B2	3391
1	2	B2	3391
1	3	B2	3391
1	1	B2	3392
1	2	B2	3392
1	3	B2	3392
1	1	B2	3393
1	2	B2	3393
1	3	B2	3393
1	1	B2	3394
1	2	B2	3394
1	3	B2	3394
1	1	B2	3395
1	2	B2	3395
1	3	B2	3395
1	1	B2	3396
1	2	B2	3396
1	3	B2	3396
1	1	B2	3397
1	2	B2	3397
1	3	B2	3397
1	1	B2	3398
1	2	B2	3398
1	3	B2	3398
1	1	B2	3399
1	2	B2	3399
1	3	B2	3399
1	1	B2	3400
1	2	B2	3400
1	3	B2	3400
1	1	B2	3401
1	2	B2	3401
1	3	B2	3401
1	1	B2	3402
1	2	B2	3402
1	3	B2	3402
1	1	B2	3403
1	2	B2	3403
1	3	B2	3403
1	1	B2	3404
1	2	B2	3404
1	3	B2	3404
1	1	B2	3405
1	2	B2	3405
1	3	B2	3405
1	1	B2	3406
1	2	B2	3406
1	3	B2	3406
1	1	B2	3407
1	2	B2	3407
1	3	B2	3407
1	1	B2	3408
1	2	B2	3408
1	3	B2	3408
1	1	B2	3409
1	2	B2	3409
1	3	B2	3409
1	1	B2	3410
1	2	B2	3410
1	3	B2	3410
1	1	B2	3411
1	2	B2	3411
1	3	B2	3411
1	1	B2	3412
1	2	B2	3412
1	3	B2	3412
1	1	B2	3413
1	2	B2	3413
1	3	B2	3413
1	1	B2	3414
1	2	B2	3414
1	3	B2	3414
1	1	B2	3415
1	2	B2	3415
1	3	B2	3415
1	1	B2	3416
1	2	B2	3416
1	3	B2	3416
1	1	B2	3417
1	2	B2	3417
1	3	B2	3417
1	1	B2	3418
1	2	B2	3418
1	3	B2	3418
1	1	B2	3419
1	2	B2	3419
1	3	B2	3419
1	1	B2	3420
1	2	B2	3420
1	3	B2	3420
1	1	B2	3421
1	2	B2	3421
1	3	B2	3421
1	1	B2	3422
1	2	B2	3422
1	3	B2	3422
1	1	B2	3423
1	2	B2	3423
1	3	B2	3423
1	1	B2	3424
1	2	B2	3424
1	3	B2	3424
1	1	B2	3425
1	2	B2	3425
1	3	B2	3425
1	1	B2	3426
1	2	B2	3426
1	3	B2	3426
1	1	B2	3427
1	2	B2	3427
1	3	B2	3427
1	1	B2	3428
1	2	B2	3428
1	3	B2	3428
1	1	B2	3429
1	2	B2	3429
1	3	B2	3429
1	1	B2	3430
1	2	B2	3430
1	3	B2	3430
1	1	B2	3431
1	2	B2	3431
1	3	B2	3431
1	1	B2	3432
1	2	B2	3432
1	3	B2	3432
1	1	B2	3433
1	2	B2	3433
1	3	B2	3433
1	1	B2	3434
1	2	B2	3434
1	3	B2	3434
1	1	B2	3435
1	2	B2	3435
1	3	B2	3435
1	1	B2	3436
1	2	B2	3436
1	3	B2	3436
1	1	B2	3437
1	2	B2	3437
1	3	B2	3437
1	1	B2	3438
1	2	B2	3438
1	3	B2	3438
1	1	B2	3439
1	2	B2	3439
1	3	B2	3439
1	1	B2	3440
1	2	B2	3440
1	3	B2	3440
1	1	B2	3441
1	2	B2	3441
1	3	B2	3441
1	1	B2	3442
1	2	B2	3442
1	3	B2	3442
1	1	B2	3443
1	2	B2	3443
1	3	B2	3443
1	1	B2	3444
1	2	B2	3444
1	3	B2	3444
1	1	B2	3445
1	2	B2	3445
1	3	B2	3445
1	1	B2	3446
1	2	B2	3446
1	3	B2	3446
1	1	B2	3447
1	2	B2	3447
1	3	B2	3447
1	1	B2	3448
1	2	B2	3448
1	3	B2	3448
1	1	B2	3449
1	2	B2	3449
1	3	B2	3449
1	1	B2	3450
1	2	B2	3450
1	3	B2	3450
1	1	B2	3451
1	2	B2	3451
1	3	B2	3451
1	1	B2	3452
1	2	B2	3452
1	3	B2	3452
1	1	B2	3453
1	2	B2	3453
1	3	B2	3453
1	1	B2	3454
1	2	B2	3454
1	3	B2	3454
1	1	B2	3455
1	2	B2	3455
1	3	B2	3455
1	1	B2	3456
1	2	B2	3456
1	3	B2	3456
1	1	B2	3457
1	2	B2	3457
1	3	B2	3457
1	1	B2	3458
1	2	B2	3458
1	3	B2	3458
1	1	B2	3459
1	2	B2	3459
1	3	B2	3459
1	1	B2	3460
1	2	B2	3460
1	3	B2	3460
1	1	B2	3461
1	2	B2	3461
1	3	B2	3461
1	1	B2	3462
1	2	B2	3462
1	3	B2	3462
1	1	B2	3463
1	2	B2	3463
1	3	B2	3463
1	1	B2	3464
1	2	B2	3464
1	3	B2	3464
1	1	B2	3465
1	2	B2	3465
1	3	B2	3465
1	1	B2	3466
1	2	B2	3466
1	3	B2	3466
1	1	B2	3467
1	2	B2	3467
1	3	B2	3467
1	1	B2	3468
1	2	B2	3468
1	3	B2	3468
1	1	B2	3469
1	2	B2	3469
1	3	B2	3469
1	1	B2	3470
1	2	B2	3470
1	3	B2	3470
1	1	B2	3471
1	2	B2	3471
1	3	B2	3471
1	1	B2	3472
1	2	B2	3472
1	3	B2	3472
1	1	B2	3473
1	2	B2	3473
1	3	B2	3473
1	1	B2	3474
1	2	B2	3474
1	3	B2	3474
1	1	B2	3475
1	2	B2	3475
1	3	B2	3475
1	1	B2	3476
1	2	B2	3476
1	3	B2	3476
1	1	B2	3477
1	2	B2	3477
1	3	B2	3477
1	1	B2	3478
1	2	B2	3478
1	3	B2	3478
1	1	B2	3479
1	2	B2	3479
1	3	B2	3479
1	1	B2	3480
1	2	B2	3480
1	3	B2	3480
1	1	B2	3481
1	2	B2	3481
1	3	B2	3481
1	1	B2	3482
1	2	B2	3482
1	3	B2	3482
1	1	B2	3483
1	2	B2	3483
1	3	B2	3483
1	1	B2	3484
1	2	B2	3484
1	3	B2	3484
1	1	B2	3485
1	2	B2	3485
1	3	B2	3485
1	1	B2	3486
1	2	B2	3486
1	3	B2	3486
1	1	B2	3487
1	2	B2	3487
1	3	B2	3487
1	1	B2	3488
1	2	B2	3488
1	3	B2	3488
1	1	B2	3489
1	2	B2	3489
1	3	B2	3489
1	1	B2	3490
1	2	B2	3490
1	3	B2	3490
1	1	B2	3491
1	2	B2	3491
1	3	B2	3491
1	1	B2	3492
1	2	B2	3492
1	3	B2	3492
1	1	B2	3493
1	2	B2	3493
1	3	B2	3493
1	1	B2	3494
1	2	B2	3494
1	3	B2	3494
1	1	B2	3495
1	2	B2	3495
1	3	B2	3495
1	1	B2	3496
1	2	B2	3496
1	3	B2	3496
1	1	B2	3497
1	2	B2	3497
1	3	B2	3497
1	1	B2	3498
1	2	B2	3498
1	3	B2	3498
1	1	B2	3499
1	2	B2	3499
1	3	B2	3499
1	1	B2	3500
1	2	B2	3500
1	3	B2	3500
1	1	B2	3501
1	2	B2	3501
1	3	B2	3501
1	1	B2	3502
1	2	B2	3502
1	3	B2	3502
1	1	B2	3503
1	2	B2	3503
1	3	B2	3503
1	1	B2	3504
1	2	B2	3504
1	3	B2	3504
1	1	B2	3505
1	2	B2	3505
1	3	B2	3505
1	1	B2	3506
1	2	B2	3506
1	3	B2	3506
1	1	B2	3507
1	2	B2	3507
1	3	B2	3507
1	1	B2	3508
1	2	B2	3508
1	3	B2	3508
1	1	B2	3509
1	2	B2	3509
1	3	B2	3509
1	1	B2	3510
1	2	B2	3510
1	3	B2	3510
1	1	B2	3511
1	2	B2	3511
1	3	B2	3511
1	1	B2	3512
1	2	B2	3512
1	3	B2	3512
1	1	B2	3513
1	2	B2	3513
1	3	B2	3513
1	1	B2	3514
1	2	B2	3514
1	3	B2	3514
1	1	B2	3515
1	2	B2	3515
1	3	B2	3515
1	1	B2	3516
1	2	B2	3516
1	3	B2	3516
1	1	B2	3517
1	2	B2	3517
1	3	B2	3517
1	1	B2	3518
1	2	B2	3518
1	3	B2	3518
1	1	B2	3519
1	2	B2	3519
1	3	B2	3519
1	1	B2	3520
1	2	B2	3520
1	3	B2	3520
1	1	B2	3521
1	2	B2	3521
1	3	B2	3521
1	1	B2	3522
1	2	B2	3522
1	3	B2	3522
1	1	B2	3523
1	2	B2	3523
1	3	B2	3523
1	1	B2	3524
1	2	B2	3524
1	3	B2	3524
1	1	B2	3525
1	2	B2	3525
1	3	B2	3525
1	1	B2	3526
1	2	B2	3526
1	3	B2	3526
1	1	B2	3527
1	2	B2	3527
1	3	B2	3527
1	1	B2	3528
1	2	B2	3528
1	3	B2	3528
1	1	B2	3529
1	2	B2	3529
1	3	B2	3529
1	1	B2	3530
1	2	B2	3530
1	3	B2	3530
1	1	B2	3531
1	2	B2	3531
1	3	B2	3531
1	1	B2	3532
1	2	B2	3532
1	3	B2	3532
1	1	B2	3533
1	2	B2	3533
1	3	B2	3533
1	1	B2	3534
1	2	B2	3534
1	3	B2	3534
1	1	B2	3535
1	2	B2	3535
1	3	B2	3535
1	1	B2	3536
1	2	B2	3536
1	3	B2	3536
1	1	B2	3537
1	2	B2	3537
1	3	B2	3537
1	1	B2	3538
1	2	B2	3538
1	3	B2	3538
1	1	B2	3539
1	2	B2	3539
1	3	B2	3539
1	1	B2	3540
1	2	B2	3540
1	3	B2	3540
1	1	B2	3541
1	2	B2	3541
1	3	B2	3541
1	1	B2	3542
1	2	B2	3542
1	3	B2	3542
1	1	B2	3543
1	2	B2	3543
1	3	B2	3543
1	1	B2	3544
1	2	B2	3544
1	3	B2	3544
1	1	B2	3545
1	2	B2	3545
1	3	B2	3545
1	1	B2	3546
1	2	B2	3546
1	3	B2	3546
1	1	B2	3547
1	2	B2	3547
1	3	B2	3547
1	1	B2	3548
1	2	B2	3548
1	3	B2	3548
1	1	B2	3549
1	2	B2	3549
1	3	B2	3549
1	1	B2	3550
1	2	B2	3550
1	3	B2	3550
1	1	B2	3551
1	2	B2	3551
1	3	B2	3551
1	1	B2	3552
1	2	B2	3552
1	3	B2	3552
1	1	B2	3553
1	2	B2	3553
1	3	B2	3553
1	1	B2	3554
1	2	B2	3554
1	3	B2	3554
1	1	B2	3555
1	2	B2	3555
1	3	B2	3555
1	1	B2	3556
1	2	B2	3556
1	3	B2	3556
1	1	B2	3557
1	2	B2	3557
1	3	B2	3557
1	1	B2	3558
1	2	B2	3558
1	3	B2	3558
1	1	B2	3559
1	2	B2	3559
1	3	B2	3559
1	1	B2	3560
1	2	B2	3560
1	3	B2	3560
1	1	B2	3561
1	2	B2	3561
1	3	B2	3561
1	1	B2	3562
1	2	B2	3562
1	3	B2	3562
1	1	B2	3563
1	2	B2	3563
1	3	B2	3563
1	1	B2	3564
1	2	B2	3564
1	3	B2	3564
1	1	B2	3565
1	2	B2	3565
1	3	B2	3565
1	1	B2	3566
1	2	B2	3566
1	3	B2	3566
1	1	B2	3567
1	2	B2	3567
1	3	B2	3567
1	1	B2	3568
1	2	B2	3568
1	3	B2	3568
1	1	B2	3569
1	2	B2	3569
1	3	B2	3569
1	1	B2	3570
1	2	B2	3570
1	3	B2	3570
1	1	B2	3571
1	2	B2	3571
1	3	B2	3571
1	1	B2	3572
1	2	B2	3572
1	3	B2	3572
1	1	B2	3573
1	2	B2	3573
1	3	B2	3573
1	1	B2	3574
1	2	B2	3574
1	3	B2	3574
1	1	B2	3575
1	2	B2	3575
1	3	B2	3575
1	1	B2	3576
1	2	B2	3576
1	3	B2	3576
1	1	B2	3577
1	2	B2	3577
1	3	B2	3577
1	1	B2	3578
1	2	B2	3578
1	3	B2	3578
1	1	B2	3579
1	2	B2	3579
1	3	B2	3579
1	1	B2	3580
1	2	B2	3580
1	3	B2	3580
1	1	B2	3581
1	2	B2	3581
1	3	B2	3581
1	1	B2	3582
1	2	B2	3582
1	3	B2	3582
1	1	B2	3583
1	2	B2	3583
1	3	B2	3583
1	1	B2	3584
1	2	B2	3584
1	3	B2	3584
1	1	B2	3585
1	2	B2	3585
1	3	B2	3585
1	1	B2	3586
1	2	B2	3586
1	3	B2	3586
1	1	B2	3587
1	2	B2	3587
1	3	B2	3587
1	1	B2	3588
1	2	B2	3588
1	3	B2	3588
1	1	B2	3589
1	2	B2	3589
1	3	B2	3589
1	1	B2	3590
1	2	B2	3590
1	3	B2	3590
1	1	B2	3591
1	2	B2	3591
1	3	B2	3591
1	1	B2	3592
1	2	B2	3592
1	3	B2	3592
1	1	B2	3593
1	2	B2	3593
1	3	B2	3593
1	1	B2	3594
1	2	B2	3594
1	3	B2	3594
1	1	B2	3595
1	2	B2	3595
1	3	B2	3595
1	1	B2	3596
1	2	B2	3596
1	3	B2	3596
1	1	B2	3597
1	2	B2	3597
1	3	B2	3597
1	1	B2	3598
1	2	B2	3598
1	3	B2	3598
1	1	B2	3599
1	2	B2	3599
1	3	B2	3599
1	1	B2	3600
1	2	B2	3600
1	3	B2	3600
1	1	B2	3601
1	2	B2	3601
1	3	B2	3601
1	1	B2	3602
1	2	B2	3602
1	3	B2	3602
1	1	B2	3603
1	2	B2	3603
1	3	B2	3603
1	1	B2	3604
1	2	B2	3604
1	3	B2	3604
1	1	B2	3605
1	2	B2	3605
1	3	B2	3605
1	1	B2	3606
1	2	B2	3606
1	3	B2	3606
1	1	B2	3607
1	2	B2	3607
1	3	B2	3607
1	1	B2	3608
1	2	B2	3608
1	3	B2	3608
1	1	B2	3609
1	2	B2	3609
1	3	B2	3609
1	1	B2	3610
1	2	B2	3610
1	3	B2	3610
1	1	B2	3611
1	2	B2	3611
1	3	B2	3611
1	1	B2	3612
1	2	B2	3612
1	3	B2	3612
1	1	B2	3613
1	2	B2	3613
1	3	B2	3613
1	1	B2	3614
1	2	B2	3614
1	3	B2	3614
1	1	B2	3615
1	2	B2	3615
1	3	B2	3615
1	1	B2	3616
1	2	B2	3616
1	3	B2	3616
1	1	B2	3617
1	2	B2	3617
1	3	B2	3617
1	1	B2	3618
1	2	B2	3618
1	3	B2	3618
1	1	B2	3619
1	2	B2	3619
1	3	B2	3619
1	1	B2	3620
1	2	B2	3620
1	3	B2	3620
1	1	B2	3621
1	2	B2	3621
1	3	B2	3621
1	1	B2	3622
1	2	B2	3622
1	3	B2	3622
1	1	B2	3623
1	2	B2	3623
1	3	B2	3623
1	1	B2	3624
1	2	B2	3624
1	3	B2	3624
1	1	B2	3625
1	2	B2	3625
1	3	B2	3625
1	1	B2	3626
1	2	B2	3626
1	3	B2	3626
1	1	B2	3627
1	2	B2	3627
1	3	B2	3627
1	1	B2	3628
1	2	B2	3628
1	3	B2	3628
1	1	B2	3629
1	2	B2	3629
1	3	B2	3629
1	1	B2	3630
1	2	B2	3630
1	3	B2	3630
1	1	B2	3631
1	2	B2	3631
1	3	B2	3631
1	1	B2	3632
1	2	B2	3632
1	3	B2	3632
1	1	B2	3633
1	2	B2	3633
1	3	B2	3633
1	1	B2	3634
1	2	B2	3634
1	3	B2	3634
1	1	B2	3635
1	2	B2	3635
1	3	B2	3635
1	1	B2	3636
1	2	B2	3636
1	3	B2	3636
1	1	B2	3637
1	2	B2	3637
1	3	B2	3637
1	1	B2	3638
1	2	B2	3638
1	3	B2	3638
1	1	B2	3639
1	2	B2	3639
1	3	B2	3639
1	1	B2	3640
1	2	B2	3640
1	3	B2	3640
1	1	B2	3641
1	2	B2	3641
1	3	B2	3641
1	1	B2	3642
1	2	B2	3642
1	3	B2	3642
1	1	B2	3643
1	2	B2	3643
1	3	B2	3643
1	1	B2	3644
1	2	B2	3644
1	3	B2	3644
1	1	B2	3645
1	2	B2	3645
1	3	B2	3645
1	1	B2	3646
1	2	B2	3646
1	3	B2	3646
1	1	B2	3647
1	2	B2	3647
1	3	B2	3647
1	1	B2	3648
1	2	B2	3648
1	3	B2	3648
1	1	B2	3649
1	2	B2	3649
1	3	B2	3649
1	1	B2	3650
1	2	B2	3650
1	3	B2	3650
1	1	B2	3651
1	2	B2	3651
1	3	B2	3651
1	1	B2	3652
1	2	B2	3652
1	3	B2	3652
1	1	B2	3653
1	2	B2	3653
1	3	B2	3653
1	1	B2	3654
1	2	B2	3654
1	3	B2	3654
1	1	B2	3655
1	2	B2	3655
1	3	B2	3655
1	1	B2	3656
1	2	B2	3656
1	3	B2	3656
1	1	B2	3657
1	2	B2	3657
1	3	B2	3657
1	1	B2	3658
1	2	B2	3658
1	3	B2	3658
1	1	B2	3659
1	2	B2	3659
1	3	B2	3659
1	1	B2	3660
1	2	B2	3660
1	3	B2	3660
1	1	B2	3661
1	2	B2	3661
1	3	B2	3661
1	1	B2	3662
1	2	B2	3662
1	3	B2	3662
1	1	B2	3663
1	2	B2	3663
1	3	B2	3663
1	1	B2	3664
1	2	B2	3664
1	3	B2	3664
1	1	B2	3665
1	2	B2	3665
1	3	B2	3665
1	1	B2	3666
1	2	B2	3666
1	3	B2	3666
1	1	B2	3667
1	2	B2	3667
1	3	B2	3667
1	1	B2	3668
1	2	B2	3668
1	3	B2	3668
1	1	B2	3669
1	2	B2	3669
1	3	B2	3669
1	1	B2	3670
1	2	B2	3670
1	3	B2	3670
1	1	B2	3671
1	2	B2	3671
1	3	B2	3671
1	1	B2	3672
1	2	B2	3672
1	3	B2	3672
1	1	B2	3673
1	2	B2	3673
1	3	B2	3673
1	1	B2	3674
1	2	B2	3674
1	3	B2	3674
1	1	B2	3675
1	2	B2	3675
1	3	B2	3675
1	1	B2	3676
1	2	B2	3676
1	3	B2	3676
1	1	B2	3677
1	2	B2	3677
1	3	B2	3677
1	1	B2	3678
1	2	B2	3678
1	3	B2	3678
1	1	B2	3679
1	2	B2	3679
1	3	B2	3679
1	1	B2	3680
1	2	B2	3680
1	3	B2	3680
1	1	B2	3681
1	2	B2	3681
1	3	B2	3681
1	1	B2	3682
1	2	B2	3682
1	3	B2	3682
1	1	B2	3683
1	2	B2	3683
1	3	B2	3683
1	1	B2	3684
1	2	B2	3684
1	3	B2	3684
1	1	B2	3685
1	2	B2	3685
1	3	B2	3685
1	1	B2	3686
1	2	B2	3686
1	3	B2	3686
1	1	B2	3687
1	2	B2	3687
1	3	B2	3687
1	1	B2	3688
1	2	B2	3688
1	3	B2	3688
1	1	B2	3689
1	2	B2	3689
1	3	B2	3689
1	1	B2	3690
1	2	B2	3690
1	3	B2	3690
1	1	B2	3691
1	2	B2	3691
1	3	B2	3691
1	1	B2	3692
1	2	B2	3692
1	3	B2	3692
1	1	B2	3693
1	2	B2	3693
1	3	B2	3693
1	1	B2	3694
1	2	B2	3694
1	3	B2	3694
1	1	B2	3695
1	2	B2	3695
1	3	B2	3695
1	1	B2	3696
1	2	B2	3696
1	3	B2	3696
1	1	B2	3697
1	2	B2	3697
1	3	B2	3697
1	1	B2	3698
1	2	B2	3698
1	3	B2	3698
1	1	B2	3699
1	2	B2	3699
1	3	B2	3699
1	1	B2	3700
1	2	B2	3700
1	3	B2	3700
1	1	B2	3701
1	2	B2	3701
1	3	B2	3701
1	1	B2	3702
1	2	B2	3702
1	3	B2	3702
1	1	B2	3703
1	2	B2	3703
1	3	B2	3703
1	1	B2	3704
1	2	B2	3704
1	3	B2	3704
1	1	B2	3705
1	2	B2	3705
1	3	B2	3705
1	1	B2	3706
1	2	B2	3706
1	3	B2	3706
1	1	B2	3707
1	2	B2	3707
1	3	B2	3707
1	1	B2	3708
1	2	B2	3708
1	3	B2	3708
1	1	B2	3709
1	2	B2	3709
1	3	B2	3709
1	1	B2	3710
1	2	B2	3710
1	3	B2	3710
1	1	B2	3711
1	2	B2	3711
1	3	B2	3711
1	1	B2	3712
1	2	B2	3712
1	3	B2	3712
1	1	B2	3713
1	2	B2	3713
1	3	B2	3713
1	1	B2	3714
1	2	B2	3714
1	3	B2	3714
1	1	B2	3715
1	2	B2	3715
1	3	B2	3715
1	1	B2	3716
1	2	B2	3716
1	3	B2	3716
1	1	B2	3717
1	2	B2	3717
1	3	B2	3717
1	1	B2	3718
1	2	B2	3718
1	3	B2	3718
1	1	B2	3719
1	2	B2	3719
1	3	B2	3719
1	1	B2	3720
1	2	B2	3720
1	3	B2	3720
1	1	B2	3721
1	2	B2	3721
1	3	B2	3721
1	1	B2	3722
1	2	B2	3722
1	3	B2	3722
1	1	B2	3723
1	2	B2	3723
1	3	B2	3723
1	1	B2	3724
1	2	B2	3724
1	3	B2	3724
1	1	B2	3725
1	2	B2	3725
1	3	B2	3725
1	1	B2	3726
1	2	B2	3726
1	3	B2	3726
1	1	B2	3727
1	2	B2	3727
1	3	B2	3727
1	1	B2	3728
1	2	B2	3728
1	3	B2	3728
1	1	B2	3729
1	2	B2	3729
1	3	B2	3729
1	1	B2	3730
1	2	B2	3730
1	3	B2	3730
1	1	B2	3731
1	2	B2	3731
1	3	B2	3731
1	1	B2	3732
1	2	B2	3732
1	3	B2	3732
1	1	B2	3733
1	2	B2	3733
1	3	B2	3733
1	1	B2	3734
1	2	B2	3734
1	3	B2	3734
1	1	B2	3735
1	2	B2	3735
1	3	B2	3735
1	1	B2	3736
1	2	B2	3736
1	3	B2	3736
1	1	B2	3737
1	2	B2	3737
1	3	B2	3737
1	1	B2	3738
1	2	B2	3738
1	3	B2	3738
1	1	B2	3739
1	2	B2	3739
1	3	B2	3739
1	1	B2	3740
1	2	B2	3740
1	3	B2	3740
1	1	B2	3741
1	2	B2	3741
1	3	B2	3741
1	1	B2	3742
1	2	B2	3742
1	3	B2	3742
1	1	B2	3743
1	2	B2	3743
1	3	B2	3743
1	1	B2	3744
1	2	B2	3744
1	3	B2	3744
1	1	B2	3745
1	2	B2	3745
1	3	B2	3745
1	1	B2	3746
1	2	B2	3746
1	3	B2	3746
1	1	B2	3747
1	2	B2	3747
1	3	B2	3747
1	1	B2	3748
1	2	B2	3748
1	3	B2	3748
1	1	B2	3749
1	2	B2	3749
1	3	B2	3749
1	1	B2	3750
1	2	B2	3750
1	3	B2	3750
1	1	B2	3751
1	2	B2	3751
1	3	B2	3751
1	1	B2	3752
1	2	B2	3752
1	3	B2	3752
1	1	B2	3753
1	2	B2	3753
1	3	B2	3753
1	1	B2	3754
1	2	B2	3754
1	3	B2	3754
1	1	B2	3755
1	2	B2	3755
1	3	B2	3755
1	1	B2	3756
1	2	B2	3756
1	3	B2	3756
1	1	B2	3757
1	2	B2	3757
1	3	B2	3757
1	1	B2	3758
1	2	B2	3758
1	3	B2	3758
1	1	B2	3759
1	2	B2	3759
1	3	B2	3759
1	1	B2	3760
1	2	B2	3760
1	3	B2	3760
1	1	B2	3761
1	2	B2	3761
1	3	B2	3761
1	1	B2	3762
1	2	B2	3762
1	3	B2	3762
1	1	B2	3763
1	2	B2	3763
1	3	B2	3763
1	1	B2	3764
1	2	B2	3764
1	3	B2	3764
1	1	B2	3765
1	2	B2	3765
1	3	B2	3765
1	1	B2	3766
1	2	B2	3766
1	3	B2	3766
1	1	B2	3767
1	2	B2	3767
1	3	B2	3767
1	1	B2	3768
1	2	B2	3768
1	3	B2	3768
1	1	B2	3769
1	2	B2	3769
1	3	B2	3769
1	1	B2	3770
1	2	B2	3770
1	3	B2	3770
1	1	B2	3771
1	2	B2	3771
1	3	B2	3771
1	1	B2	3772
1	2	B2	3772
1	3	B2	3772
1	1	B2	3773
1	2	B2	3773
1	3	B2	3773
1	1	B2	3774
1	2	B2	3774
1	3	B2	3774
1	1	B2	3775
1	2	B2	3775
1	3	B2	3775
1	1	B2	3776
1	2	B2	3776
1	3	B2	3776
1	1	B2	3777
1	2	B2	3777
1	3	B2	3777
1	1	B2	3778
1	2	B2	3778
1	3	B2	3778
1	1	B2	3779
1	2	B2	3779
1	3	B2	3779
1	1	B2	3780
1	2	B2	3780
1	3	B2	3780
1	1	B2	3781
1	2	B2	3781
1	3	B2	3781
1	1	B2	3782
1	2	B2	3782
1	3	B2	3782
1	1	B2	3783
1	2	B2	3783
1	3	B2	3783
1	1	B2	3784
1	2	B2	3784
1	3	B2	3784
1	1	B2	3785
1	2	B2	3785
1	3	B2	3785
1	1	B2	3786
1	2	B2	3786
1	3	B2	3786
1	1	B2	3787
1	2	B2	3787
1	3	B2	3787
1	1	B2	3788
1	2	B2	3788
1	3	B2	3788
1	1	B2	3789
1	2	B2	3789
1	3	B2	3789
1	1	B2	3790
1	2	B2	3790
1	3	B2	3790
1	1	B2	3791
1	2	B2	3791
1	3	B2	3791
1	1	B2	3792
1	2	B2	3792
1	3	B2	3792
1	1	B2	3793
1	2	B2	3793
1	3	B2	3793
1	1	B2	3794
1	2	B2	3794
1	3	B2	3794
1	1	B2	3795
1	2	B2	3795
1	3	B2	3795
1	1	B2	3796
1	2	B2	3796
1	3	B2	3796
1	1	B2	3797
1	2	B2	3797
1	3	B2	3797
1	1	B2	3798
1	2	B2	3798
1	3	B2	3798
1	1	B2	3799
1	2	B2	3799
1	3	B2	3799
1	1	B2	3800
1	2	B2	3800
1	3	B2	3800
1	1	B2	3801
1	2	B2	3801
1	3	B2	3801
1	1	B2	3802
1	2	B2	3802
1	3	B2	3802
1	1	B2	3803
1	2	B2	3803
1	3	B2	3803
1	1	B2	3804
1	2	B2	3804
1	3	B2	3804
1	1	B2	3805
1	2	B2	3805
1	3	B2	3805
1	1	B2	3806
1	2	B2	3806
1	3	B2	3806
1	1	B2	3807
1	2	B2	3807
1	3	B2	3807
1	1	B2	3808
1	2	B2	3808
1	3	B2	3808
1	1	B2	3809
1	2	B2	3809
1	3	B2	3809
1	1	B2	3810
1	2	B2	3810
1	3	B2	3810
1	1	B2	3811
1	2	B2	3811
1	3	B2	3811
1	1	B2	3812
1	2	B2	3812
1	3	B2	3812
1	1	B2	3813
1	2	B2	3813
1	3	B2	3813
1	1	B2	3814
1	2	B2	3814
1	3	B2	3814
1	1	B2	3815
1	2	B2	3815
1	3	B2	3815
1	1	B2	3816
1	2	B2	3816
1	3	B2	3816
1	1	B2	3817
1	2	B2	3817
1	3	B2	3817
1	1	B2	3818
1	2	B2	3818
1	3	B2	3818
1	1	B2	3819
1	2	B2	3819
1	3	B2	3819
1	1	B2	3820
1	2	B2	3820
1	3	B2	3820
1	1	B2	3821
1	2	B2	3821
1	3	B2	3821
1	1	B2	3822
1	2	B2	3822
1	3	B2	3822
1	1	B2	3823
1	2	B2	3823
1	3	B2	3823
1	1	B2	3824
1	2	B2	3824
1	3	B2	3824
1	1	B2	3825
1	2	B2	3825
1	3	B2	3825
1	1	B2	3826
1	2	B2	3826
1	3	B2	3826
1	1	B2	3827
1	2	B2	3827
1	3	B2	3827
1	1	B2	3828
1	2	B2	3828
1	3	B2	3828
1	1	B2	3829
1	2	B2	3829
1	3	B2	3829
1	1	B2	3830
1	2	B2	3830
1	3	B2	3830
1	1	B2	3831
1	2	B2	3831
1	3	B2	3831
1	1	B2	3832
1	2	B2	3832
1	3	B2	3832
1	1	B2	3833
1	2	B2	3833
1	3	B2	3833
1	1	B2	3834
1	2	B2	3834
1	3	B2	3834
1	1	B2	3835
1	2	B2	3835
1	3	B2	3835
1	1	B2	3836
1	2	B2	3836
1	3	B2	3836
1	1	B2	3837
1	2	B2	3837
1	3	B2	3837
1	1	B2	3838
1	2	B2	3838
1	3	B2	3838
1	1	B2	3839
1	2	B2	3839
1	3	B2	3839
1	1	B2	3840
1	2	B2	3840
1	3	B2	3840
1	1	B2	3841
1	2	B2	3841
1	3	B2	3841
1	1	B2	3842
1	2	B2	3842
1	3	B2	3842
1	1	B2	3843
1	2	B2	3843
1	3	B2	3843
1	1	B2	3844
1	2	B2	3844
1	3	B2	3844
1	1	B2	3845
1	2	B2	3845
1	3	B2	3845
1	1	B2	3846
1	2	B2	3846
1	3	B2	3846
1	1	B2	3847
1	2	B2	3847
1	3	B2	3847
1	1	B2	3848
1	2	B2	3848
1	3	B2	3848
1	1	B2	3849
1	2	B2	3849
1	3	B2	3849
1	1	B2	3850
1	2	B2	3850
1	3	B2	3850
1	1	B2	3851
1	2	B2	3851
1	3	B2	3851
1	1	B2	3852
1	2	B2	3852
1	3	B2	3852
1	1	B2	3853
1	2	B2	3853
1	3	B2	3853
1	1	B2	3854
1	2	B2	3854
1	3	B2	3854
1	1	B2	3855
1	2	B2	3855
1	3	B2	3855
1	1	B2	3856
1	2	B2	3856
1	3	B2	3856
1	1	B2	3857
1	2	B2	3857
1	3	B2	3857
1	1	B2	3858
1	2	B2	3858
1	3	B2	3858
1	1	B2	3859
1	2	B2	3859
1	3	B2	3859
1	1	B2	3860
1	2	B2	3860
1	3	B2	3860
1	1	B2	3861
1	2	B2	3861
1	3	B2	3861
1	1	B2	3862
1	2	B2	3862
1	3	B2	3862
1	1	B2	3863
1	2	B2	3863
1	3	B2	3863
1	1	B2	3864
1	2	B2	3864
1	3	B2	3864
1	1	B2	3865
1	2	B2	3865
1	3	B2	3865
1	1	B2	3866
1	2	B2	3866
1	3	B2	3866
1	1	B2	3867
1	2	B2	3867
1	3	B2	3867
1	1	B2	3868
1	2	B2	3868
1	3	B2	3868
1	1	B2	3869
1	2	B2	3869
1	3	B2	3869
1	1	B2	3870
1	2	B2	3870
1	3	B2	3870
1	1	B2	3871
1	2	B2	3871
1	3	B2	3871
1	1	B2	3872
1	2	B2	3872
1	3	B2	3872
1	1	B2	3873
1	2	B2	3873
1	3	B2	3873
1	1	B2	3874
1	2	B2	3874
1	3	B2	3874
1	1	B2	3875
1	2	B2	3875
1	3	B2	3875
1	1	B2	3876
1	2	B2	3876
1	3	B2	3876
1	1	B2	3877
1	2	B2	3877
1	3	B2	3877
1	1	B2	3878
1	2	B2	3878
1	3	B2	3878
1	1	B2	3879
1	2	B2	3879
1	3	B2	3879
1	1	B2	3880
1	2	B2	3880
1	3	B2	3880
1	1	B2	3881
1	2	B2	3881
1	3	B2	3881
1	1	B2	3882
1	2	B2	3882
1	3	B2	3882
1	1	B2	3883
1	2	B2	3883
1	3	B2	3883
1	1	B2	3884
1	2	B2	3884
1	3	B2	3884
1	1	B2	3885
1	2	B2	3885
1	3	B2	3885
1	1	B2	3886
1	2	B2	3886
1	3	B2	3886
1	1	B2	3887
1	2	B2	3887
1	3	B2	3887
1	1	B2	3888
1	2	B2	3888
1	3	B2	3888
1	1	B2	3889
1	2	B2	3889
1	3	B2	3889
1	1	B2	3890
1	2	B2	3890
1	3	B2	3890
1	1	B2	3891
1	2	B2	3891
1	3	B2	3891
1	1	B2	3892
1	2	B2	3892
1	3	B2	3892
1	1	B2	3893
1	2	B2	3893
1	3	B2	3893
1	1	B2	3894
1	2	B2	3894
1	3	B2	3894
1	1	B2	3895
1	2	B2	3895
1	3	B2	3895
1	1	B2	3896
1	2	B2	3896
1	3	B2	3896
1	1	B2	3897
1	2	B2	3897
1	3	B2	3897
1	1	B2	3898
1	2	B2	3898
1	3	B2	3898
1	1	B2	3899
1	2	B2	3899
1	3	B2	3899
1	1	B2	3900
1	2	B2	3900
1	3	B2	3900
1	1	B2	3901
1	2	B2	3901
1	3	B2	3901
1	1	B2	3902
1	2	B2	3902
1	3	B2	3902
1	1	B2	3903
1	2	B2	3903
1	3	B2	3903
1	1	B2	3904
1	2	B2	3904
1	3	B2	3904
1	1	B2	3905
1	2	B2	3905
1	3	B2	3905
1	1	B2	3906
1	2	B2	3906
1	3	B2	3906
1	1	B2	3907
1	2	B2	3907
1	3	B2	3907
1	1	B2	3908
1	2	B2	3908
1	3	B2	3908
1	1	B2	3909
1	2	B2	3909
1	3	B2	3909
1	1	B2	3910
1	2	B2	3910
1	3	B2	3910
1	1	B2	3911
1	2	B2	3911
1	3	B2	3911
1	1	B2	3912
1	2	B2	3912
1	3	B2	3912
1	1	B2	3913
1	2	B2	3913
1	3	B2	3913
1	1	B2	3914
1	2	B2	3914
1	3	B2	3914
1	1	B2	3915
1	2	B2	3915
1	3	B2	3915
1	1	B2	3916
1	2	B2	3916
1	3	B2	3916
1	1	B2	3917
1	2	B2	3917
1	3	B2	3917
1	1	B2	3918
1	2	B2	3918
1	3	B2	3918
1	1	B2	3919
1	2	B2	3919
1	3	B2	3919
1	1	B2	3920
1	2	B2	3920
1	3	B2	3920
1	1	B2	3921
1	2	B2	3921
1	3	B2	3921
1	1	B2	3922
1	2	B2	3922
1	3	B2	3922
1	1	B2	3923
1	2	B2	3923
1	3	B2	3923
1	1	B2	3924
1	2	B2	3924
1	3	B2	3924
1	1	B2	3925
1	2	B2	3925
1	3	B2	3925
1	1	B2	3926
1	2	B2	3926
1	3	B2	3926
1	1	B2	3927
1	2	B2	3927
1	3	B2	3927
1	1	B2	3928
1	2	B2	3928
1	3	B2	3928
1	1	B2	3929
1	2	B2	3929
1	3	B2	3929
1	1	B2	3930
1	2	B2	3930
1	3	B2	3930
1	1	B2	3931
1	2	B2	3931
1	3	B2	3931
1	1	B2	3932
1	2	B2	3932
1	3	B2	3932
1	1	B2	3933
1	2	B2	3933
1	3	B2	3933
1	1	B2	3934
1	2	B2	3934
1	3	B2	3934
1	1	B2	3935
1	2	B2	3935
1	3	B2	3935
1	1	B2	3936
1	2	B2	3936
1	3	B2	3936
1	1	B2	3937
1	2	B2	3937
1	3	B2	3937
1	1	B2	3938
1	2	B2	3938
1	3	B2	3938
1	1	B2	3939
1	2	B2	3939
1	3	B2	3939
1	1	B2	3940
1	2	B2	3940
1	3	B2	3940
1	1	B2	3941
1	2	B2	3941
1	3	B2	3941
1	1	B2	3942
1	2	B2	3942
1	3	B2	3942
1	1	B2	3943
1	2	B2	3943
1	3	B2	3943
1	1	B2	3944
1	2	B2	3944
1	3	B2	3944
1	1	B2	3945
1	2	B2	3945
1	3	B2	3945
1	1	B2	3946
1	2	B2	3946
1	3	B2	3946
1	1	B2	3947
1	2	B2	3947
1	3	B2	3947
1	1	B2	3948
1	2	B2	3948
1	3	B2	3948
1	1	B2	3949
1	2	B2	3949
1	3	B2	3949
1	1	B2	3950
1	2	B2	3950
1	3	B2	3950
1	1	B2	3951
1	2	B2	3951
1	3	B2	3951
1	1	B2	3952
1	2	B2	3952
1	3	B2	3952
1	1	B2	3953
1	2	B2	3953
1	3	B2	3953
1	1	B2	3954
1	2	B2	3954
1	3	B2	3954
1	1	B2	3955
1	2	B2	3955
1	3	B2	3955
1	1	B2	3956
1	2	B2	3956
1	3	B2	3956
1	1	B2	3957
1	2	B2	3957
1	3	B2	3957
1	1	B2	3958
1	2	B2	3958
1	3	B2	3958
1	1	B2	3959
1	2	B2	3959
1	3	B2	3959
1	1	B2	3960
1	2	B2	3960
1	3	B2	3960
1	1	B2	3961
1	2	B2	3961
1	3	B2	3961
1	1	B2	3962
1	2	B2	3962
1	3	B2	3962
1	1	B2	3963
1	2	B2	3963
1	3	B2	3963
1	1	B2	3964
1	2	B2	3964
1	3	B2	3964
1	1	B2	3965
1	2	B2	3965
1	3	B2	3965
1	1	B2	3966
1	2	B2	3966
1	3	B2	3966
1	1	B2	3967
1	2	B2	3967
1	3	B2	3967
1	1	B2	3968
1	2	B2	3968
1	3	B2	3968
1	1	B2	3969
1	2	B2	3969
1	3	B2	3969
1	1	B2	3970
1	2	B2	3970
1	3	B2	3970
1	1	B2	3971
1	2	B2	3971
1	3	B2	3971
1	1	B2	3972
1	2	B2	3972
1	3	B2	3972
1	1	B2	3973
1	2	B2	3973
1	3	B2	3973
1	1	B2	3974
1	2	B2	3974
1	3	B2	3974
1	1	B2	3975
1	2	B2	3975
1	3	B2	3975
1	1	B2	3976
1	2	B2	3976
1	3	B2	3976
1	1	B2	3977
1	2	B2	3977
1	3	B2	3977
1	1	B2	3978
1	2	B2	3978
1	3	B2	3978
1	1	B2	3979
1	2	B2	3979
1	3	B2	3979
1	1	B2	3980
1	2	B2	3980
1	3	B2	3980
1	1	B2	3981
1	2	B2	3981
1	3	B2	3981
1	1	B2	3982
1	2	B2	3982
1	3	B2	3982
1	1	B2	3983
1	2	B2	3983
1	3	B2	3983
1	1	B2	3984
1	2	B2	3984
1	3	B2	3984
1	1	B2	3985
1	2	B2	3985
1	3	B2	3985
1	1	B2	3986
1	2	B2	3986
1	3	B2	3986
1	1	B2	3987
1	2	B2	3987
1	3	B2	3987
1	1	B2	3988
1	2	B2	3988
1	3	B2	3988
1	1	B2	3989
1	2	B2	3989
1	3	B2	3989
1	1	B2	3990
1	2	B2	3990
1	3	B2	3990
1	1	B2	3991
1	2	B2	3991
1	3	B2	3991
1	1	B2	3992
1	2	B2	3992
1	3	B2	3992
1	1	B2	3993
1	2	B2	3993
1	3	B2	3993
1	1	B2	3994
1	2	B2	3994
1	3	B2	3994
1	1	B2	3995
1	2	B2	3995
1	3	B2	3995
1	1	B2	3996
1	2	B2	3996
1	3	B2	3996
1	1	B2	3997
1	2	B2	3997
1	3	B2	3997
1	1	B2	3998
1	2	B2	3998
1	3	B2	3998
1	1	B2	3999
1	2	B2	3999
1	3	B2	3999
1	1	B2	4000
1	2	B2	4000
1	3	B2	4000
1	1	B2	4001
1	2	B2	4001
1	3	B2	4001
1	1	B2	4002
1	2	B2	4002
1	3	B2	4002
1	1	B2	4003
1	2	B2	4003
1	3	B2	4003
1	1	B2	4004
1	2	B2	4004
1	3	B2	4004
1	1	B2	4005
1	2	B2	4005
1	3	B2	4005
1	1	B2	4006
1	2	B2	4006
1	3	B2	4006
1	1	B2	4007
1	2	B2	4007
1	3	B2	4007
1	1	B2	4008
1	2	B2	4008
1	3	B2	4008
1	1	B2	4009
1	2	B2	4009
1	3	B2	4009
1	1	B2	4010
1	2	B2	4010
1	3	B2	4010
1	1	B2	4011
1	2	B2	4011
1	3	B2	4011
1	1	B2	4012
1	2	B2	4012
1	3	B2	4012
1	1	B2	4013
1	2	B2	4013
1	3	B2	4013
1	1	B2	4014
1	2	B2	4014
1	3	B2	4014
1	1	B2	4015
1	2	B2	4015
1	3	B2	4015
1	1	B2	4016
1	2	B2	4016
1	3	B2	4016
1	1	B2	4017
1	2	B2	4017
1	3	B2	4017
1	1	B2	4018
1	2	B2	4018
1	3	B2	4018
1	1	B2	4019
1	2	B2	4019
1	3	B2	4019
1	1	B2	4020
1	2	B2	4020
1	3	B2	4020
1	1	B2	4021
1	2	B2	4021
1	3	B2	4021
1	1	B2	4022
1	2	B2	4022
1	3	B2	4022
1	1	B2	4023
1	2	B2	4023
1	3	B2	4023
1	1	B2	4024
1	2	B2	4024
1	3	B2	4024
1	1	B2	4025
1	2	B2	4025
1	3	B2	4025
1	1	B2	4026
1	2	B2	4026
1	3	B2	4026
1	1	B2	4027
1	2	B2	4027
1	3	B2	4027
1	1	B2	4028
1	2	B2	4028
1	3	B2	4028
1	1	B2	4029
1	2	B2	4029
1	3	B2	4029
1	1	B2	4030
1	2	B2	4030
1	3	B2	4030
1	1	B2	4031
1	2	B2	4031
1	3	B2	4031
1	1	B2	4032
1	2	B2	4032
1	3	B2	4032
1	1	B2	4033
1	2	B2	4033
1	3	B2	4033
1	1	B2	4034
1	2	B2	4034
1	3	B2	4034
1	1	B2	4035
1	2	B2	4035
1	3	B2	4035
1	1	B2	4036
1	2	B2	4036
1	3	B2	4036
1	1	B2	4037
1	2	B2	4037
1	3	B2	4037
1	1	B2	4038
1	2	B2	4038
1	3	B2	4038
1	1	B2	4039
1	2	B2	4039
1	3	B2	4039
1	1	B2	4040
1	2	B2	4040
1	3	B2	4040
1	1	B2	4041
1	2	B2	4041
1	3	B2	4041
1	1	B2	4042
1	2	B2	4042
1	3	B2	4042
1	1	B2	4043
1	2	B2	4043
1	3	B2	4043
1	1	B2	4044
1	2	B2	4044
1	3	B2	4044
1	1	B2	4045
1	2	B2	4045
1	3	B2	4045
1	1	B2	4046
1	2	B2	4046
1	3	B2	4046
1	1	B2	4047
1	2	B2	4047
1	3	B2	4047
1	1	B2	4048
1	2	B2	4048
1	3	B2	4048
1	1	B2	4049
1	2	B2	4049
1	3	B2	4049
1	1	B2	4050
1	2	B2	4050
1	3	B2	4050
1	1	B2	4051
1	2	B2	4051
1	3	B2	4051
1	1	B2	4052
1	2	B2	4052
1	3	B2	4052
1	1	B2	4053
1	2	B2	4053
1	3	B2	4053
1	1	B2	4054
1	2	B2	4054
1	3	B2	4054
1	1	B2	4055
1	2	B2	4055
1	3	B2	4055
1	1	B2	4056
1	2	B2	4056
1	3	B2	4056
1	1	B2	4057
1	2	B2	4057
1	3	B2	4057
1	1	B2	4058
1	2	B2	4058
1	3	B2	4058
1	1	B2	4059
1	2	B2	4059
1	3	B2	4059
1	1	B2	4060
1	2	B2	4060
1	3	B2	4060
1	1	B2	4061
1	2	B2	4061
1	3	B2	4061
1	1	B2	4062
1	2	B2	4062
1	3	B2	4062
1	1	B2	4063
1	2	B2	4063
1	3	B2	4063
1	1	B2	4064
1	2	B2	4064
1	3	B2	4064
1	1	B2	4065
1	2	B2	4065
1	3	B2	4065
1	1	B2	4066
1	2	B2	4066
1	3	B2	4066
1	1	B2	4067
1	2	B2	4067
1	3	B2	4067
1	1	B2	4068
1	2	B2	4068
1	3	B2	4068
1	1	B2	4069
1	2	B2	4069
1	3	B2	4069
1	1	B2	4070
1	2	B2	4070
1	3	B2	4070
1	1	B2	4071
1	2	B2	4071
1	3	B2	4071
1	1	B2	4072
1	2	B2	4072
1	3	B2	4072
1	1	B2	4073
1	2	B2	4073
1	3	B2	4073
1	1	B2	4074
1	2	B2	4074
1	3	B2	4074
1	1	B2	4075
1	2	B2	4075
1	3	B2	4075
1	1	B2	4076
1	2	B2	4076
1	3	B2	4076
1	1	B2	4077
1	2	B2	4077
1	3	B2	4077
1	1	B2	4078
1	2	B2	4078
1	3	B2	4078
1	1	B2	4079
1	2	B2	4079
1	3	B2	4079
1	1	B2	4080
1	2	B2	4080
1	3	B2	4080
1	1	B2	4081
1	2	B2	4081
1	3	B2	4081
1	1	B2	4082
1	2	B2	4082
1	3	B2	4082
1	1	B2	4083
1	2	B2	4083
1	3	B2	4083
1	1	B2	4084
1	2	B2	4084
1	3	B2	4084
1	1	B2	4085
1	2	B2	4085
1	3	B2	4085
1	1	B2	4086
1	2	B2	4086
1	3	B2	4086
1	1	B2	4087
1	2	B2	4087
1	3	B2	4087
1	1	B2	4088
1	2	B2	4088
1	3	B2	4088
1	1	B2	4089
1	2	B2	4089
1	3	B2	4089
1	1	B2	4090
1	2	B2	4090
1	3	B2	4090
1	1	B2	4091
1	2	B2	4091
1	3	B2	4091
1	1	B2	4092
1	2	B2	4092
1	3	B2	4092
1	1	B2	4093
1	2	B2	4093
1	3	B2	4093
1	1	B2	4094
1	2	B2	4094
1	3	B2	4094
1	1	B2	4095
1	2	B2	4095
1	3	B2	4095
1	1	B2	4096
1	2	B2	4096
1	3	B2	4096
1	1	B2	4097
1	2	B2	4097
1	3	B2	4097
1	1	B2	4098
1	2	B2	4098
1	3	B2	4098
1	1	B2	4099
1	2	B2	4099
1	3	B2	4099
1	1	B2	4100
1	2	B2	4100
1	3	B2	4100
1	1	B2	4101
1	2	B2	4101
1	3	B2	4101
1	1	B2	4102
1	2	B2	4102
1	3	B2	4102
1	1	B2	4103
1	2	B2	4103
1	3	B2	4103
1	1	B2	4104
1	2	B2	4104
1	3	B2	4104
1	1	B2	4105
1	2	B2	4105
1	3	B2	4105
1	1	B2	4106
1	2	B2	4106
1	3	B2	4106
1	1	B2	4107
1	2	B2	4107
1	3	B2	4107
1	1	B2	4108
1	2	B2	4108
1	3	B2	4108
1	1	B2	4109
1	2	B2	4109
1	3	B2	4109
1	1	B2	4110
1	2	B2	4110
1	3	B2	4110
1	1	B2	4111
1	2	B2	4111
1	3	B2	4111
1	1	B2	4112
1	2	B2	4112
1	3	B2	4112
1	1	B2	4113
1	2	B2	4113
1	3	B2	4113
1	1	B2	4114
1	2	B2	4114
1	3	B2	4114
1	1	B2	4115
1	2	B2	4115
1	3	B2	4115
1	1	B2	4116
1	2	B2	4116
1	3	B2	4116
1	1	B2	4117
1	2	B2	4117
1	3	B2	4117
1	1	B2	4118
1	2	B2	4118
1	3	B2	4118
1	1	B2	4119
1	2	B2	4119
1	3	B2	4119
1	1	B2	4120
1	2	B2	4120
1	3	B2	4120
1	1	B2	4121
1	2	B2	4121
1	3	B2	4121
1	1	B2	4122
1	2	B2	4122
1	3	B2	4122
1	1	B2	4123
1	2	B2	4123
1	3	B2	4123
1	1	B2	4124
1	2	B2	4124
1	3	B2	4124
1	1	B2	4125
1	2	B2	4125
1	3	B2	4125
1	1	B2	4126
1	2	B2	4126
1	3	B2	4126
1	1	B2	4127
1	2	B2	4127
1	3	B2	4127
1	1	B2	4128
1	2	B2	4128
1	3	B2	4128
1	1	B2	4129
1	2	B2	4129
1	3	B2	4129
1	1	B2	4130
1	2	B2	4130
1	3	B2	4130
1	1	B2	4131
1	2	B2	4131
1	3	B2	4131
1	1	B2	4132
1	2	B2	4132
1	3	B2	4132
1	1	B2	4133
1	2	B2	4133
1	3	B2	4133
1	1	B2	4134
1	2	B2	4134
1	3	B2	4134
1	1	B2	4135
1	2	B2	4135
1	3	B2	4135
1	1	B2	4136
1	2	B2	4136
1	3	B2	4136
1	1	B2	4137
1	2	B2	4137
1	3	B2	4137
1	1	B2	4138
1	2	B2	4138
1	3	B2	4138
1	1	B2	4139
1	2	B2	4139
1	3	B2	4139
1	1	B2	4140
1	2	B2	4140
1	3	B2	4140
1	1	B2	4141
1	2	B2	4141
1	3	B2	4141
1	1	B2	4142
1	2	B2	4142
1	3	B2	4142
1	1	B2	4143
1	2	B2	4143
1	3	B2	4143
1	1	B2	4144
1	2	B2	4144
1	3	B2	4144
1	1	B2	4145
1	2	B2	4145
1	3	B2	4145
1	1	B2	4146
1	2	B2	4146
1	3	B2	4146
1	1	B2	4147
1	2	B2	4147
1	3	B2	4147
1	1	B2	4148
1	2	B2	4148
1	3	B2	4148
1	1	B2	4149
1	2	B2	4149
1	3	B2	4149
1	1	B2	4150
1	2	B2	4150
1	3	B2	4150
1	1	B2	4151
1	2	B2	4151
1	3	B2	4151
1	1	B2	4152
1	2	B2	4152
1	3	B2	4152
1	1	B2	4153
1	2	B2	4153
1	3	B2	4153
1	1	B2	4154
1	2	B2	4154
1	3	B2	4154
1	1	B2	4155
1	2	B2	4155
1	3	B2	4155
1	1	B2	4156
1	2	B2	4156
1	3	B2	4156
1	1	B2	4157
1	2	B2	4157
1	3	B2	4157
1	1	B2	4158
1	2	B2	4158
1	3	B2	4158
1	1	B2	4159
1	2	B2	4159
1	3	B2	4159
1	1	B2	4160
1	2	B2	4160
1	3	B2	4160
1	1	B2	4161
1	2	B2	4161
1	3	B2	4161
1	1	B2	4162
1	2	B2	4162
1	3	B2	4162
1	1	B2	4163
1	2	B2	4163
1	3	B2	4163
1	1	B2	4164
1	2	B2	4164
1	3	B2	4164
1	1	B2	4165
1	2	B2	4165
1	3	B2	4165
1	1	B2	4166
1	2	B2	4166
1	3	B2	4166
1	1	B2	4167
1	2	B2	4167
1	3	B2	4167
1	1	B2	4168
1	2	B2	4168
1	3	B2	4168
1	1	B2	4169
1	2	B2	4169
1	3	B2	4169
1	1	B2	4170
1	2	B2	4170
1	3	B2	4170
1	1	B2	4171
1	2	B2	4171
1	3	B2	4171
1	1	B2	4172
1	2	B2	4172
1	3	B2	4172
1	1	B2	4173
1	2	B2	4173
1	3	B2	4173
1	1	B2	4174
1	2	B2	4174
1	3	B2	4174
1	1	B2	4175
1	2	B2	4175
1	3	B2	4175
1	1	B2	4176
1	2	B2	4176
1	3	B2	4176
1	1	B2	4177
1	2	B2	4177
1	3	B2	4177
1	1	B2	4178
1	2	B2	4178
1	3	B2	4178
1	1	B2	4179
1	2	B2	4179
1	3	B2	4179
1	1	B2	4180
1	2	B2	4180
1	3	B2	4180
1	1	B2	4181
1	2	B2	4181
1	3	B2	4181
1	1	B2	4182
1	2	B2	4182
1	3	B2	4182
1	1	B2	4183
1	2	B2	4183
1	3	B2	4183
1	1	B2	4184
1	2	B2	4184
1	3	B2	4184
1	1	B2	4185
1	2	B2	4185
1	3	B2	4185
1	1	B2	4186
1	2	B2	4186
1	3	B2	4186
1	1	B2	4187
1	2	B2	4187
1	3	B2	4187
1	1	B2	4188
1	2	B2	4188
1	3	B2	4188
1	1	B2	4189
1	2	B2	4189
1	3	B2	4189
1	1	B2	4190
1	2	B2	4190
1	3	B2	4190
1	1	B2	4191
1	2	B2	4191
1	3	B2	4191
1	1	B2	4192
1	2	B2	4192
1	3	B2	4192
1	1	B2	4193
1	2	B2	4193
1	3	B2	4193
1	1	B2	4194
1	2	B2	4194
1	3	B2	4194
1	1	B2	4195
1	2	B2	4195
1	3	B2	4195
1	1	B2	4196
1	2	B2	4196
1	3	B2	4196
1	1	B2	4197
1	2	B2	4197
1	3	B2	4197
1	1	B2	4198
1	2	B2	4198
1	3	B2	4198
1	1	B2	4199
1	2	B2	4199
1	3	B2	4199
1	1	B2	4200
1	2	B2	4200
1	3	B2	4200
1	1	B2	4201
1	2	B2	4201
1	3	B2	4201
1	1	B2	4202
1	2	B2	4202
1	3	B2	4202
1	1	B2	4203
1	2	B2	4203
1	3	B2	4203
1	1	B2	4204
1	2	B2	4204
1	3	B2	4204
1	1	B2	4205
1	2	B2	4205
1	3	B2	4205
1	1	B2	4206
1	2	B2	4206
1	3	B2	4206
1	1	B2	4207
1	2	B2	4207
1	3	B2	4207
1	1	B2	4208
1	2	B2	4208
1	3	B2	4208
1	1	B2	4209
1	2	B2	4209
1	3	B2	4209
1	1	B2	4210
1	2	B2	4210
1	3	B2	4210
1	1	B2	4211
1	2	B2	4211
1	3	B2	4211
1	1	B2	4212
1	2	B2	4212
1	3	B2	4212
1	1	B2	4213
1	2	B2	4213
1	3	B2	4213
1	1	B2	4214
1	2	B2	4214
1	3	B2	4214
1	1	B2	4215
1	2	B2	4215
1	3	B2	4215
1	1	B2	4216
1	2	B2	4216
1	3	B2	4216
1	1	B2	4217
1	2	B2	4217
1	3	B2	4217
1	1	B2	4218
1	2	B2	4218
1	3	B2	4218
1	1	B2	4219
1	2	B2	4219
1	3	B2	4219
1	1	B2	4220
1	2	B2	4220
1	3	B2	4220
1	1	B2	4221
1	2	B2	4221
1	3	B2	4221
1	1	B2	4222
1	2	B2	4222
1	3	B2	4222
1	1	B2	4223
1	2	B2	4223
1	3	B2	4223
1	1	B2	4224
1	2	B2	4224
1	3	B2	4224
1	1	B2	4225
1	2	B2	4225
1	3	B2	4225
1	1	B2	4226
1	2	B2	4226
1	3	B2	4226
1	1	B2	4227
1	2	B2	4227
1	3	B2	4227
1	1	B2	4228
1	2	B2	4228
1	3	B2	4228
1	1	B2	4229
1	2	B2	4229
1	3	B2	4229
1	1	B2	4230
1	2	B2	4230
1	3	B2	4230
1	1	B2	4231
1	2	B2	4231
1	3	B2	4231
1	1	B2	4232
1	2	B2	4232
1	3	B2	4232
1	1	B2	4233
1	2	B2	4233
1	3	B2	4233
1	1	B2	4234
1	2	B2	4234
1	3	B2	4234
1	1	B2	4235
1	2	B2	4235
1	3	B2	4235
1	1	B2	4236
1	2	B2	4236
1	3	B2	4236
1	1	B2	4237
1	2	B2	4237
1	3	B2	4237
1	1	B2	4238
1	2	B2	4238
1	3	B2	4238
1	1	B2	4239
1	2	B2	4239
1	3	B2	4239
1	1	B2	4240
1	2	B2	4240
1	3	B2	4240
1	1	B2	4241
1	2	B2	4241
1	3	B2	4241
1	1	B2	4242
1	2	B2	4242
1	3	B2	4242
1	1	B2	4243
1	2	B2	4243
1	3	B2	4243
1	1	B2	4244
1	2	B2	4244
1	3	B2	4244
1	1	B2	4245
1	2	B2	4245
1	3	B2	4245
1	1	B2	4246
1	2	B2	4246
1	3	B2	4246
1	1	B2	4247
1	2	B2	4247
1	3	B2	4247
1	1	B2	4248
1	2	B2	4248
1	3	B2	4248
1	1	B2	4249
1	2	B2	4249
1	3	B2	4249
1	1	B2	4250
1	2	B2	4250
1	3	B2	4250
1	1	B2	4251
1	2	B2	4251
1	3	B2	4251
1	1	B2	4252
1	2	B2	4252
1	3	B2	4252
1	1	B2	4253
1	2	B2	4253
1	3	B2	4253
1	1	B2	4254
1	2	B2	4254
1	3	B2	4254
1	1	B2	4255
1	2	B2	4255
1	3	B2	4255
1	1	B2	4256
1	2	B2	4256
1	3	B2	4256
1	1	B2	4257
1	2	B2	4257
1	3	B2	4257
1	1	B2	4258
1	2	B2	4258
1	3	B2	4258
1	1	B2	4259
1	2	B2	4259
1	3	B2	4259
1	1	B2	4260
1	2	B2	4260
1	3	B2	4260
1	1	B2	4261
1	2	B2	4261
1	3	B2	4261
1	1	B2	4262
1	2	B2	4262
1	3	B2	4262
1	1	B2	4263
1	2	B2	4263
1	3	B2	4263
1	1	B2	4264
1	2	B2	4264
1	3	B2	4264
1	1	B2	4265
1	2	B2	4265
1	3	B2	4265
1	1	B2	4266
1	2	B2	4266
1	3	B2	4266
1	1	B2	4267
1	2	B2	4267
1	3	B2	4267
1	1	B2	4268
1	2	B2	4268
1	3	B2	4268
1	1	B2	4269
1	2	B2	4269
1	3	B2	4269
1	1	B2	4270
1	2	B2	4270
1	3	B2	4270
1	1	B2	4271
1	2	B2	4271
1	3	B2	4271
1	1	B2	4272
1	2	B2	4272
1	3	B2	4272
1	1	B2	4273
1	2	B2	4273
1	3	B2	4273
1	1	B2	4274
1	2	B2	4274
1	3	B2	4274
1	1	B2	4275
1	2	B2	4275
1	3	B2	4275
1	1	B2	4276
1	2	B2	4276
1	3	B2	4276
1	1	B2	4277
1	2	B2	4277
1	3	B2	4277
1	1	B2	4278
1	2	B2	4278
1	3	B2	4278
1	1	B2	4279
1	2	B2	4279
1	3	B2	4279
1	1	B2	4280
1	2	B2	4280
1	3	B2	4280
1	1	B2	4281
1	2	B2	4281
1	3	B2	4281
1	1	B2	4282
1	2	B2	4282
1	3	B2	4282
1	1	B2	4283
1	2	B2	4283
1	3	B2	4283
1	1	B2	4284
1	2	B2	4284
1	3	B2	4284
1	1	B2	4285
1	2	B2	4285
1	3	B2	4285
1	1	B2	4286
1	2	B2	4286
1	3	B2	4286
1	1	B2	4287
1	2	B2	4287
1	3	B2	4287
1	1	B2	4288
1	2	B2	4288
1	3	B2	4288
1	1	B2	4289
1	2	B2	4289
1	3	B2	4289
1	1	B2	4290
1	2	B2	4290
1	3	B2	4290
1	1	B2	4291
1	2	B2	4291
1	3	B2	4291
1	1	B2	4292
1	2	B2	4292
1	3	B2	4292
1	1	B2	4293
1	2	B2	4293
1	3	B2	4293
1	1	B2	4294
1	2	B2	4294
1	3	B2	4294
1	1	B2	4295
1	2	B2	4295
1	3	B2	4295
1	1	B2	4296
1	2	B2	4296
1	3	B2	4296
1	1	B2	4297
1	2	B2	4297
1	3	B2	4297
1	1	B2	4298
1	2	B2	4298
1	3	B2	4298
1	1	B2	4299
1	2	B2	4299
1	3	B2	4299
1	1	B2	4300
1	2	B2	4300
1	3	B2	4300
1	1	B2	4301
1	2	B2	4301
1	3	B2	4301
1	1	B2	4302
1	2	B2	4302
1	3	B2	4302
1	1	B2	4303
1	2	B2	4303
1	3	B2	4303
1	1	B2	4304
1	2	B2	4304
1	3	B2	4304
1	1	B2	4305
1	2	B2	4305
1	3	B2	4305
1	1	B2	4306
1	2	B2	4306
1	3	B2	4306
1	1	B2	4307
1	2	B2	4307
1	3	B2	4307
1	1	B2	4308
1	2	B2	4308
1	3	B2	4308
1	1	B2	4309
1	2	B2	4309
1	3	B2	4309
1	1	B2	4310
1	2	B2	4310
1	3	B2	4310
1	1	B2	4311
1	2	B2	4311
1	3	B2	4311
1	1	B2	4312
1	2	B2	4312
1	3	B2	4312
1	1	B2	4313
1	2	B2	4313
1	3	B2	4313
1	1	B2	4314
1	2	B2	4314
1	3	B2	4314
1	1	B2	4315
1	2	B2	4315
1	3	B2	4315
1	1	B2	4316
1	2	B2	4316
1	3	B2	4316
1	1	B2	4317
1	2	B2	4317
1	3	B2	4317
1	1	B2	4318
1	2	B2	4318
1	3	B2	4318
1	1	B2	4319
1	2	B2	4319
1	3	B2	4319
1	1	B2	4320
1	2	B2	4320
1	3	B2	4320
1	1	B2	4321
1	2	B2	4321
1	3	B2	4321
1	1	B2	4322
1	2	B2	4322
1	3	B2	4322
1	1	B2	4323
1	2	B2	4323
1	3	B2	4323
1	1	B2	4324
1	2	B2	4324
1	3	B2	4324
1	1	B2	4325
1	2	B2	4325
1	3	B2	4325
1	1	B2	4326
1	2	B2	4326
1	3	B2	4326
1	1	B2	4327
1	2	B2	4327
1	3	B2	4327
1	1	B2	4328
1	2	B2	4328
1	3	B2	4328
1	1	B2	4329
1	2	B2	4329
1	3	B2	4329
1	1	B2	4330
1	2	B2	4330
1	3	B2	4330
1	1	B2	4331
1	2	B2	4331
1	3	B2	4331
1	1	B2	4332
1	2	B2	4332
1	3	B2	4332
1	1	B2	4333
1	2	B2	4333
1	3	B2	4333
1	1	B2	4334
1	2	B2	4334
1	3	B2	4334
1	1	B2	4335
1	2	B2	4335
1	3	B2	4335
1	1	B2	4336
1	2	B2	4336
1	3	B2	4336
1	1	B2	4337
1	2	B2	4337
1	3	B2	4337
1	1	B2	4338
1	2	B2	4338
1	3	B2	4338
1	1	B2	4339
1	2	B2	4339
1	3	B2	4339
1	1	B2	4340
1	2	B2	4340
1	3	B2	4340
1	1	B2	4341
1	2	B2	4341
1	3	B2	4341
1	1	B2	4342
1	2	B2	4342
1	3	B2	4342
1	1	B2	4343
1	2	B2	4343
1	3	B2	4343
1	1	B2	4344
1	2	B2	4344
1	3	B2	4344
1	1	B2	4345
1	2	B2	4345
1	3	B2	4345
1	1	B2	4346
1	2	B2	4346
1	3	B2	4346
1	1	B2	4347
1	2	B2	4347
1	3	B2	4347
1	1	B2	4348
1	2	B2	4348
1	3	B2	4348
1	1	B2	4349
1	2	B2	4349
1	3	B2	4349
1	1	B2	4350
1	2	B2	4350
1	3	B2	4350
1	1	B2	4351
1	2	B2	4351
1	3	B2	4351
1	1	B2	4352
1	2	B2	4352
1	3	B2	4352
1	1	B2	4353
1	2	B2	4353
1	3	B2	4353
1	1	B2	4354
1	2	B2	4354
1	3	B2	4354
1	1	B2	4355
1	2	B2	4355
1	3	B2	4355
1	1	B2	4356
1	2	B2	4356
1	3	B2	4356
1	1	B2	4357
1	2	B2	4357
1	3	B2	4357
1	1	B2	4358
1	2	B2	4358
1	3	B2	4358
1	1	B2	4359
1	2	B2	4359
1	3	B2	4359
1	1	B2	4360
1	2	B2	4360
1	3	B2	4360
1	1	B2	4361
1	2	B2	4361
1	3	B2	4361
1	1	B2	4362
1	2	B2	4362
1	3	B2	4362
1	1	B2	4363
1	2	B2	4363
1	3	B2	4363
1	1	B2	4364
1	2	B2	4364
1	3	B2	4364
1	1	B2	4365
1	2	B2	4365
1	3	B2	4365
1	1	B2	4366
1	2	B2	4366
1	3	B2	4366
1	1	B2	4367
1	2	B2	4367
1	3	B2	4367
1	1	B2	4368
1	2	B2	4368
1	3	B2	4368
1	1	B2	4369
1	2	B2	4369
1	3	B2	4369
1	1	B2	4370
1	2	B2	4370
1	3	B2	4370
1	1	B2	4371
1	2	B2	4371
1	3	B2	4371
1	1	B2	4372
1	2	B2	4372
1	3	B2	4372
1	1	B2	4373
1	2	B2	4373
1	3	B2	4373
1	1	B2	4374
1	2	B2	4374
1	3	B2	4374
1	1	B2	4375
1	2	B2	4375
1	3	B2	4375
1	1	B2	4376
1	2	B2	4376
1	3	B2	4376
1	1	B2	4377
1	2	B2	4377
1	3	B2	4377
1	1	B2	4378
1	2	B2	4378
1	3	B2	4378
1	1	B2	4379
1	2	B2	4379
1	3	B2	4379
1	1	B2	4380
1	2	B2	4380
1	3	B2	4380
1	1	B2	4381
1	2	B2	4381
1	3	B2	4381
1	1	B2	4382
1	2	B2	4382
1	3	B2	4382
1	1	B2	4383
1	2	B2	4383
1	3	B2	4383
1	1	B2	4384
1	2	B2	4384
1	3	B2	4384
1	1	B2	4385
1	2	B2	4385
1	3	B2	4385
1	1	B2	4386
1	2	B2	4386
1	3	B2	4386
1	1	B2	4387
1	2	B2	4387
1	3	B2	4387
1	1	B2	4388
1	2	B2	4388
1	3	B2	4388
1	1	B2	4389
1	2	B2	4389
1	3	B2	4389
1	1	B2	4390
1	2	B2	4390
1	3	B2	4390
1	1	B2	4391
1	2	B2	4391
1	3	B2	4391
1	1	B2	4392
1	2	B2	4392
1	3	B2	4392
1	1	B2	4393
1	2	B2	4393
1	3	B2	4393
1	1	B2	4394
1	2	B2	4394
1	3	B2	4394
1	1	B2	4395
1	2	B2	4395
1	3	B2	4395
1	1	B2	4396
1	2	B2	4396
1	3	B2	4396
1	1	B2	4397
1	2	B2	4397
1	3	B2	4397
1	1	B2	4398
1	2	B2	4398
1	3	B2	4398
1	1	B2	4399
1	2	B2	4399
1	3	B2	4399
1	1	B2	4400
1	2	B2	4400
1	3	B2	4400
1	1	B2	4401
1	2	B2	4401
1	3	B2	4401
1	1	B2	4402
1	2	B2	4402
1	3	B2	4402
1	1	B2	4403
1	2	B2	4403
1	3	B2	4403
1	1	B2	4404
1	2	B2	4404
1	3	B2	4404
1	1	B2	4405
1	2	B2	4405
1	3	B2	4405
1	1	B2	4406
1	2	B2	4406
1	3	B2	4406
1	1	B2	4407
1	2	B2	4407
1	3	B2	4407
1	1	B2	4408
1	2	B2	4408
1	3	B2	4408
1	1	B2	4409
1	2	B2	4409
1	3	B2	4409
1	1	B2	4410
1	2	B2	4410
1	3	B2	4410
1	1	B2	4411
1	2	B2	4411
1	3	B2	4411
1	1	B2	4412
1	2	B2	4412
1	3	B2	4412
1	1	B2	4413
1	2	B2	4413
1	3	B2	4413
1	1	B2	4414
1	2	B2	4414
1	3	B2	4414
1	1	B2	4415
1	2	B2	4415
1	3	B2	4415
1	1	B2	4416
1	2	B2	4416
1	3	B2	4416
1	1	B2	4417
1	2	B2	4417
1	3	B2	4417
1	1	B2	4418
1	2	B2	4418
1	3	B2	4418
1	1	B2	4419
1	2	B2	4419
1	3	B2	4419
1	1	B2	4420
1	2	B2	4420
1	3	B2	4420
1	1	B2	4421
1	2	B2	4421
1	3	B2	4421
1	1	B2	4422
1	2	B2	4422
1	3	B2	4422
1	1	B2	4423
1	2	B2	4423
1	3	B2	4423
1	1	B2	4424
1	2	B2	4424
1	3	B2	4424
1	1	B2	4425
1	2	B2	4425
1	3	B2	4425
1	1	B2	4426
1	2	B2	4426
1	3	B2	4426
1	1	B2	4427
1	2	B2	4427
1	3	B2	4427
1	1	B2	4428
1	2	B2	4428
1	3	B2	4428
1	1	B2	4429
1	2	B2	4429
1	3	B2	4429
1	1	B2	4430
1	2	B2	4430
1	3	B2	4430
1	1	B2	4431
1	2	B2	4431
1	3	B2	4431
1	1	B2	4432
1	2	B2	4432
1	3	B2	4432
1	1	B2	4433
1	2	B2	4433
1	3	B2	4433
1	1	B2	4434
1	2	B2	4434
1	3	B2	4434
1	1	B2	4435
1	2	B2	4435
1	3	B2	4435
1	1	B2	4436
1	2	B2	4436
1	3	B2	4436
1	1	B2	4437
1	2	B2	4437
1	3	B2	4437
1	1	B2	4438
1	2	B2	4438
1	3	B2	4438
1	1	B2	4439
1	2	B2	4439
1	3	B2	4439
1	1	B2	4440
1	2	B2	4440
1	3	B2	4440
1	1	B2	4441
1	2	B2	4441
1	3	B2	4441
1	1	B2	4442
1	2	B2	4442
1	3	B2	4442
1	1	B2	4443
1	2	B2	4443
1	3	B2	4443
1	1	B2	4444
1	2	B2	4444
1	3	B2	4444
1	1	B2	4445
1	2	B2	4445
1	3	B2	4445
1	1	B2	4446
1	2	B2	4446
1	3	B2	4446
1	1	B2	4447
1	2	B2	4447
1	3	B2	4447
1	1	B2	4448
1	2	B2	4448
1	3	B2	4448
1	1	B2	4449
1	2	B2	4449
1	3	B2	4449
1	1	B2	4450
1	2	B2	4450
1	3	B2	4450
1	1	B2	4451
1	2	B2	4451
1	3	B2	4451
1	1	B2	4452
1	2	B2	4452
1	3	B2	4452
1	1	B2	4453
1	2	B2	4453
1	3	B2	4453
1	1	B2	4454
1	2	B2	4454
1	3	B2	4454
1	1	B2	4455
1	2	B2	4455
1	3	B2	4455
1	1	B2	4456
1	2	B2	4456
1	3	B2	4456
1	1	B2	4457
1	2	B2	4457
1	3	B2	4457
1	1	B2	4458
1	2	B2	4458
1	3	B2	4458
1	1	B2	4459
1	2	B2	4459
1	3	B2	4459
1	1	B2	4460
1	2	B2	4460
1	3	B2	4460
1	1	B2	4461
1	2	B2	4461
1	3	B2	4461
1	1	B2	4462
1	2	B2	4462
1	3	B2	4462
1	1	B2	4463
1	2	B2	4463
1	3	B2	4463
1	1	B2	4464
1	2	B2	4464
1	3	B2	4464
1	1	B2	4465
1	2	B2	4465
1	3	B2	4465
1	1	B2	4466
1	2	B2	4466
1	3	B2	4466
1	1	B2	4467
1	2	B2	4467
1	3	B2	4467
1	1	B2	4468
1	2	B2	4468
1	3	B2	4468
1	1	B2	4469
1	2	B2	4469
1	3	B2	4469
1	1	B2	4470
1	2	B2	4470
1	3	B2	4470
1	1	B2	4471
1	2	B2	4471
1	3	B2	4471
1	1	B2	4472
1	2	B2	4472
1	3	B2	4472
1	1	B2	4473
1	2	B2	4473
1	3	B2	4473
1	1	B2	4474
1	2	B2	4474
1	3	B2	4474
1	1	B2	4475
1	2	B2	4475
1	3	B2	4475
1	1	B2	4476
1	2	B2	4476
1	3	B2	4476
1	1	B2	4477
1	2	B2	4477
1	3	B2	4477
1	1	B2	4478
1	2	B2	4478
1	3	B2	4478
1	1	B2	4479
1	2	B2	4479
1	3	B2	4479
1	1	B2	4480
1	2	B2	4480
1	3	B2	4480
1	1	B2	4481
1	2	B2	4481
1	3	B2	4481
1	1	B2	4482
1	2	B2	4482
1	3	B2	4482
1	1	B2	4483
1	2	B2	4483
1	3	B2	4483
1	1	B2	4484
1	2	B2	4484
1	3	B2	4484
1	1	B2	4485
1	2	B2	4485
1	3	B2	4485
1	1	B2	4486
1	2	B2	4486
1	3	B2	4486
1	1	B2	4487
1	2	B2	4487
1	3	B2	4487
1	1	B2	4488
1	2	B2	4488
1	3	B2	4488
1	1	B2	4489
1	2	B2	4489
1	3	B2	4489
1	1	B2	4490
1	2	B2	4490
1	3	B2	4490
1	1	B2	4491
1	2	B2	4491
1	3	B2	4491
1	1	B2	4492
1	2	B2	4492
1	3	B2	4492
1	1	B2	4493
1	2	B2	4493
1	3	B2	4493
1	1	B2	4494
1	2	B2	4494
1	3	B2	4494
1	1	B2	4495
1	2	B2	4495
1	3	B2	4495
1	1	B2	4496
1	2	B2	4496
1	3	B2	4496
1	1	B2	4497
1	2	B2	4497
1	3	B2	4497
1	1	B2	4498
1	2	B2	4498
1	3	B2	4498
1	1	B2	4499
1	2	B2	4499
1	3	B2	4499
1	1	B2	4500
1	2	B2	4500
1	3	B2	4500
1	1	B2	4501
1	2	B2	4501
1	3	B2	4501
1	1	B2	4502
1	2	B2	4502
1	3	B2	4502
1	1	B2	4503
1	2	B2	4503
1	3	B2	4503
1	1	B2	4504
1	2	B2	4504
1	3	B2	4504
1	1	B2	4505
1	2	B2	4505
1	3	B2	4505
1	1	B2	4506
1	2	B2	4506
1	3	B2	4506
1	1	B2	4507
1	2	B2	4507
1	3	B2	4507
1	1	B2	4508
1	2	B2	4508
1	3	B2	4508
1	1	B2	4509
1	2	B2	4509
1	3	B2	4509
1	1	B2	4510
1	2	B2	4510
1	3	B2	4510
1	1	B2	4511
1	2	B2	4511
1	3	B2	4511
1	1	B2	4512
1	2	B2	4512
1	3	B2	4512
1	1	B2	4513
1	2	B2	4513
1	3	B2	4513
1	1	B2	4514
1	2	B2	4514
1	3	B2	4514
1	1	B2	4515
1	2	B2	4515
1	3	B2	4515
1	1	B2	4516
1	2	B2	4516
1	3	B2	4516
1	1	B2	4517
1	2	B2	4517
1	3	B2	4517
1	1	B2	4518
1	2	B2	4518
1	3	B2	4518
1	1	B2	4519
1	2	B2	4519
1	3	B2	4519
1	1	B2	4520
1	2	B2	4520
1	3	B2	4520
1	1	B2	4521
1	2	B2	4521
1	3	B2	4521
1	1	B2	4522
1	2	B2	4522
1	3	B2	4522
1	1	B2	4523
1	2	B2	4523
1	3	B2	4523
1	1	B2	4524
1	2	B2	4524
1	3	B2	4524
1	1	B2	4525
1	2	B2	4525
1	3	B2	4525
1	1	B2	4526
1	2	B2	4526
1	3	B2	4526
1	1	B2	4527
1	2	B2	4527
1	3	B2	4527
1	1	B2	4528
1	2	B2	4528
1	3	B2	4528
1	1	B2	4529
1	2	B2	4529
1	3	B2	4529
1	1	B2	4530
1	2	B2	4530
1	3	B2	4530
1	1	B2	4531
1	2	B2	4531
1	3	B2	4531
1	1	B2	4532
1	2	B2	4532
1	3	B2	4532
1	1	B2	4533
1	2	B2	4533
1	3	B2	4533
1	1	B2	4534
1	2	B2	4534
1	3	B2	4534
1	1	B2	4535
1	2	B2	4535
1	3	B2	4535
1	1	B2	4536
1	2	B2	4536
1	3	B2	4536
1	1	B2	4537
1	2	B2	4537
1	3	B2	4537
1	1	B2	4538
1	2	B2	4538
1	3	B2	4538
1	1	B2	4539
1	2	B2	4539
1	3	B2	4539
1	1	B2	4540
1	2	B2	4540
1	3	B2	4540
1	1	B2	4541
1	2	B2	4541
1	3	B2	4541
1	1	B2	4542
1	2	B2	4542
1	3	B2	4542
1	1	B2	4543
1	2	B2	4543
1	3	B2	4543
1	1	B2	4544
1	2	B2	4544
1	3	B2	4544
1	1	B2	4545
1	2	B2	4545
1	3	B2	4545
1	1	B2	4546
1	2	B2	4546
1	3	B2	4546
1	1	B2	4547
1	2	B2	4547
1	3	B2	4547
1	1	B2	4548
1	2	B2	4548
1	3	B2	4548
1	1	B2	4549
1	2	B2	4549
1	3	B2	4549
1	1	B2	4550
1	2	B2	4550
1	3	B2	4550
1	1	B2	4551
1	2	B2	4551
1	3	B2	4551
1	1	B2	4552
1	2	B2	4552
1	3	B2	4552
1	1	B2	4553
1	2	B2	4553
1	3	B2	4553
1	1	B2	4554
1	2	B2	4554
1	3	B2	4554
1	1	B2	4555
1	2	B2	4555
1	3	B2	4555
1	1	B2	4556
1	2	B2	4556
1	3	B2	4556
1	1	B2	4557
1	2	B2	4557
1	3	B2	4557
1	1	B2	4558
1	2	B2	4558
1	3	B2	4558
1	1	B2	4559
1	2	B2	4559
1	3	B2	4559
1	1	B2	4560
1	2	B2	4560
1	3	B2	4560
1	1	B2	4561
1	2	B2	4561
1	3	B2	4561
1	1	B2	4562
1	2	B2	4562
1	3	B2	4562
1	1	B2	4563
1	2	B2	4563
1	3	B2	4563
1	1	B2	4564
1	2	B2	4564
1	3	B2	4564
1	1	B2	4565
1	2	B2	4565
1	3	B2	4565
1	1	B2	4566
1	2	B2	4566
1	3	B2	4566
1	1	B2	4567
1	2	B2	4567
1	3	B2	4567
1	1	B2	4568
1	2	B2	4568
1	3	B2	4568
1	1	B2	4569
1	2	B2	4569
1	3	B2	4569
1	1	B2	4570
1	2	B2	4570
1	3	B2	4570
1	1	B2	4571
1	2	B2	4571
1	3	B2	4571
1	1	B2	4572
1	2	B2	4572
1	3	B2	4572
1	1	B2	4573
1	2	B2	4573
1	3	B2	4573
1	1	B2	4574
1	2	B2	4574
1	3	B2	4574
1	1	B2	4575
1	2	B2	4575
1	3	B2	4575
1	1	B2	4576
1	2	B2	4576
1	3	B2	4576
1	1	B2	4577
1	2	B2	4577
1	3	B2	4577
1	1	B2	4578
1	2	B2	4578
1	3	B2	4578
1	1	B2	4579
1	2	B2	4579
1	3	B2	4579
1	1	B2	4580
1	2	B2	4580
1	3	B2	4580
1	1	B2	4581
1	2	B2	4581
1	3	B2	4581
1	1	B2	4582
1	2	B2	4582
1	3	B2	4582
1	1	B2	4583
1	2	B2	4583
1	3	B2	4583
1	1	B2	4584
1	2	B2	4584
1	3	B2	4584
1	1	B2	4585
1	2	B2	4585
1	3	B2	4585
1	1	B2	4586
1	2	B2	4586
1	3	B2	4586
1	1	B2	4587
1	2	B2	4587
1	3	B2	4587
1	1	B2	4588
1	2	B2	4588
1	3	B2	4588
1	1	B2	4589
1	2	B2	4589
1	3	B2	4589
1	1	B2	4590
1	2	B2	4590
1	3	B2	4590
1	1	B2	4591
1	2	B2	4591
1	3	B2	4591
1	1	B2	4592
1	2	B2	4592
1	3	B2	4592
1	1	B2	4593
1	2	B2	4593
1	3	B2	4593
1	1	B2	4594
1	2	B2	4594
1	3	B2	4594
1	1	B2	4595
1	2	B2	4595
1	3	B2	4595
1	1	B2	4596
1	2	B2	4596
1	3	B2	4596
1	1	B2	4597
1	2	B2	4597
1	3	B2	4597
1	1	B2	4598
1	2	B2	4598
1	3	B2	4598
1	1	B2	4599
1	2	B2	4599
1	3	B2	4599
1	1	B2	4600
1	2	B2	4600
1	3	B2	4600
1	1	B2	4601
1	2	B2	4601
1	3	B2	4601
1	1	B2	4602
1	2	B2	4602
1	3	B2	4602
1	1	B2	4603
1	2	B2	4603
1	3	B2	4603
1	1	B2	4604
1	2	B2	4604
1	3	B2	4604
1	1	B2	4605
1	2	B2	4605
1	3	B2	4605
1	1	B2	4606
1	2	B2	4606
1	3	B2	4606
1	1	B2	4607
1	2	B2	4607
1	3	B2	4607
1	1	B2	4608
1	2	B2	4608
1	3	B2	4608
1	1	B2	4609
1	2	B2	4609
1	3	B2	4609
1	1	B2	4610
1	2	B2	4610
1	3	B2	4610
1	1	B2	4611
1	2	B2	4611
1	3	B2	4611
1	1	B2	4612
1	2	B2	4612
1	3	B2	4612
1	1	B2	4613
1	2	B2	4613
1	3	B2	4613
1	1	B2	4614
1	2	B2	4614
1	3	B2	4614
1	1	B2	4615
1	2	B2	4615
1	3	B2	4615
1	1	B2	4616
1	2	B2	4616
1	3	B2	4616
1	1	B2	4617
1	2	B2	4617
1	3	B2	4617
1	1	B2	4618
1	2	B2	4618
1	3	B2	4618
1	1	B2	4619
1	2	B2	4619
1	3	B2	4619
1	1	B2	4620
1	2	B2	4620
1	3	B2	4620
1	1	B2	4621
1	2	B2	4621
1	3	B2	4621
1	1	B2	4622
1	2	B2	4622
1	3	B2	4622
1	1	B2	4623
1	2	B2	4623
1	3	B2	4623
1	1	B2	4624
1	2	B2	4624
1	3	B2	4624
1	1	B2	4625
1	2	B2	4625
1	3	B2	4625
1	1	B2	4626
1	2	B2	4626
1	3	B2	4626
1	1	B2	4627
1	2	B2	4627
1	3	B2	4627
1	1	B2	4628
1	2	B2	4628
1	3	B2	4628
1	1	B2	4629
1	2	B2	4629
1	3	B2	4629
1	1	B2	4630
1	2	B2	4630
1	3	B2	4630
1	1	B2	4631
1	2	B2	4631
1	3	B2	4631
1	1	B2	4632
1	2	B2	4632
1	3	B2	4632
1	1	B2	4633
1	2	B2	4633
1	3	B2	4633
1	1	B2	4634
1	2	B2	4634
1	3	B2	4634
1	1	B2	4635
1	2	B2	4635
1	3	B2	4635
1	1	B2	4636
1	2	B2	4636
1	3	B2	4636
1	1	B2	4637
1	2	B2	4637
1	3	B2	4637
1	1	B2	4638
1	2	B2	4638
1	3	B2	4638
1	1	B2	4639
1	2	B2	4639
1	3	B2	4639
1	1	B2	4640
1	2	B2	4640
1	3	B2	4640
1	1	B2	4641
1	2	B2	4641
1	3	B2	4641
1	1	B2	4642
1	2	B2	4642
1	3	B2	4642
1	1	B2	4643
1	2	B2	4643
1	3	B2	4643
1	1	B2	4644
1	2	B2	4644
1	3	B2	4644
1	1	B2	4645
1	2	B2	4645
1	3	B2	4645
1	1	B2	4646
1	2	B2	4646
1	3	B2	4646
1	1	B2	4647
1	2	B2	4647
1	3	B2	4647
1	1	B2	4648
1	2	B2	4648
1	3	B2	4648
1	1	B2	4649
1	2	B2	4649
1	3	B2	4649
1	1	B2	4650
1	2	B2	4650
1	3	B2	4650
1	1	B2	4651
1	2	B2	4651
1	3	B2	4651
1	1	B2	4652
1	2	B2	4652
1	3	B2	4652
1	1	B2	4653
1	2	B2	4653
1	3	B2	4653
1	1	B2	4654
1	2	B2	4654
1	3	B2	4654
1	1	B2	4655
1	2	B2	4655
1	3	B2	4655
1	1	B2	4656
1	2	B2	4656
1	3	B2	4656
1	1	B2	4657
1	2	B2	4657
1	3	B2	4657
1	1	B2	4658
1	2	B2	4658
1	3	B2	4658
1	1	B2	4659
1	2	B2	4659
1	3	B2	4659
1	1	B2	4660
1	2	B2	4660
1	3	B2	4660
1	1	B2	4661
1	2	B2	4661
1	3	B2	4661
1	1	B2	4662
1	2	B2	4662
1	3	B2	4662
1	1	B2	4663
1	2	B2	4663
1	3	B2	4663
1	1	B2	4664
1	2	B2	4664
1	3	B2	4664
1	1	B2	4665
1	2	B2	4665
1	3	B2	4665
1	1	B2	4666
1	2	B2	4666
1	3	B2	4666
1	1	B2	4667
1	2	B2	4667
1	3	B2	4667
1	1	B2	4668
1	2	B2	4668
1	3	B2	4668
1	1	B2	4669
1	2	B2	4669
1	3	B2	4669
1	1	B2	4670
1	2	B2	4670
1	3	B2	4670
1	1	B2	4671
1	2	B2	4671
1	3	B2	4671
1	1	B2	4672
1	2	B2	4672
1	3	B2	4672
1	1	B2	4673
1	2	B2	4673
1	3	B2	4673
1	1	B2	4674
1	2	B2	4674
1	3	B2	4674
1	1	B2	4675
1	2	B2	4675
1	3	B2	4675
1	1	B2	4676
1	2	B2	4676
1	3	B2	4676
1	1	B2	4677
1	2	B2	4677
1	3	B2	4677
1	1	B2	4678
1	2	B2	4678
1	3	B2	4678
1	1	B2	4679
1	2	B2	4679
1	3	B2	4679
1	1	B2	4680
1	2	B2	4680
1	3	B2	4680
1	1	B2	4681
1	2	B2	4681
1	3	B2	4681
1	1	B2	4682
1	2	B2	4682
1	3	B2	4682
1	1	B2	4683
1	2	B2	4683
1	3	B2	4683
1	1	B2	4684
1	2	B2	4684
1	3	B2	4684
1	1	B2	4685
1	2	B2	4685
1	3	B2	4685
1	1	B2	4686
1	2	B2	4686
1	3	B2	4686
1	1	B2	4687
1	2	B2	4687
1	3	B2	4687
1	1	B2	4688
1	2	B2	4688
1	3	B2	4688
1	1	B2	4689
1	2	B2	4689
1	3	B2	4689
1	1	B2	4690
1	2	B2	4690
1	3	B2	4690
1	1	B2	4691
1	2	B2	4691
1	3	B2	4691
1	1	B2	4692
1	2	B2	4692
1	3	B2	4692
1	1	B2	4693
1	2	B2	4693
1	3	B2	4693
1	1	B2	4694
1	2	B2	4694
1	3	B2	4694
1	1	B2	4695
1	2	B2	4695
1	3	B2	4695
1	1	B2	4696
1	2	B2	4696
1	3	B2	4696
1	1	B2	4697
1	2	B2	4697
1	3	B2	4697
1	1	B2	4698
1	2	B2	4698
1	3	B2	4698
1	1	B2	4699
1	2	B2	4699
1	3	B2	4699
1	1	B2	4700
1	2	B2	4700
1	3	B2	4700
1	1	B2	4701
1	2	B2	4701
1	3	B2	4701
1	1	B2	4702
1	2	B2	4702
1	3	B2	4702
1	1	B2	4703
1	2	B2	4703
1	3	B2	4703
1	1	B2	4704
1	2	B2	4704
1	3	B2	4704
1	1	B2	4705
1	2	B2	4705
1	3	B2	4705
1	1	B2	4706
1	2	B2	4706
1	3	B2	4706
1	1	B2	4707
1	2	B2	4707
1	3	B2	4707
1	1	B2	4708
1	2	B2	4708
1	3	B2	4708
1	1	B2	4709
1	2	B2	4709
1	3	B2	4709
1	1	B2	4710
1	2	B2	4710
1	3	B2	4710
1	1	B2	4711
1	2	B2	4711
1	3	B2	4711
1	1	B2	4712
1	2	B2	4712
1	3	B2	4712
1	1	B2	4713
1	2	B2	4713
1	3	B2	4713
1	1	B2	4714
1	2	B2	4714
1	3	B2	4714
1	1	B2	4715
1	2	B2	4715
1	3	B2	4715
1	1	B2	4716
1	2	B2	4716
1	3	B2	4716
1	1	B2	4717
1	2	B2	4717
1	3	B2	4717
1	1	B2	4718
1	2	B2	4718
1	3	B2	4718
1	1	B2	4719
1	2	B2	4719
1	3	B2	4719
1	1	B2	4720
1	2	B2	4720
1	3	B2	4720
1	1	B2	4721
1	2	B2	4721
1	3	B2	4721
1	1	B2	4722
1	2	B2	4722
1	3	B2	4722
1	1	B2	4723
1	2	B2	4723
1	3	B2	4723
1	1	B2	4724
1	2	B2	4724
1	3	B2	4724
1	1	B2	4725
1	2	B2	4725
1	3	B2	4725
1	1	B2	4726
1	2	B2	4726
1	3	B2	4726
1	1	B2	4727
1	2	B2	4727
1	3	B2	4727
1	1	B2	4728
1	2	B2	4728
1	3	B2	4728
1	1	B2	4729
1	2	B2	4729
1	3	B2	4729
1	1	B2	4730
1	2	B2	4730
1	3	B2	4730
1	1	B2	4731
1	2	B2	4731
1	3	B2	4731
1	1	B2	4732
1	2	B2	4732
1	3	B2	4732
1	1	B2	4733
1	2	B2	4733
1	3	B2	4733
1	1	B2	4734
1	2	B2	4734
1	3	B2	4734
1	1	B2	4735
1	2	B2	4735
1	3	B2	4735
1	1	B2	4736
1	2	B2	4736
1	3	B2	4736
1	1	B2	4737
1	2	B2	4737
1	3	B2	4737
1	1	B2	4738
1	2	B2	4738
1	3	B2	4738
1	1	B2	4739
1	2	B2	4739
1	3	B2	4739
1	1	B2	4740
1	2	B2	4740
1	3	B2	4740
1	1	B2	4741
1	2	B2	4741
1	3	B2	4741
1	1	B2	4742
1	2	B2	4742
1	3	B2	4742
1	1	B2	4743
1	2	B2	4743
1	3	B2	4743
1	1	B2	4744
1	2	B2	4744
1	3	B2	4744
1	1	B2	4745
1	2	B2	4745
1	3	B2	4745
1	1	B2	4746
1	2	B2	4746
1	3	B2	4746
1	1	B2	4747
1	2	B2	4747
1	3	B2	4747
1	1	B2	4748
1	2	B2	4748
1	3	B2	4748
1	1	B2	4749
1	2	B2	4749
1	3	B2	4749
1	1	B2	4750
1	2	B2	4750
1	3	B2	4750
1	1	B2	4751
1	2	B2	4751
1	3	B2	4751
1	1	B2	4752
1	2	B2	4752
1	3	B2	4752
1	1	B2	4753
1	2	B2	4753
1	3	B2	4753
1	1	B2	4754
1	2	B2	4754
1	3	B2	4754
1	1	B2	4755
1	2	B2	4755
1	3	B2	4755
1	1	B2	4756
1	2	B2	4756
1	3	B2	4756
1	1	B2	4757
1	2	B2	4757
1	3	B2	4757
1	1	B2	4758
1	2	B2	4758
1	3	B2	4758
1	1	B2	4759
1	2	B2	4759
1	3	B2	4759
1	1	B2	4760
1	2	B2	4760
1	3	B2	4760
1	1	B2	4761
1	2	B2	4761
1	3	B2	4761
1	1	B2	4762
1	2	B2	4762
1	3	B2	4762
1	1	B2	4763
1	2	B2	4763
1	3	B2	4763
1	1	B2	4764
1	2	B2	4764
1	3	B2	4764
1	1	B2	4765
1	2	B2	4765
1	3	B2	4765
1	1	B2	4766
1	2	B2	4766
1	3	B2	4766
1	1	B2	4767
1	2	B2	4767
1	3	B2	4767
1	1	B2	4768
1	2	B2	4768
1	3	B2	4768
1	1	B2	4769
1	2	B2	4769
1	3	B2	4769
1	1	B2	4770
1	2	B2	4770
1	3	B2	4770
1	1	B2	4771
1	2	B2	4771
1	3	B2	4771
1	1	B2	4772
1	2	B2	4772
1	3	B2	4772
1	1	B2	4773
1	2	B2	4773
1	3	B2	4773
1	1	B2	4774
1	2	B2	4774
1	3	B2	4774
1	1	B2	4775
1	2	B2	4775
1	3	B2	4775
1	1	B2	4776
1	2	B2	4776
1	3	B2	4776
1	1	B2	4777
1	2	B2	4777
1	3	B2	4777
1	1	B2	4778
1	2	B2	4778
1	3	B2	4778
1	1	B2	4779
1	2	B2	4779
1	3	B2	4779
1	1	B2	4780
1	2	B2	4780
1	3	B2	4780
1	1	B2	4781
1	2	B2	4781
1	3	B2	4781
1	1	B2	4782
1	2	B2	4782
1	3	B2	4782
1	1	B2	4783
1	2	B2	4783
1	3	B2	4783
1	1	B2	4784
1	2	B2	4784
1	3	B2	4784
1	1	B2	4785
1	2	B2	4785
1	3	B2	4785
1	1	B2	4786
1	2	B2	4786
1	3	B2	4786
1	1	B2	4787
1	2	B2	4787
1	3	B2	4787
1	1	B2	4788
1	2	B2	4788
1	3	B2	4788
1	1	B2	4789
1	2	B2	4789
1	3	B2	4789
1	1	B2	4790
1	2	B2	4790
1	3	B2	4790
1	1	B2	4791
1	2	B2	4791
1	3	B2	4791
1	1	B2	4792
1	2	B2	4792
1	3	B2	4792
1	1	B2	4793
1	2	B2	4793
1	3	B2	4793
1	1	B2	4794
1	2	B2	4794
1	3	B2	4794
1	1	B2	4795
1	2	B2	4795
1	3	B2	4795
1	1	B2	4796
1	2	B2	4796
1	3	B2	4796
1	1	B2	4797
1	2	B2	4797
1	3	B2	4797
1	1	B2	4798
1	2	B2	4798
1	3	B2	4798
1	1	B2	4799
1	2	B2	4799
1	3	B2	4799
1	1	B2	4800
1	2	B2	4800
1	3	B2	4800
1	1	B2	4801
1	2	B2	4801
1	3	B2	4801
1	1	B2	4802
1	2	B2	4802
1	3	B2	4802
1	1	B2	4803
1	2	B2	4803
1	3	B2	4803
1	1	B2	4804
1	2	B2	4804
1	3	B2	4804
1	1	B2	4805
1	2	B2	4805
1	3	B2	4805
1	1	B2	4806
1	2	B2	4806
1	3	B2	4806
1	1	B2	4807
1	2	B2	4807
1	3	B2	4807
1	1	B2	4808
1	2	B2	4808
1	3	B2	4808
1	1	B2	4809
1	2	B2	4809
1	3	B2	4809
1	1	B2	4810
1	2	B2	4810
1	3	B2	4810
1	1	B2	4811
1	2	B2	4811
1	3	B2	4811
1	1	B2	4812
1	2	B2	4812
1	3	B2	4812
1	1	B2	4813
1	2	B2	4813
1	3	B2	4813
1	1	B2	4814
1	2	B2	4814
1	3	B2	4814
1	1	B2	4815
1	2	B2	4815
1	3	B2	4815
1	1	B2	4816
1	2	B2	4816
1	3	B2	4816
1	1	B2	4817
1	2	B2	4817
1	3	B2	4817
1	1	B2	4818
1	2	B2	4818
1	3	B2	4818
1	1	B2	4819
1	2	B2	4819
1	3	B2	4819
1	1	B2	4820
1	2	B2	4820
1	3	B2	4820
1	1	B2	4821
1	2	B2	4821
1	3	B2	4821
1	1	B2	4822
1	2	B2	4822
1	3	B2	4822
1	1	B2	4823
1	2	B2	4823
1	3	B2	4823
1	1	B2	4824
1	2	B2	4824
1	3	B2	4824
1	1	B2	4825
1	2	B2	4825
1	3	B2	4825
1	1	B2	4826
1	2	B2	4826
1	3	B2	4826
1	1	B2	4827
1	2	B2	4827
1	3	B2	4827
1	1	B2	4828
1	2	B2	4828
1	3	B2	4828
1	1	B2	4829
1	2	B2	4829
1	3	B2	4829
1	1	B2	4830
1	2	B2	4830
1	3	B2	4830
1	1	B2	4831
1	2	B2	4831
1	3	B2	4831
1	1	B2	4832
1	2	B2	4832
1	3	B2	4832
1	1	B2	4833
1	2	B2	4833
1	3	B2	4833
1	1	B2	4834
1	2	B2	4834
1	3	B2	4834
1	1	B2	4835
1	2	B2	4835
1	3	B2	4835
1	1	B2	4836
1	2	B2	4836
1	3	B2	4836
1	1	B2	4837
1	2	B2	4837
1	3	B2	4837
1	1	B2	4838
1	2	B2	4838
1	3	B2	4838
1	1	B2	4839
1	2	B2	4839
1	3	B2	4839
1	1	B2	4840
1	2	B2	4840
1	3	B2	4840
1	1	B2	4841
1	2	B2	4841
1	3	B2	4841
1	1	B2	4842
1	2	B2	4842
1	3	B2	4842
1	1	B2	4843
1	2	B2	4843
1	3	B2	4843
1	1	B2	4844
1	2	B2	4844
1	3	B2	4844
1	1	B2	4845
1	2	B2	4845
1	3	B2	4845
1	1	B2	4846
1	2	B2	4846
1	3	B2	4846
1	1	B2	4847
1	2	B2	4847
1	3	B2	4847
1	1	B2	4848
1	2	B2	4848
1	3	B2	4848
1	1	B2	4849
1	2	B2	4849
1	3	B2	4849
1	1	B2	4850
1	2	B2	4850
1	3	B2	4850
1	1	B2	4851
1	2	B2	4851
1	3	B2	4851
1	1	B2	4852
1	2	B2	4852
1	3	B2	4852
1	1	B2	4853
1	2	B2	4853
1	3	B2	4853
1	1	B2	4854
1	2	B2	4854
1	3	B2	4854
1	1	B2	4855
1	2	B2	4855
1	3	B2	4855
1	1	B2	4856
1	2	B2	4856
1	3	B2	4856
1	1	B2	4857
1	2	B2	4857
1	3	B2	4857
1	1	B2	4858
1	2	B2	4858
1	3	B2	4858
1	1	B2	4859
1	2	B2	4859
1	3	B2	4859
1	1	B2	4860
1	2	B2	4860
1	3	B2	4860
1	1	B2	4861
1	2	B2	4861
1	3	B2	4861
1	1	B2	4862
1	2	B2	4862
1	3	B2	4862
1	1	B2	4863
1	2	B2	4863
1	3	B2	4863
1	1	B2	4864
1	2	B2	4864
1	3	B2	4864
1	1	B2	4865
1	2	B2	4865
1	3	B2	4865
1	1	B2	4866
1	2	B2	4866
1	3	B2	4866
1	1	B2	4867
1	2	B2	4867
1	3	B2	4867
1	1	B2	4868
1	2	B2	4868
1	3	B2	4868
1	1	B2	4869
1	2	B2	4869
1	3	B2	4869
1	1	B2	4870
1	2	B2	4870
1	3	B2	4870
1	1	B2	4871
1	2	B2	4871
1	3	B2	4871
1	1	B2	4872
1	2	B2	4872
1	3	B2	4872
1	1	B2	4873
1	2	B2	4873
1	3	B2	4873
1	1	B2	4874
1	2	B2	4874
1	3	B2	4874
1	1	B2	4875
1	2	B2	4875
1	3	B2	4875
1	1	B2	4876
1	2	B2	4876
1	3	B2	4876
1	1	B2	4877
1	2	B2	4877
1	3	B2	4877
1	1	B2	4878
1	2	B2	4878
1	3	B2	4878
1	1	B2	4879
1	2	B2	4879
1	3	B2	4879
1	1	B2	4880
1	2	B2	4880
1	3	B2	4880
1	1	B2	4881
1	2	B2	4881
1	3	B2	4881
1	1	B2	4882
1	2	B2	4882
1	3	B2	4882
1	1	B2	4883
1	2	B2	4883
1	3	B2	4883
1	1	B2	4884
1	2	B2	4884
1	3	B2	4884
1	1	B2	4885
1	2	B2	4885
1	3	B2	4885
1	1	B2	4886
1	2	B2	4886
1	3	B2	4886
1	1	B2	4887
1	2	B2	4887
1	3	B2	4887
1	1	B2	4888
1	2	B2	4888
1	3	B2	4888
1	1	B2	4889
1	2	B2	4889
1	3	B2	4889
1	1	B2	4890
1	2	B2	4890
1	3	B2	4890
1	1	B2	4891
1	2	B2	4891
1	3	B2	4891
1	1	B2	4892
1	2	B2	4892
1	3	B2	4892
1	1	B2	4893
1	2	B2	4893
1	3	B2	4893
1	1	B2	4894
1	2	B2	4894
1	3	B2	4894
1	1	B2	4895
1	2	B2	4895
1	3	B2	4895
1	1	B2	4896
1	2	B2	4896
1	3	B2	4896
1	1	B2	4897
1	2	B2	4897
1	3	B2	4897
1	1	B2	4898
1	2	B2	4898
1	3	B2	4898
1	1	B2	4899
1	2	B2	4899
1	3	B2	4899
1	1	B2	4900
1	2	B2	4900
1	3	B2	4900
1	1	B2	4901
1	2	B2	4901
1	3	B2	4901
1	1	B2	4902
1	2	B2	4902
1	3	B2	4902
1	1	B2	4903
1	2	B2	4903
1	3	B2	4903
1	1	B2	4904
1	2	B2	4904
1	3	B2	4904
1	1	B2	4905
1	2	B2	4905
1	3	B2	4905
1	1	B2	4906
1	2	B2	4906
1	3	B2	4906
1	1	B2	4907
1	2	B2	4907
1	3	B2	4907
1	1	B2	4908
1	2	B2	4908
1	3	B2	4908
1	1	B2	4909
1	2	B2	4909
1	3	B2	4909
1	1	B2	4910
1	2	B2	4910
1	3	B2	4910
1	1	B2	4911
1	2	B2	4911
1	3	B2	4911
1	1	B2	4912
1	2	B2	4912
1	3	B2	4912
1	1	B2	4913
1	2	B2	4913
1	3	B2	4913
1	1	B2	4914
1	2	B2	4914
1	3	B2	4914
1	1	B2	4915
1	2	B2	4915
1	3	B2	4915
1	1	B2	4916
1	2	B2	4916
1	3	B2	4916
1	1	B2	4917
1	2	B2	4917
1	3	B2	4917
1	1	B2	4918
1	2	B2	4918
1	3	B2	4918
1	1	B2	4919
1	2	B2	4919
1	3	B2	4919
1	1	B2	4920
1	2	B2	4920
1	3	B2	4920
1	1	B2	4921
1	2	B2	4921
1	3	B2	4921
1	1	B2	4922
1	2	B2	4922
1	3	B2	4922
1	1	B2	4923
1	2	B2	4923
1	3	B2	4923
1	1	B2	4924
1	2	B2	4924
1	3	B2	4924
1	1	B2	4925
1	2	B2	4925
1	3	B2	4925
1	1	B2	4926
1	2	B2	4926
1	3	B2	4926
1	1	B2	4927
1	2	B2	4927
1	3	B2	4927
1	1	B2	4928
1	2	B2	4928
1	3	B2	4928
1	1	B2	4929
1	2	B2	4929
1	3	B2	4929
1	1	B2	4930
1	2	B2	4930
1	3	B2	4930
1	1	B2	4931
1	2	B2	4931
1	3	B2	4931
1	1	B2	4932
1	2	B2	4932
1	3	B2	4932
1	1	B2	4933
1	2	B2	4933
1	3	B2	4933
1	1	B2	4934
1	2	B2	4934
1	3	B2	4934
1	1	B2	4935
1	2	B2	4935
1	3	B2	4935
1	1	B2	4936
1	2	B2	4936
1	3	B2	4936
1	1	B2	4937
1	2	B2	4937
1	3	B2	4937
1	1	B2	4938
1	2	B2	4938
1	3	B2	4938
1	1	B2	4939
1	2	B2	4939
1	3	B2	4939
1	1	B2	4940
1	2	B2	4940
1	3	B2	4940
1	1	B2	4941
1	2	B2	4941
1	3	B2	4941
1	1	B2	4942
1	2	B2	4942
1	3	B2	4942
1	1	B2	4943
1	2	B2	4943
1	3	B2	4943
1	1	B2	4944
1	2	B2	4944
1	3	B2	4944
1	1	B2	4945
1	2	B2	4945
1	3	B2	4945
1	1	B2	4946
1	2	B2	4946
1	3	B2	4946
1	1	B2	4947
1	2	B2	4947
1	3	B2	4947
1	1	B2	4948
1	2	B2	4948
1	3	B2	4948
1	1	B2	4949
1	2	B2	4949
1	3	B2	4949
1	1	B2	4950
1	2	B2	4950
1	3	B2	4950
1	1	B2	4951
1	2	B2	4951
1	3	B2	4951
1	1	B2	4952
1	2	B2	4952
1	3	B2	4952
1	1	B2	4953
1	2	B2	4953
1	3	B2	4953
1	1	B2	4954
1	2	B2	4954
1	3	B2	4954
1	1	B2	4955
1	2	B2	4955
1	3	B2	4955
1	1	B2	4956
1	2	B2	4956
1	3	B2	4956
1	1	B2	4957
1	2	B2	4957
1	3	B2	4957
1	1	B2	4958
1	2	B2	4958
1	3	B2	4958
1	1	B2	4959
1	2	B2	4959
1	3	B2	4959
1	1	B2	4960
1	2	B2	4960
1	3	B2	4960
1	1	B2	4961
1	2	B2	4961
1	3	B2	4961
1	1	B2	4962
1	2	B2	4962
1	3	B2	4962
1	1	B2	4963
1	2	B2	4963
1	3	B2	4963
1	1	B2	4964
1	2	B2	4964
1	3	B2	4964
1	1	B2	4965
1	2	B2	4965
1	3	B2	4965
1	1	B2	4966
1	2	B2	4966
1	3	B2	4966
1	1	B2	4967
1	2	B2	4967
1	3	B2	4967
1	1	B2	4968
1	2	B2	4968
1	3	B2	4968
1	1	B2	4969
1	2	B2	4969
1	3	B2	4969
1	1	B2	4970
1	2	B2	4970
1	3	B2	4970
1	1	B2	4971
1	2	B2	4971
1	3	B2	4971
1	1	B2	4972
1	2	B2	4972
1	3	B2	4972
1	1	B2	4973
1	2	B2	4973
1	3	B2	4973
1	1	B2	4974
1	2	B2	4974
1	3	B2	4974
1	1	B2	4975
1	2	B2	4975
1	3	B2	4975
1	1	B2	4976
1	2	B2	4976
1	3	B2	4976
1	1	B2	4977
1	2	B2	4977
1	3	B2	4977
1	1	B2	4978
1	2	B2	4978
1	3	B2	4978
1	1	B2	4979
1	2	B2	4979
1	3	B2	4979
1	1	B2	4980
1	2	B2	4980
1	3	B2	4980
1	1	B2	4981
1	2	B2	4981
1	3	B2	4981
1	1	B2	4982
1	2	B2	4982
1	3	B2	4982
1	1	B2	4983
1	2	B2	4983
1	3	B2	4983
1	1	B2	4984
1	2	B2	4984
1	3	B2	4984
1	1	B2	4985
1	2	B2	4985
1	3	B2	4985
1	1	B2	4986
1	2	B2	4986
1	3	B2	4986
1	1	B2	4987
1	2	B2	4987
1	3	B2	4987
1	1	B2	4988
1	2	B2	4988
1	3	B2	4988
1	1	B2	4989
1	2	B2	4989
1	3	B2	4989
1	1	B2	4990
1	2	B2	4990
1	3	B2	4990
1	1	B2	4991
1	2	B2	4991
1	3	B2	4991
1	1	B2	4992
1	2	B2	4992
1	3	B2	4992
1	1	B2	4993
1	2	B2	4993
1	3	B2	4993
1	1	B2	4994
1	2	B2	4994
1	3	B2	4994
1	1	B2	4995
1	2	B2	4995
1	3	B2	4995
1	1	B2	4996
1	2	B2	4996
1	3	B2	4996
1	1	B2	4997
1	2	B2	4997
1	3	B2	4997
1	1	B2	4998
1	2	B2	4998
1	3	B2	4998
1	1	B2	4999
1	2	B2	4999
1	3	B2	4999
1	1	B2	5000
1	2	B2	5000
1	3	B2	5000
1	1	B2	5001
1	2	B2	5001
1	3	B2	5001
1	1	B2	5002
1	2	B2	5002
1	3	B2	5002
1	1	B2	5003
1	2	B2	5003
1	3	B2	5003
1	1	B2	5004
1	2	B2	5004
1	3	B2	5004
1	1	B2	5005
1	2	B2	5005
1	3	B2	5005
1	1	B2	5006
1	2	B2	5006
1	3	B2	5006
1	1	B2	5007
1	2	B2	5007
1	3	B2	5007
1	1	B2	5008
1	2	B2	5008
1	3	B2	5008
1	1	B2	5009
1	2	B2	5009
1	3	B2	5009
1	1	B2	5010
1	2	B2	5010
1	3	B2	5010
1	1	B2	5011
1	2	B2	5011
1	3	B2	5011
1	1	B2	5012
1	2	B2	5012
1	3	B2	5012
1	1	B2	5013
1	2	B2	5013
1	3	B2	5013
1	1	B2	5014
1	2	B2	5014
1	3	B2	5014
1	1	B2	5015
1	2	B2	5015
1	3	B2	5015
1	1	B2	5016
1	2	B2	5016
1	3	B2	5016
1	1	B2	5017
1	2	B2	5017
1	3	B2	5017
1	1	B2	5018
1	2	B2	5018
1	3	B2	5018
1	1	B2	5019
1	2	B2	5019
1	3	B2	5019
1	1	B2	5020
1	2	B2	5020
1	3	B2	5020
1	1	B2	5021
1	2	B2	5021
1	3	B2	5021
1	1	B2	5022
1	2	B2	5022
1	3	B2	5022
1	1	B2	5023
1	2	B2	5023
1	3	B2	5023
1	1	B2	5024
1	2	B2	5024
1	3	B2	5024
1	1	B2	5025
1	2	B2	5025
1	3	B2	5025
1	1	B2	5026
1	2	B2	5026
1	3	B2	5026
1	1	B2	5027
1	2	B2	5027
1	3	B2	5027
1	1	B2	5028
1	2	B2	5028
1	3	B2	5028
1	1	B2	5029
1	2	B2	5029
1	3	B2	5029
1	1	B2	5030
1	2	B2	5030
1	3	B2	5030
1	1	B2	5031
1	2	B2	5031
1	3	B2	5031
1	1	B2	5032
1	2	B2	5032
1	3	B2	5032
1	1	B2	5033
1	2	B2	5033
1	3	B2	5033
1	1	B2	5034
1	2	B2	5034
1	3	B2	5034
1	1	B2	5035
1	2	B2	5035
1	3	B2	5035
1	1	B2	5036
1	2	B2	5036
1	3	B2	5036
1	1	B2	5037
1	2	B2	5037
1	3	B2	5037
1	1	B2	5038
1	2	B2	5038
1	3	B2	5038
1	1	B2	5039
1	2	B2	5039
1	3	B2	5039
1	1	B2	5040
1	2	B2	5040
1	3	B2	5040
1	1	B2	5041
1	2	B2	5041
1	3	B2	5041
1	1	B2	5042
1	2	B2	5042
1	3	B2	5042
1	1	B2	5043
1	2	B2	5043
1	3	B2	5043
1	1	B2	5044
1	2	B2	5044
1	3	B2	5044
1	1	B2	5045
1	2	B2	5045
1	3	B2	5045
1	1	B2	5046
1	2	B2	5046
1	3	B2	5046
1	1	B2	5047
1	2	B2	5047
1	3	B2	5047
1	1	B2	5048
1	2	B2	5048
1	3	B2	5048
1	1	B2	5049
1	2	B2	5049
1	3	B2	5049
1	1	B2	5050
1	2	B2	5050
1	3	B2	5050
1	1	B2	5051
1	2	B2	5051
1	3	B2	5051
1	1	B2	5052
1	2	B2	5052
1	3	B2	5052
1	1	B2	5053
1	2	B2	5053
1	3	B2	5053
1	1	B2	5054
1	2	B2	5054
1	3	B2	5054
1	1	B2	5055
1	2	B2	5055
1	3	B2	5055
1	1	B2	5056
1	2	B2	5056
1	3	B2	5056
1	1	B2	5057
1	2	B2	5057
1	3	B2	5057
1	1	B2	5058
1	2	B2	5058
1	3	B2	5058
1	1	B2	5059
1	2	B2	5059
1	3	B2	5059
1	1	B2	5060
1	2	B2	5060
1	3	B2	5060
1	1	B2	5061
1	2	B2	5061
1	3	B2	5061
1	1	B2	5062
1	2	B2	5062
1	3	B2	5062
1	1	B2	5063
1	2	B2	5063
1	3	B2	5063
1	1	B2	5064
1	2	B2	5064
1	3	B2	5064
1	1	B2	5065
1	2	B2	5065
1	3	B2	5065
1	1	B2	5066
1	2	B2	5066
1	3	B2	5066
1	1	B2	5067
1	2	B2	5067
1	3	B2	5067
1	1	B2	5068
1	2	B2	5068
1	3	B2	5068
1	1	B2	5069
1	2	B2	5069
1	3	B2	5069
1	1	B2	5070
1	2	B2	5070
1	3	B2	5070
1	1	B2	5071
1	2	B2	5071
1	3	B2	5071
1	1	B2	5072
1	2	B2	5072
1	3	B2	5072
1	1	B2	5073
1	2	B2	5073
1	3	B2	5073
1	1	B2	5074
1	2	B2	5074
1	3	B2	5074
1	1	B2	5075
1	2	B2	5075
1	3	B2	5075
1	1	B2	5076
1	2	B2	5076
1	3	B2	5076
1	1	B2	5077
1	2	B2	5077
1	3	B2	5077
1	1	B2	5078
1	2	B2	5078
1	3	B2	5078
1	1	B2	5079
1	2	B2	5079
1	3	B2	5079
1	1	B2	5080
1	2	B2	5080
1	3	B2	5080
1	1	B2	5081
1	2	B2	5081
1	3	B2	5081
1	1	B2	5082
1	2	B2	5082
1	3	B2	5082
1	1	B2	5083
1	2	B2	5083
1	3	B2	5083
1	1	B2	5084
1	2	B2	5084
1	3	B2	5084
1	1	B2	5085
1	2	B2	5085
1	3	B2	5085
1	1	B2	5086
1	2	B2	5086
1	3	B2	5086
1	1	B2	5087
1	2	B2	5087
1	3	B2	5087
1	1	B2	5088
1	2	B2	5088
1	3	B2	5088
1	1	B2	5089
1	2	B2	5089
1	3	B2	5089
1	1	B2	5090
1	2	B2	5090
1	3	B2	5090
1	1	B2	5091
1	2	B2	5091
1	3	B2	5091
1	1	B2	5092
1	2	B2	5092
1	3	B2	5092
1	1	B2	5093
1	2	B2	5093
1	3	B2	5093
1	1	B2	5094
1	2	B2	5094
1	3	B2	5094
1	1	B2	5095
1	2	B2	5095
1	3	B2	5095
1	1	B2	5096
1	2	B2	5096
1	3	B2	5096
1	1	B2	5097
1	2	B2	5097
1	3	B2	5097
1	1	B2	5098
1	2	B2	5098
1	3	B2	5098
1	1	B2	5099
1	2	B2	5099
1	3	B2	5099
1	1	B2	5100
1	2	B2	5100
1	3	B2	5100
1	1	B2	5101
1	2	B2	5101
1	3	B2	5101
1	1	B2	5102
1	2	B2	5102
1	3	B2	5102
1	1	B2	5103
1	2	B2	5103
1	3	B2	5103
1	1	B2	5104
1	2	B2	5104
1	3	B2	5104
1	1	B2	5105
1	2	B2	5105
1	3	B2	5105
1	1	B2	5106
1	2	B2	5106
1	3	B2	5106
1	1	B2	5107
1	2	B2	5107
1	3	B2	5107
1	1	B2	5108
1	2	B2	5108
1	3	B2	5108
1	1	B2	5109
1	2	B2	5109
1	3	B2	5109
1	1	B2	5110
1	2	B2	5110
1	3	B2	5110
1	1	B2	5111
1	2	B2	5111
1	3	B2	5111
1	1	B2	5112
1	2	B2	5112
1	3	B2	5112
1	1	B2	5113
1	2	B2	5113
1	3	B2	5113
1	1	B2	5114
1	2	B2	5114
1	3	B2	5114
1	1	B2	5115
1	2	B2	5115
1	3	B2	5115
1	1	B2	5116
1	2	B2	5116
1	3	B2	5116
1	1	B2	5117
1	2	B2	5117
1	3	B2	5117
1	1	B2	5118
1	2	B2	5118
1	3	B2	5118
1	1	B2	5119
1	2	B2	5119
1	3	B2	5119
1	1	B2	5120
1	2	B2	5120
1	3	B2	5120
1	1	B2	5121
1	2	B2	5121
1	3	B2	5121
1	1	B2	5122
1	2	B2	5122
1	3	B2	5122
1	1	B2	5123
1	2	B2	5123
1	3	B2	5123
1	1	B2	5124
1	2	B2	5124
1	3	B2	5124
1	1	B2	5125
1	2	B2	5125
1	3	B2	5125
1	1	B2	5126
1	2	B2	5126
1	3	B2	5126
1	1	B2	5127
1	2	B2	5127
1	3	B2	5127
1	1	B2	5128
1	2	B2	5128
1	3	B2	5128
1	1	B2	5129
1	2	B2	5129
1	3	B2	5129
1	1	B2	5130
1	2	B2	5130
1	3	B2	5130
1	1	B2	5131
1	2	B2	5131
1	3	B2	5131
1	1	B2	5132
1	2	B2	5132
1	3	B2	5132
1	1	B2	5133
1	2	B2	5133
1	3	B2	5133
1	1	B2	5134
1	2	B2	5134
1	3	B2	5134
1	1	B2	5135
1	2	B2	5135
1	3	B2	5135
1	1	B2	5136
1	2	B2	5136
1	3	B2	5136
1	1	B2	5137
1	2	B2	5137
1	3	B2	5137
1	1	B2	5138
1	2	B2	5138
1	3	B2	5138
1	1	B2	5139
1	2	B2	5139
1	3	B2	5139
1	1	B2	5140
1	2	B2	5140
1	3	B2	5140
1	1	B2	5141
1	2	B2	5141
1	3	B2	5141
1	1	B2	5142
1	2	B2	5142
1	3	B2	5142
1	1	B2	5143
1	2	B2	5143
1	3	B2	5143
1	1	B2	5144
1	2	B2	5144
1	3	B2	5144
1	1	B2	5145
1	2	B2	5145
1	3	B2	5145
1	1	B2	5146
1	2	B2	5146
1	3	B2	5146
1	1	B2	5147
1	2	B2	5147
1	3	B2	5147
1	1	B2	5148
1	2	B2	5148
1	3	B2	5148
1	1	B2	5149
1	2	B2	5149
1	3	B2	5149
1	1	B2	5150
1	2	B2	5150
1	3	B2	5150
1	1	B2	5151
1	2	B2	5151
1	3	B2	5151
1	1	B2	5152
1	2	B2	5152
1	3	B2	5152
1	1	B2	5153
1	2	B2	5153
1	3	B2	5153
1	1	B2	5154
1	2	B2	5154
1	3	B2	5154
1	1	B2	5155
1	2	B2	5155
1	3	B2	5155
1	1	B2	5156
1	2	B2	5156
1	3	B2	5156
1	1	B2	5157
1	2	B2	5157
1	3	B2	5157
1	1	B2	5158
1	2	B2	5158
1	3	B2	5158
1	1	B2	5159
1	2	B2	5159
1	3	B2	5159
1	1	B2	5160
1	2	B2	5160
1	3	B2	5160
1	1	B2	5161
1	2	B2	5161
1	3	B2	5161
1	1	B2	5162
1	2	B2	5162
1	3	B2	5162
1	1	B2	5163
1	2	B2	5163
1	3	B2	5163
1	1	B2	5164
1	2	B2	5164
1	3	B2	5164
1	1	B2	5165
1	2	B2	5165
1	3	B2	5165
1	1	B2	5166
1	2	B2	5166
1	3	B2	5166
1	1	B2	5167
1	2	B2	5167
1	3	B2	5167
1	1	B2	5168
1	2	B2	5168
1	3	B2	5168
1	1	B2	5169
1	2	B2	5169
1	3	B2	5169
1	1	B2	5170
1	2	B2	5170
1	3	B2	5170
1	1	B2	5171
1	2	B2	5171
1	3	B2	5171
1	1	B2	5172
1	2	B2	5172
1	3	B2	5172
1	1	B2	5173
1	2	B2	5173
1	3	B2	5173
1	1	B2	5174
1	2	B2	5174
1	3	B2	5174
1	1	B2	5175
1	2	B2	5175
1	3	B2	5175
1	1	B2	5176
1	2	B2	5176
1	3	B2	5176
1	1	B2	5177
1	2	B2	5177
1	3	B2	5177
1	1	B2	5178
1	2	B2	5178
1	3	B2	5178
1	1	B2	5179
1	2	B2	5179
1	3	B2	5179
1	1	B2	5180
1	2	B2	5180
1	3	B2	5180
1	1	B2	5181
1	2	B2	5181
1	3	B2	5181
1	1	B2	5182
1	2	B2	5182
1	3	B2	5182
1	1	B2	5183
1	2	B2	5183
1	3	B2	5183
1	1	B2	5184
1	2	B2	5184
1	3	B2	5184
1	1	B2	5185
1	2	B2	5185
1	3	B2	5185
1	1	B2	5186
1	2	B2	5186
1	3	B2	5186
1	1	B2	5187
1	2	B2	5187
1	3	B2	5187
1	1	B2	5188
1	2	B2	5188
1	3	B2	5188
1	1	B2	5189
1	2	B2	5189
1	3	B2	5189
1	1	B2	5190
1	2	B2	5190
1	3	B2	5190
1	1	B2	5191
1	2	B2	5191
1	3	B2	5191
1	1	B2	5192
1	2	B2	5192
1	3	B2	5192
1	1	B2	5193
1	2	B2	5193
1	3	B2	5193
1	1	B2	5194
1	2	B2	5194
1	3	B2	5194
1	1	B2	5195
1	2	B2	5195
1	3	B2	5195
1	1	B2	5196
1	2	B2	5196
1	3	B2	5196
1	1	B2	5197
1	2	B2	5197
1	3	B2	5197
1	1	B2	5198
1	2	B2	5198
1	3	B2	5198
1	1	B2	5199
1	2	B2	5199
1	3	B2	5199
1	1	B2	5200
1	2	B2	5200
1	3	B2	5200
1	1	B2	5201
1	2	B2	5201
1	3	B2	5201
1	1	B2	5202
1	2	B2	5202
1	3	B2	5202
1	1	B2	5203
1	2	B2	5203
1	3	B2	5203
1	1	B2	5204
1	2	B2	5204
1	3	B2	5204
1	1	B2	5205
1	2	B2	5205
1	3	B2	5205
1	1	B2	5206
1	2	B2	5206
1	3	B2	5206
1	1	B2	5207
1	2	B2	5207
1	3	B2	5207
1	1	B2	5208
1	2	B2	5208
1	3	B2	5208
1	1	B2	5209
1	2	B2	5209
1	3	B2	5209
1	1	B2	5210
1	2	B2	5210
1	3	B2	5210
1	1	B2	5211
1	2	B2	5211
1	3	B2	5211
1	1	B2	5212
1	2	B2	5212
1	3	B2	5212
1	1	B2	5213
1	2	B2	5213
1	3	B2	5213
1	1	B2	5214
1	2	B2	5214
1	3	B2	5214
1	1	B2	5215
1	2	B2	5215
1	3	B2	5215
1	1	B2	5216
1	2	B2	5216
1	3	B2	5216
1	1	B2	5217
1	2	B2	5217
1	3	B2	5217
1	1	B2	5218
1	2	B2	5218
1	3	B2	5218
1	1	B2	5219
1	2	B2	5219
1	3	B2	5219
1	1	B2	5220
1	2	B2	5220
1	3	B2	5220
1	1	B2	5221
1	2	B2	5221
1	3	B2	5221
1	1	B2	5222
1	2	B2	5222
1	3	B2	5222
1	1	B2	5223
1	2	B2	5223
1	3	B2	5223
1	1	B2	5224
1	2	B2	5224
1	3	B2	5224
1	1	B2	5225
1	2	B2	5225
1	3	B2	5225
1	1	B2	5226
1	2	B2	5226
1	3	B2	5226
1	1	B2	5227
1	2	B2	5227
1	3	B2	5227
1	1	B2	5228
1	2	B2	5228
1	3	B2	5228
1	1	B2	5229
1	2	B2	5229
1	3	B2	5229
1	1	B2	5230
1	2	B2	5230
1	3	B2	5230
1	1	B2	5231
1	2	B2	5231
1	3	B2	5231
1	1	B2	5232
1	2	B2	5232
1	3	B2	5232
1	1	B2	5233
1	2	B2	5233
1	3	B2	5233
1	1	B2	5234
1	2	B2	5234
1	3	B2	5234
1	1	B2	5235
1	2	B2	5235
1	3	B2	5235
1	1	B2	5236
1	2	B2	5236
1	3	B2	5236
1	1	B2	5237
1	2	B2	5237
1	3	B2	5237
1	1	B2	5238
1	2	B2	5238
1	3	B2	5238
1	1	B2	5239
1	2	B2	5239
1	3	B2	5239
1	1	B2	5240
1	2	B2	5240
1	3	B2	5240
1	1	B2	5241
1	2	B2	5241
1	3	B2	5241
1	1	B2	5242
1	2	B2	5242
1	3	B2	5242
1	1	B2	5243
1	2	B2	5243
1	3	B2	5243
1	1	B2	5244
1	2	B2	5244
1	3	B2	5244
1	1	B2	5245
1	2	B2	5245
1	3	B2	5245
1	1	B2	5246
1	2	B2	5246
1	3	B2	5246
1	1	B2	5247
1	2	B2	5247
1	3	B2	5247
1	1	B2	5248
1	2	B2	5248
1	3	B2	5248
1	1	B2	5249
1	2	B2	5249
1	3	B2	5249
1	1	B2	5250
1	2	B2	5250
1	3	B2	5250
1	1	B2	5251
1	2	B2	5251
1	3	B2	5251
1	1	B2	5252
1	2	B2	5252
1	3	B2	5252
1	1	B2	5253
1	2	B2	5253
1	3	B2	5253
1	1	B2	5254
1	2	B2	5254
1	3	B2	5254
1	1	B2	5255
1	2	B2	5255
1	3	B2	5255
1	1	B2	5256
1	2	B2	5256
1	3	B2	5256
1	1	B2	5257
1	2	B2	5257
1	3	B2	5257
1	1	B2	5258
1	2	B2	5258
1	3	B2	5258
1	1	B2	5259
1	2	B2	5259
1	3	B2	5259
1	1	B2	5260
1	2	B2	5260
1	3	B2	5260
1	1	B2	5261
1	2	B2	5261
1	3	B2	5261
1	1	B2	5262
1	2	B2	5262
1	3	B2	5262
1	1	B2	5263
1	2	B2	5263
1	3	B2	5263
1	1	B2	5264
1	2	B2	5264
1	3	B2	5264
1	1	B2	5265
1	2	B2	5265
1	3	B2	5265
1	1	B2	5266
1	2	B2	5266
1	3	B2	5266
1	1	B2	5267
1	2	B2	5267
1	3	B2	5267
1	1	B2	5268
1	2	B2	5268
1	3	B2	5268
1	1	B2	5269
1	2	B2	5269
1	3	B2	5269
1	1	B2	5270
1	2	B2	5270
1	3	B2	5270
1	1	B2	5271
1	2	B2	5271
1	3	B2	5271
1	1	B2	5272
1	2	B2	5272
1	3	B2	5272
1	1	B2	5273
1	2	B2	5273
1	3	B2	5273
1	1	B2	5274
1	2	B2	5274
1	3	B2	5274
1	1	B2	5275
1	2	B2	5275
1	3	B2	5275
1	1	B2	5276
1	2	B2	5276
1	3	B2	5276
1	1	B2	5277
1	2	B2	5277
1	3	B2	5277
1	1	B2	5278
1	2	B2	5278
1	3	B2	5278
1	1	B2	5279
1	2	B2	5279
1	3	B2	5279
1	1	B2	5280
1	2	B2	5280
1	3	B2	5280
1	1	B2	5281
1	2	B2	5281
1	3	B2	5281
1	1	B2	5282
1	2	B2	5282
1	3	B2	5282
1	1	B2	5283
1	2	B2	5283
1	3	B2	5283
1	1	B2	5284
1	2	B2	5284
1	3	B2	5284
1	1	B2	5285
1	2	B2	5285
1	3	B2	5285
1	1	B2	5286
1	2	B2	5286
1	3	B2	5286
1	1	B2	5287
1	2	B2	5287
1	3	B2	5287
1	1	B2	5288
1	2	B2	5288
1	3	B2	5288
1	1	B2	5289
1	2	B2	5289
1	3	B2	5289
1	1	B2	5290
1	2	B2	5290
1	3	B2	5290
1	1	B2	5291
1	2	B2	5291
1	3	B2	5291
1	1	B2	5292
1	2	B2	5292
1	3	B2	5292
1	1	B2	5293
1	2	B2	5293
1	3	B2	5293
1	1	B2	5294
1	2	B2	5294
1	3	B2	5294
1	1	B2	5295
1	2	B2	5295
1	3	B2	5295
1	1	B2	5296
1	2	B2	5296
1	3	B2	5296
1	1	B2	5297
1	2	B2	5297
1	3	B2	5297
1	1	B2	5298
1	2	B2	5298
1	3	B2	5298
1	1	B2	5299
1	2	B2	5299
1	3	B2	5299
1	1	B2	5300
1	2	B2	5300
1	3	B2	5300
1	1	B2	5301
1	2	B2	5301
1	3	B2	5301
1	1	B2	5302
1	2	B2	5302
1	3	B2	5302
1	1	B2	5303
1	2	B2	5303
1	3	B2	5303
1	1	B2	5304
1	2	B2	5304
1	3	B2	5304
1	1	B2	5305
1	2	B2	5305
1	3	B2	5305
1	1	B2	5306
1	2	B2	5306
1	3	B2	5306
1	1	B2	5307
1	2	B2	5307
1	3	B2	5307
1	1	B2	5308
1	2	B2	5308
1	3	B2	5308
1	1	B2	5309
1	2	B2	5309
1	3	B2	5309
1	1	B2	5310
1	2	B2	5310
1	3	B2	5310
1	1	B2	5311
1	2	B2	5311
1	3	B2	5311
1	1	B2	5312
1	2	B2	5312
1	3	B2	5312
1	1	B2	5313
1	2	B2	5313
1	3	B2	5313
1	1	B2	5314
1	2	B2	5314
1	3	B2	5314
1	1	B2	5315
1	2	B2	5315
1	3	B2	5315
1	1	B2	5316
1	2	B2	5316
1	3	B2	5316
1	1	B2	5317
1	2	B2	5317
1	3	B2	5317
1	1	B2	5318
1	2	B2	5318
1	3	B2	5318
1	1	B2	5319
1	2	B2	5319
1	3	B2	5319
1	1	B2	5320
1	2	B2	5320
1	3	B2	5320
1	1	B2	5321
1	2	B2	5321
1	3	B2	5321
1	1	B2	5322
1	2	B2	5322
1	3	B2	5322
1	1	B2	5323
1	2	B2	5323
1	3	B2	5323
1	1	B2	5324
1	2	B2	5324
1	3	B2	5324
1	1	B2	5325
1	2	B2	5325
1	3	B2	5325
1	1	B2	5326
1	2	B2	5326
1	3	B2	5326
1	1	B2	5327
1	2	B2	5327
1	3	B2	5327
1	1	B2	5328
1	2	B2	5328
1	3	B2	5328
1	1	B2	5329
1	2	B2	5329
1	3	B2	5329
1	1	B2	5330
1	2	B2	5330
1	3	B2	5330
1	1	B2	5331
1	2	B2	5331
1	3	B2	5331
1	1	B2	5332
1	2	B2	5332
1	3	B2	5332
1	1	B2	5333
1	2	B2	5333
1	3	B2	5333
1	1	B2	5334
1	2	B2	5334
1	3	B2	5334
1	1	B2	5335
1	2	B2	5335
1	3	B2	5335
1	1	B2	5336
1	2	B2	5336
1	3	B2	5336
1	1	B2	5337
1	2	B2	5337
1	3	B2	5337
1	1	B2	5338
1	2	B2	5338
1	3	B2	5338
1	1	B2	5339
1	2	B2	5339
1	3	B2	5339
1	1	B2	5340
1	2	B2	5340
1	3	B2	5340
1	1	B2	5341
1	2	B2	5341
1	3	B2	5341
1	1	B2	5342
1	2	B2	5342
1	3	B2	5342
1	1	B2	5343
1	2	B2	5343
1	3	B2	5343
1	1	B2	5344
1	2	B2	5344
1	3	B2	5344
1	1	B2	5345
1	2	B2	5345
1	3	B2	5345
1	1	B2	5346
1	2	B2	5346
1	3	B2	5346
1	1	B2	5347
1	2	B2	5347
1	3	B2	5347
1	1	B2	5348
1	2	B2	5348
1	3	B2	5348
1	1	B2	5349
1	2	B2	5349
1	3	B2	5349
1	1	B2	5350
1	2	B2	5350
1	3	B2	5350
1	1	B2	5351
1	2	B2	5351
1	3	B2	5351
1	1	B2	5352
1	2	B2	5352
1	3	B2	5352
1	1	B2	5353
1	2	B2	5353
1	3	B2	5353
1	1	B2	5354
1	2	B2	5354
1	3	B2	5354
1	1	B2	5355
1	2	B2	5355
1	3	B2	5355
1	1	B2	5356
1	2	B2	5356
1	3	B2	5356
1	1	B2	5357
1	2	B2	5357
1	3	B2	5357
1	1	B2	5358
1	2	B2	5358
1	3	B2	5358
1	1	B2	5359
1	2	B2	5359
1	3	B2	5359
1	1	B2	5360
1	2	B2	5360
1	3	B2	5360
1	1	B2	5361
1	2	B2	5361
1	3	B2	5361
1	1	B2	5362
1	2	B2	5362
1	3	B2	5362
1	1	B2	5363
1	2	B2	5363
1	3	B2	5363
1	1	B2	5364
1	2	B2	5364
1	3	B2	5364
1	1	B2	5365
1	2	B2	5365
1	3	B2	5365
1	1	B2	5366
1	2	B2	5366
1	3	B2	5366
1	1	B2	5367
1	2	B2	5367
1	3	B2	5367
1	1	B2	5368
1	2	B2	5368
1	3	B2	5368
1	1	B2	5369
1	2	B2	5369
1	3	B2	5369
1	1	B2	5370
1	2	B2	5370
1	3	B2	5370
1	1	B2	5371
1	2	B2	5371
1	3	B2	5371
1	1	B2	5372
1	2	B2	5372
1	3	B2	5372
1	1	B2	5373
1	2	B2	5373
1	3	B2	5373
1	1	B2	5374
1	2	B2	5374
1	3	B2	5374
1	1	B2	5375
1	2	B2	5375
1	3	B2	5375
1	1	B2	5376
1	2	B2	5376
1	3	B2	5376
1	1	B2	5377
1	2	B2	5377
1	3	B2	5377
1	1	B2	5378
1	2	B2	5378
1	3	B2	5378
1	1	B2	5379
1	2	B2	5379
1	3	B2	5379
1	1	B2	5380
1	2	B2	5380
1	3	B2	5380
1	1	B2	5381
1	2	B2	5381
1	3	B2	5381
1	1	B2	5382
1	2	B2	5382
1	3	B2	5382
1	1	B2	5383
1	2	B2	5383
1	3	B2	5383
1	1	B2	5384
1	2	B2	5384
1	3	B2	5384
1	1	B2	5385
1	2	B2	5385
1	3	B2	5385
1	1	B2	5386
1	2	B2	5386
1	3	B2	5386
1	1	B2	5387
1	2	B2	5387
1	3	B2	5387
1	1	B2	5388
1	2	B2	5388
1	3	B2	5388
1	1	B2	5389
1	2	B2	5389
1	3	B2	5389
1	1	B2	5390
1	2	B2	5390
1	3	B2	5390
1	1	B2	5391
1	2	B2	5391
1	3	B2	5391
1	1	B2	5392
1	2	B2	5392
1	3	B2	5392
1	1	B2	5393
1	2	B2	5393
1	3	B2	5393
1	1	B2	5394
1	2	B2	5394
1	3	B2	5394
1	1	B2	5395
1	2	B2	5395
1	3	B2	5395
1	1	B2	5396
1	2	B2	5396
1	3	B2	5396
1	1	B2	5397
1	2	B2	5397
1	3	B2	5397
1	1	B2	5398
1	2	B2	5398
1	3	B2	5398
1	1	B2	5399
1	2	B2	5399
1	3	B2	5399
1	1	B2	5400
1	2	B2	5400
1	3	B2	5400
1	1	B2	5401
1	2	B2	5401
1	3	B2	5401
1	1	B2	5402
1	2	B2	5402
1	3	B2	5402
1	1	B2	5403
1	2	B2	5403
1	3	B2	5403
1	1	B2	5404
1	2	B2	5404
1	3	B2	5404
1	1	B2	5405
1	2	B2	5405
1	3	B2	5405
1	1	B2	5406
1	2	B2	5406
1	3	B2	5406
1	1	B2	5407
1	2	B2	5407
1	3	B2	5407
1	1	B2	5408
1	2	B2	5408
1	3	B2	5408
1	1	B2	5409
1	2	B2	5409
1	3	B2	5409
1	1	B2	5410
1	2	B2	5410
1	3	B2	5410
1	1	B2	5411
1	2	B2	5411
1	3	B2	5411
1	1	B2	5412
1	2	B2	5412
1	3	B2	5412
1	1	B2	5413
1	2	B2	5413
1	3	B2	5413
1	1	B2	5414
1	2	B2	5414
1	3	B2	5414
1	1	B2	5415
1	2	B2	5415
1	3	B2	5415
1	1	B2	5416
1	2	B2	5416
1	3	B2	5416
1	1	B2	5417
1	2	B2	5417
1	3	B2	5417
1	1	B2	5418
1	2	B2	5418
1	3	B2	5418
1	1	B2	5419
1	2	B2	5419
1	3	B2	5419
1	1	B2	5420
1	2	B2	5420
1	3	B2	5420
1	1	B2	5421
1	2	B2	5421
1	3	B2	5421
1	1	B2	5422
1	2	B2	5422
1	3	B2	5422
1	1	B2	5423
1	2	B2	5423
1	3	B2	5423
1	1	B2	5424
1	2	B2	5424
1	3	B2	5424
1	1	B2	5425
1	2	B2	5425
1	3	B2	5425
1	1	B2	5426
1	2	B2	5426
1	3	B2	5426
1	1	B2	5427
1	2	B2	5427
1	3	B2	5427
1	1	B2	5428
1	2	B2	5428
1	3	B2	5428
1	1	B2	5429
1	2	B2	5429
1	3	B2	5429
1	1	B2	5430
1	2	B2	5430
1	3	B2	5430
1	1	B2	5431
1	2	B2	5431
1	3	B2	5431
1	1	B2	5432
1	2	B2	5432
1	3	B2	5432
1	1	B2	5433
1	2	B2	5433
1	3	B2	5433
1	1	B2	5434
1	2	B2	5434
1	3	B2	5434
1	1	B2	5435
1	2	B2	5435
1	3	B2	5435
1	1	B2	5436
1	2	B2	5436
1	3	B2	5436
1	1	B2	5437
1	2	B2	5437
1	3	B2	5437
1	1	B2	5438
1	2	B2	5438
1	3	B2	5438
1	1	B2	5439
1	2	B2	5439
1	3	B2	5439
1	1	B2	5440
1	2	B2	5440
1	3	B2	5440
1	1	B2	5441
1	2	B2	5441
1	3	B2	5441
1	1	B2	5442
1	2	B2	5442
1	3	B2	5442
1	1	B2	5443
1	2	B2	5443
1	3	B2	5443
1	1	B2	5444
1	2	B2	5444
1	3	B2	5444
1	1	B2	5445
1	2	B2	5445
1	3	B2	5445
1	1	B2	5446
1	2	B2	5446
1	3	B2	5446
1	1	B2	5447
1	2	B2	5447
1	3	B2	5447
1	1	B2	5448
1	2	B2	5448
1	3	B2	5448
1	1	B2	5449
1	2	B2	5449
1	3	B2	5449
1	1	B2	5450
1	2	B2	5450
1	3	B2	5450
1	1	B2	5451
1	2	B2	5451
1	3	B2	5451
1	1	B2	5452
1	2	B2	5452
1	3	B2	5452
1	1	B2	5453
1	2	B2	5453
1	3	B2	5453
1	1	B2	5454
1	2	B2	5454
1	3	B2	5454
1	1	B2	5455
1	2	B2	5455
1	3	B2	5455
1	1	B2	5456
1	2	B2	5456
1	3	B2	5456
1	1	B2	5457
1	2	B2	5457
1	3	B2	5457
1	1	B2	5458
1	2	B2	5458
1	3	B2	5458
1	1	B2	5459
1	2	B2	5459
1	3	B2	5459
1	1	B2	5460
1	2	B2	5460
1	3	B2	5460
1	1	B2	5461
1	2	B2	5461
1	3	B2	5461
1	1	B2	5462
1	2	B2	5462
1	3	B2	5462
1	1	B2	5463
1	2	B2	5463
1	3	B2	5463
1	1	B2	5464
1	2	B2	5464
1	3	B2	5464
1	1	B2	5465
1	2	B2	5465
1	3	B2	5465
1	1	B2	5466
1	2	B2	5466
1	3	B2	5466
1	1	B2	5467
1	2	B2	5467
1	3	B2	5467
1	1	B2	5468
1	2	B2	5468
1	3	B2	5468
1	1	B2	5469
1	2	B2	5469
1	3	B2	5469
1	1	B2	5470
1	2	B2	5470
1	3	B2	5470
1	1	B2	5471
1	2	B2	5471
1	3	B2	5471
1	1	B2	5472
1	2	B2	5472
1	3	B2	5472
1	1	B2	5473
1	2	B2	5473
1	3	B2	5473
1	1	B2	5474
1	2	B2	5474
1	3	B2	5474
1	1	B2	5475
1	2	B2	5475
1	3	B2	5475
1	1	B2	5476
1	2	B2	5476
1	3	B2	5476
1	1	B2	5477
1	2	B2	5477
1	3	B2	5477
1	1	B2	5478
1	2	B2	5478
1	3	B2	5478
1	1	B2	5479
1	2	B2	5479
1	3	B2	5479
1	1	B2	5480
1	2	B2	5480
1	3	B2	5480
1	1	B2	5481
1	2	B2	5481
1	3	B2	5481
1	1	B2	5482
1	2	B2	5482
1	3	B2	5482
1	1	B2	5483
1	2	B2	5483
1	3	B2	5483
1	1	B2	5484
1	2	B2	5484
1	3	B2	5484
1	1	B2	5485
1	2	B2	5485
1	3	B2	5485
1	1	B2	5486
1	2	B2	5486
1	3	B2	5486
1	1	B2	5487
1	2	B2	5487
1	3	B2	5487
1	1	B2	5488
1	2	B2	5488
1	3	B2	5488
1	1	B2	5489
1	2	B2	5489
1	3	B2	5489
1	1	B2	5490
1	2	B2	5490
1	3	B2	5490
1	1	B2	5491
1	2	B2	5491
1	3	B2	5491
1	1	B2	5492
1	2	B2	5492
1	3	B2	5492
1	1	B2	5493
1	2	B2	5493
1	3	B2	5493
1	1	B2	5494
1	2	B2	5494
1	3	B2	5494
1	1	B2	5495
1	2	B2	5495
1	3	B2	5495
1	1	B2	5496
1	2	B2	5496
1	3	B2	5496
1	1	B2	5497
1	2	B2	5497
1	3	B2	5497
1	1	B2	5498
1	2	B2	5498
1	3	B2	5498
1	1	B2	5499
1	2	B2	5499
1	3	B2	5499
1	1	B2	5500
1	2	B2	5500
1	3	B2	5500
1	1	B2	5501
1	2	B2	5501
1	3	B2	5501
1	1	B2	5502
1	2	B2	5502
1	3	B2	5502
1	1	B2	5503
1	2	B2	5503
1	3	B2	5503
1	1	B2	5504
1	2	B2	5504
1	3	B2	5504
1	1	B2	5505
1	2	B2	5505
1	3	B2	5505
1	1	B2	5506
1	2	B2	5506
1	3	B2	5506
1	1	B2	5507
1	2	B2	5507
1	3	B2	5507
1	1	B2	5508
1	2	B2	5508
1	3	B2	5508
1	1	B2	5509
1	2	B2	5509
1	3	B2	5509
1	1	B2	5510
1	2	B2	5510
1	3	B2	5510
1	1	B2	5511
1	2	B2	5511
1	3	B2	5511
1	1	B2	5512
1	2	B2	5512
1	3	B2	5512
1	1	B2	5513
1	2	B2	5513
1	3	B2	5513
1	1	B2	5514
1	2	B2	5514
1	3	B2	5514
1	1	B2	5515
1	2	B2	5515
1	3	B2	5515
1	1	B2	5516
1	2	B2	5516
1	3	B2	5516
1	1	B2	5517
1	2	B2	5517
1	3	B2	5517
1	1	B2	5518
1	2	B2	5518
1	3	B2	5518
1	1	B2	5519
1	2	B2	5519
1	3	B2	5519
1	1	B2	5520
1	2	B2	5520
1	3	B2	5520
1	1	B2	5521
1	2	B2	5521
1	3	B2	5521
1	1	B2	5522
1	2	B2	5522
1	3	B2	5522
1	1	B2	5523
1	2	B2	5523
1	3	B2	5523
1	1	B2	5524
1	2	B2	5524
1	3	B2	5524
1	1	B2	5525
1	2	B2	5525
1	3	B2	5525
1	1	B2	5526
1	2	B2	5526
1	3	B2	5526
1	1	B2	5527
1	2	B2	5527
1	3	B2	5527
1	1	B2	5528
1	2	B2	5528
1	3	B2	5528
1	1	B2	5529
1	2	B2	5529
1	3	B2	5529
1	1	B2	5530
1	2	B2	5530
1	3	B2	5530
1	1	B2	5531
1	2	B2	5531
1	3	B2	5531
1	1	B2	5532
1	2	B2	5532
1	3	B2	5532
1	1	B2	5533
1	2	B2	5533
1	3	B2	5533
1	1	B2	5534
1	2	B2	5534
1	3	B2	5534
1	1	B2	5535
1	2	B2	5535
1	3	B2	5535
1	1	B2	5536
1	2	B2	5536
1	3	B2	5536
1	1	B2	5537
1	2	B2	5537
1	3	B2	5537
1	1	B2	5538
1	2	B2	5538
1	3	B2	5538
1	1	B2	5539
1	2	B2	5539
1	3	B2	5539
1	1	B2	5540
1	2	B2	5540
1	3	B2	5540
1	1	B2	5541
1	2	B2	5541
1	3	B2	5541
1	1	B2	5542
1	2	B2	5542
1	3	B2	5542
1	1	B2	5543
1	2	B2	5543
1	3	B2	5543
1	1	B2	5544
1	2	B2	5544
1	3	B2	5544
1	1	B2	5545
1	2	B2	5545
1	3	B2	5545
1	1	B2	5546
1	2	B2	5546
1	3	B2	5546
1	1	B2	5547
1	2	B2	5547
1	3	B2	5547
1	1	B2	5548
1	2	B2	5548
1	3	B2	5548
1	1	B2	5549
1	2	B2	5549
1	3	B2	5549
1	1	B2	5550
1	2	B2	5550
1	3	B2	5550
1	1	B2	5551
1	2	B2	5551
1	3	B2	5551
1	1	B2	5552
1	2	B2	5552
1	3	B2	5552
1	1	B2	5553
1	2	B2	5553
1	3	B2	5553
1	1	B2	5554
1	2	B2	5554
1	3	B2	5554
1	1	B2	5555
1	2	B2	5555
1	3	B2	5555
1	1	B2	5556
1	2	B2	5556
1	3	B2	5556
1	1	B2	5557
1	2	B2	5557
1	3	B2	5557
1	1	B2	5558
1	2	B2	5558
1	3	B2	5558
1	1	B2	5559
1	2	B2	5559
1	3	B2	5559
1	1	B2	5560
1	2	B2	5560
1	3	B2	5560
1	1	B2	5561
1	2	B2	5561
1	3	B2	5561
1	1	B2	5562
1	2	B2	5562
1	3	B2	5562
1	1	B2	5563
1	2	B2	5563
1	3	B2	5563
1	1	B2	5564
1	2	B2	5564
1	3	B2	5564
1	1	B2	5565
1	2	B2	5565
1	3	B2	5565
1	1	B2	5566
1	2	B2	5566
1	3	B2	5566
1	1	B2	5567
1	2	B2	5567
1	3	B2	5567
1	1	B2	5568
1	2	B2	5568
1	3	B2	5568
1	1	B2	5569
1	2	B2	5569
1	3	B2	5569
1	1	B2	5570
1	2	B2	5570
1	3	B2	5570
1	1	B2	5571
1	2	B2	5571
1	3	B2	5571
1	1	B2	5572
1	2	B2	5572
1	3	B2	5572
1	1	B2	5573
1	2	B2	5573
1	3	B2	5573
1	1	B2	5574
1	2	B2	5574
1	3	B2	5574
1	1	B2	5575
1	2	B2	5575
1	3	B2	5575
1	1	B2	5576
1	2	B2	5576
1	3	B2	5576
1	1	B2	5577
1	2	B2	5577
1	3	B2	5577
1	1	B2	5578
1	2	B2	5578
1	3	B2	5578
1	1	B2	5579
1	2	B2	5579
1	3	B2	5579
1	1	B2	5580
1	2	B2	5580
1	3	B2	5580
1	1	B2	5581
1	2	B2	5581
1	3	B2	5581
1	1	B2	5582
1	2	B2	5582
1	3	B2	5582
1	1	B2	5583
1	2	B2	5583
1	3	B2	5583
1	1	B2	5584
1	2	B2	5584
1	3	B2	5584
1	1	B2	5585
1	2	B2	5585
1	3	B2	5585
1	1	B2	5586
1	2	B2	5586
1	3	B2	5586
1	1	B2	5587
1	2	B2	5587
1	3	B2	5587
1	1	B2	5588
1	2	B2	5588
1	3	B2	5588
1	1	B2	5589
1	2	B2	5589
1	3	B2	5589
1	1	B2	5590
1	2	B2	5590
1	3	B2	5590
1	1	B2	5591
1	2	B2	5591
1	3	B2	5591
1	1	B2	5592
1	2	B2	5592
1	3	B2	5592
1	1	B2	5593
1	2	B2	5593
1	3	B2	5593
1	1	B2	5594
1	2	B2	5594
1	3	B2	5594
1	1	B2	5595
1	2	B2	5595
1	3	B2	5595
1	1	B2	5596
1	2	B2	5596
1	3	B2	5596
1	1	B2	5597
1	2	B2	5597
1	3	B2	5597
1	1	B2	5598
1	2	B2	5598
1	3	B2	5598
1	1	B2	5599
1	2	B2	5599
1	3	B2	5599
1	1	B2	5600
1	2	B2	5600
1	3	B2	5600
1	1	B2	5601
1	2	B2	5601
1	3	B2	5601
1	1	B2	5602
1	2	B2	5602
1	3	B2	5602
1	1	B2	5603
1	2	B2	5603
1	3	B2	5603
1	1	B2	5604
1	2	B2	5604
1	3	B2	5604
1	1	B2	5605
1	2	B2	5605
1	3	B2	5605
1	1	B2	5606
1	2	B2	5606
1	3	B2	5606
1	1	B2	5607
1	2	B2	5607
1	3	B2	5607
1	1	B2	5608
1	2	B2	5608
1	3	B2	5608
1	1	B2	5609
1	2	B2	5609
1	3	B2	5609
1	1	B2	5610
1	2	B2	5610
1	3	B2	5610
1	1	B2	5611
1	2	B2	5611
1	3	B2	5611
1	1	B2	5612
1	2	B2	5612
1	3	B2	5612
1	1	B2	5613
1	2	B2	5613
1	3	B2	5613
1	1	B2	5614
1	2	B2	5614
1	3	B2	5614
1	1	B2	5615
1	2	B2	5615
1	3	B2	5615
1	1	B2	5616
1	2	B2	5616
1	3	B2	5616
1	1	B2	5617
1	2	B2	5617
1	3	B2	5617
1	1	B2	5618
1	2	B2	5618
1	3	B2	5618
1	1	B2	5619
1	2	B2	5619
1	3	B2	5619
1	1	B2	5620
1	2	B2	5620
1	3	B2	5620
1	1	B2	5621
1	2	B2	5621
1	3	B2	5621
1	1	B2	5622
1	2	B2	5622
1	3	B2	5622
1	1	B2	5623
1	2	B2	5623
1	3	B2	5623
1	1	B2	5624
1	2	B2	5624
1	3	B2	5624
1	1	B2	5625
1	2	B2	5625
1	3	B2	5625
1	1	B2	5626
1	2	B2	5626
1	3	B2	5626
1	1	B2	5627
1	2	B2	5627
1	3	B2	5627
1	1	B2	5628
1	2	B2	5628
1	3	B2	5628
1	1	B2	5629
1	2	B2	5629
1	3	B2	5629
1	1	B2	5630
1	2	B2	5630
1	3	B2	5630
1	1	B2	5631
1	2	B2	5631
1	3	B2	5631
1	1	B2	5632
1	2	B2	5632
1	3	B2	5632
1	1	B2	5633
1	2	B2	5633
1	3	B2	5633
1	1	B2	5634
1	2	B2	5634
1	3	B2	5634
1	1	B2	5635
1	2	B2	5635
1	3	B2	5635
1	1	B2	5636
1	2	B2	5636
1	3	B2	5636
1	1	B2	5637
1	2	B2	5637
1	3	B2	5637
1	1	B2	5638
1	2	B2	5638
1	3	B2	5638
1	1	B2	5639
1	2	B2	5639
1	3	B2	5639
1	1	B2	5640
1	2	B2	5640
1	3	B2	5640
1	1	B2	5641
1	2	B2	5641
1	3	B2	5641
1	1	B2	5642
1	2	B2	5642
1	3	B2	5642
1	1	B2	5643
1	2	B2	5643
1	3	B2	5643
1	1	B2	5644
1	2	B2	5644
1	3	B2	5644
1	1	B2	5645
1	2	B2	5645
1	3	B2	5645
1	1	B2	5646
1	2	B2	5646
1	3	B2	5646
1	1	B2	5647
1	2	B2	5647
1	3	B2	5647
1	1	B2	5648
1	2	B2	5648
1	3	B2	5648
1	1	B2	5649
1	2	B2	5649
1	3	B2	5649
1	1	B2	5650
1	2	B2	5650
1	3	B2	5650
1	1	B2	5651
1	2	B2	5651
1	3	B2	5651
1	1	B2	5652
1	2	B2	5652
1	3	B2	5652
1	1	B2	5653
1	2	B2	5653
1	3	B2	5653
1	1	B2	5654
1	2	B2	5654
1	3	B2	5654
1	1	B2	5655
1	2	B2	5655
1	3	B2	5655
1	1	B2	5656
1	2	B2	5656
1	3	B2	5656
1	1	B2	5657
1	2	B2	5657
1	3	B2	5657
1	1	B2	5658
1	2	B2	5658
1	3	B2	5658
1	1	B2	5659
1	2	B2	5659
1	3	B2	5659
1	1	B2	5660
1	2	B2	5660
1	3	B2	5660
1	1	B2	5661
1	2	B2	5661
1	3	B2	5661
1	1	B2	5662
1	2	B2	5662
1	3	B2	5662
1	1	B2	5663
1	2	B2	5663
1	3	B2	5663
1	1	B2	5664
1	2	B2	5664
1	3	B2	5664
1	1	B2	5665
1	2	B2	5665
1	3	B2	5665
1	1	B2	5666
1	2	B2	5666
1	3	B2	5666
1	1	B2	5667
1	2	B2	5667
1	3	B2	5667
1	1	B2	5668
1	2	B2	5668
1	3	B2	5668
1	1	B2	5669
1	2	B2	5669
1	3	B2	5669
1	1	B2	5670
1	2	B2	5670
1	3	B2	5670
1	1	B2	5671
1	2	B2	5671
1	3	B2	5671
1	1	B2	5672
1	2	B2	5672
1	3	B2	5672
1	1	B2	5673
1	2	B2	5673
1	3	B2	5673
1	1	B2	5674
1	2	B2	5674
1	3	B2	5674
1	1	B2	5675
1	2	B2	5675
1	3	B2	5675
1	1	B2	5676
1	2	B2	5676
1	3	B2	5676
1	1	B2	5677
1	2	B2	5677
1	3	B2	5677
1	1	B2	5678
1	2	B2	5678
1	3	B2	5678
1	1	B2	5679
1	2	B2	5679
1	3	B2	5679
1	1	B2	5680
1	2	B2	5680
1	3	B2	5680
1	1	B2	5681
1	2	B2	5681
1	3	B2	5681
1	1	B2	5682
1	2	B2	5682
1	3	B2	5682
1	1	B2	5683
1	2	B2	5683
1	3	B2	5683
1	1	B2	5684
1	2	B2	5684
1	3	B2	5684
1	1	B2	5685
1	2	B2	5685
1	3	B2	5685
1	1	B2	5686
1	2	B2	5686
1	3	B2	5686
1	1	B2	5687
1	2	B2	5687
1	3	B2	5687
1	1	B2	5688
1	2	B2	5688
1	3	B2	5688
1	1	B2	5689
1	2	B2	5689
1	3	B2	5689
1	1	B2	5690
1	2	B2	5690
1	3	B2	5690
1	1	B2	5691
1	2	B2	5691
1	3	B2	5691
1	1	B2	5692
1	2	B2	5692
1	3	B2	5692
1	1	B2	5693
1	2	B2	5693
1	3	B2	5693
1	1	B2	5694
1	2	B2	5694
1	3	B2	5694
1	1	B2	5695
1	2	B2	5695
1	3	B2	5695
1	1	B2	5696
1	2	B2	5696
1	3	B2	5696
1	1	B2	5697
1	2	B2	5697
1	3	B2	5697
1	1	B2	5698
1	2	B2	5698
1	3	B2	5698
1	1	B2	5699
1	2	B2	5699
1	3	B2	5699
1	1	B2	5700
1	2	B2	5700
1	3	B2	5700
1	1	B2	5701
1	2	B2	5701
1	3	B2	5701
1	1	B2	5702
1	2	B2	5702
1	3	B2	5702
1	1	B2	5703
1	2	B2	5703
1	3	B2	5703
1	1	B2	5704
1	2	B2	5704
1	3	B2	5704
1	1	B2	5705
1	2	B2	5705
1	3	B2	5705
1	1	B2	5706
1	2	B2	5706
1	3	B2	5706
1	1	B2	5707
1	2	B2	5707
1	3	B2	5707
1	1	B2	5708
1	2	B2	5708
1	3	B2	5708
1	1	B2	5709
1	2	B2	5709
1	3	B2	5709
1	1	B2	5710
1	2	B2	5710
1	3	B2	5710
1	1	B2	5711
1	2	B2	5711
1	3	B2	5711
1	1	B2	5712
1	2	B2	5712
1	3	B2	5712
1	1	B2	5713
1	2	B2	5713
1	3	B2	5713
1	1	B2	5714
1	2	B2	5714
1	3	B2	5714
1	1	B2	5715
1	2	B2	5715
1	3	B2	5715
1	1	B2	5716
1	2	B2	5716
1	3	B2	5716
1	1	B2	5717
1	2	B2	5717
1	3	B2	5717
1	1	B2	5718
1	2	B2	5718
1	3	B2	5718
1	1	B2	5719
1	2	B2	5719
1	3	B2	5719
1	1	B2	5720
1	2	B2	5720
1	3	B2	5720
1	1	B2	5721
1	2	B2	5721
1	3	B2	5721
1	1	B2	5722
1	2	B2	5722
1	3	B2	5722
1	1	B2	5723
1	2	B2	5723
1	3	B2	5723
1	1	B2	5724
1	2	B2	5724
1	3	B2	5724
1	1	B2	5725
1	2	B2	5725
1	3	B2	5725
1	1	B2	5726
1	2	B2	5726
1	3	B2	5726
1	1	B2	5727
1	2	B2	5727
1	3	B2	5727
1	1	B2	5728
1	2	B2	5728
1	3	B2	5728
1	1	B2	5729
1	2	B2	5729
1	3	B2	5729
1	1	B2	5730
1	2	B2	5730
1	3	B2	5730
1	1	B2	5731
1	2	B2	5731
1	3	B2	5731
1	1	B2	5732
1	2	B2	5732
1	3	B2	5732
1	1	B2	5733
1	2	B2	5733
1	3	B2	5733
1	1	B2	5734
1	2	B2	5734
1	3	B2	5734
1	1	B2	5735
1	2	B2	5735
1	3	B2	5735
1	1	B2	5736
1	2	B2	5736
1	3	B2	5736
1	1	B2	5737
1	2	B2	5737
1	3	B2	5737
1	1	B2	5738
1	2	B2	5738
1	3	B2	5738
1	1	B2	5739
1	2	B2	5739
1	3	B2	5739
1	1	B2	5740
1	2	B2	5740
1	3	B2	5740
1	1	B2	5741
1	2	B2	5741
1	3	B2	5741
1	1	B2	5742
1	2	B2	5742
1	3	B2	5742
1	1	B2	5743
1	2	B2	5743
1	3	B2	5743
1	1	B2	5744
1	2	B2	5744
1	3	B2	5744
1	1	B2	5745
1	2	B2	5745
1	3	B2	5745
1	1	B2	5746
1	2	B2	5746
1	3	B2	5746
1	1	B2	5747
1	2	B2	5747
1	3	B2	5747
1	1	B2	5748
1	2	B2	5748
1	3	B2	5748
1	1	B2	5749
1	2	B2	5749
1	3	B2	5749
1	1	B2	5750
1	2	B2	5750
1	3	B2	5750
1	1	B2	5751
1	2	B2	5751
1	3	B2	5751
1	1	B2	5752
1	2	B2	5752
1	3	B2	5752
1	1	B2	5753
1	2	B2	5753
1	3	B2	5753
1	1	B2	5754
1	2	B2	5754
1	3	B2	5754
1	1	B2	5755
1	2	B2	5755
1	3	B2	5755
1	1	B2	5756
1	2	B2	5756
1	3	B2	5756
1	1	B2	5757
1	2	B2	5757
1	3	B2	5757
1	1	B2	5758
1	2	B2	5758
1	3	B2	5758
1	1	B2	5759
1	2	B2	5759
1	3	B2	5759
1	1	B2	5760
1	2	B2	5760
1	3	B2	5760
1	1	B2	5761
1	2	B2	5761
1	3	B2	5761
1	1	B2	5762
1	2	B2	5762
1	3	B2	5762
1	1	B2	5763
1	2	B2	5763
1	3	B2	5763
1	1	B2	5764
1	2	B2	5764
1	3	B2	5764
1	1	B2	5765
1	2	B2	5765
1	3	B2	5765
1	1	B2	5766
1	2	B2	5766
1	3	B2	5766
1	1	B2	5767
1	2	B2	5767
1	3	B2	5767
1	1	B2	5768
1	2	B2	5768
1	3	B2	5768
1	1	B2	5769
1	2	B2	5769
1	3	B2	5769
1	1	B2	5770
1	2	B2	5770
1	3	B2	5770
1	1	B2	5771
1	2	B2	5771
1	3	B2	5771
1	1	B2	5772
1	2	B2	5772
1	3	B2	5772
1	1	B2	5773
1	2	B2	5773
1	3	B2	5773
1	1	B2	5774
1	2	B2	5774
1	3	B2	5774
1	1	B2	5775
1	2	B2	5775
1	3	B2	5775
1	1	B2	5776
1	2	B2	5776
1	3	B2	5776
1	1	B2	5777
1	2	B2	5777
1	3	B2	5777
1	1	B2	5778
1	2	B2	5778
1	3	B2	5778
1	1	B2	5779
1	2	B2	5779
1	3	B2	5779
1	1	B2	5780
1	2	B2	5780
1	3	B2	5780
1	1	B2	5781
1	2	B2	5781
1	3	B2	5781
1	1	B2	5782
1	2	B2	5782
1	3	B2	5782
1	1	B2	5783
1	2	B2	5783
1	3	B2	5783
1	1	B2	5784
1	2	B2	5784
1	3	B2	5784
1	1	B2	5785
1	2	B2	5785
1	3	B2	5785
1	1	B2	5786
1	2	B2	5786
1	3	B2	5786
1	1	B2	5787
1	2	B2	5787
1	3	B2	5787
1	1	B2	5788
1	2	B2	5788
1	3	B2	5788
1	1	B2	5789
1	2	B2	5789
1	3	B2	5789
1	1	B2	5790
1	2	B2	5790
1	3	B2	5790
1	1	B2	5791
1	2	B2	5791
1	3	B2	5791
1	1	B2	5792
1	2	B2	5792
1	3	B2	5792
1	1	B2	5793
1	2	B2	5793
1	3	B2	5793
1	1	B2	5794
1	2	B2	5794
1	3	B2	5794
1	1	B2	5795
1	2	B2	5795
1	3	B2	5795
1	1	B2	5796
1	2	B2	5796
1	3	B2	5796
1	1	B2	5797
1	2	B2	5797
1	3	B2	5797
1	1	B2	5798
1	2	B2	5798
1	3	B2	5798
1	1	B2	5799
1	2	B2	5799
1	3	B2	5799
1	1	B2	5800
1	2	B2	5800
1	3	B2	5800
1	1	B2	5801
1	2	B2	5801
1	3	B2	5801
1	1	B2	5802
1	2	B2	5802
1	3	B2	5802
1	1	B2	5803
1	2	B2	5803
1	3	B2	5803
1	1	B2	5804
1	2	B2	5804
1	3	B2	5804
1	1	B2	5805
1	2	B2	5805
1	3	B2	5805
1	1	B2	5806
1	2	B2	5806
1	3	B2	5806
1	1	B2	5807
1	2	B2	5807
1	3	B2	5807
1	1	B2	5808
1	2	B2	5808
1	3	B2	5808
1	1	B2	5809
1	2	B2	5809
1	3	B2	5809
1	1	B2	5810
1	2	B2	5810
1	3	B2	5810
1	1	B2	5811
1	2	B2	5811
1	3	B2	5811
1	1	B2	5812
1	2	B2	5812
1	3	B2	5812
1	1	B2	5813
1	2	B2	5813
1	3	B2	5813
1	1	B2	5814
1	2	B2	5814
1	3	B2	5814
1	1	B2	5815
1	2	B2	5815
1	3	B2	5815
1	1	B2	5816
1	2	B2	5816
1	3	B2	5816
1	1	B2	5817
1	2	B2	5817
1	3	B2	5817
1	1	B2	5818
1	2	B2	5818
1	3	B2	5818
1	1	B2	5819
1	2	B2	5819
1	3	B2	5819
1	1	B2	5820
1	2	B2	5820
1	3	B2	5820
1	1	B2	5821
1	2	B2	5821
1	3	B2	5821
1	1	B2	5822
1	2	B2	5822
1	3	B2	5822
1	1	B2	5823
1	2	B2	5823
1	3	B2	5823
1	1	B2	5824
1	2	B2	5824
1	3	B2	5824
1	1	B2	5825
1	2	B2	5825
1	3	B2	5825
1	1	B2	5826
1	2	B2	5826
1	3	B2	5826
1	1	B2	5827
1	2	B2	5827
1	3	B2	5827
1	1	B2	5828
1	2	B2	5828
1	3	B2	5828
1	1	B2	5829
1	2	B2	5829
1	3	B2	5829
1	1	B2	5830
1	2	B2	5830
1	3	B2	5830
1	1	B2	5831
1	2	B2	5831
1	3	B2	5831
1	1	B2	5832
1	2	B2	5832
1	3	B2	5832
1	1	B2	5833
1	2	B2	5833
1	3	B2	5833
1	1	B2	5834
1	2	B2	5834
1	3	B2	5834
1	1	B2	5835
1	2	B2	5835
1	3	B2	5835
1	1	B2	5836
1	2	B2	5836
1	3	B2	5836
1	1	B2	5837
1	2	B2	5837
1	3	B2	5837
1	1	B2	5838
1	2	B2	5838
1	3	B2	5838
1	1	B2	5839
1	2	B2	5839
1	3	B2	5839
1	1	B2	5840
1	2	B2	5840
1	3	B2	5840
1	1	B2	5841
1	2	B2	5841
1	3	B2	5841
1	1	B2	5842
1	2	B2	5842
1	3	B2	5842
1	1	B2	5843
1	2	B2	5843
1	3	B2	5843
1	1	B2	5844
1	2	B2	5844
1	3	B2	5844
1	1	B2	5845
1	2	B2	5845
1	3	B2	5845
1	1	B2	5846
1	2	B2	5846
1	3	B2	5846
1	1	B2	5847
1	2	B2	5847
1	3	B2	5847
1	1	B2	5848
1	2	B2	5848
1	3	B2	5848
1	1	B2	5849
1	2	B2	5849
1	3	B2	5849
1	1	B2	5850
1	2	B2	5850
1	3	B2	5850
1	1	B2	5851
1	2	B2	5851
1	3	B2	5851
1	1	B2	5852
1	2	B2	5852
1	3	B2	5852
1	1	B2	5853
1	2	B2	5853
1	3	B2	5853
1	1	B2	5854
1	2	B2	5854
1	3	B2	5854
1	1	B2	5855
1	2	B2	5855
1	3	B2	5855
1	1	B2	5856
1	2	B2	5856
1	3	B2	5856
1	1	B2	5857
1	2	B2	5857
1	3	B2	5857
1	1	B2	5858
1	2	B2	5858
1	3	B2	5858
1	1	B2	5859
1	2	B2	5859
1	3	B2	5859
1	1	B2	5860
1	2	B2	5860
1	3	B2	5860
1	1	B2	5861
1	2	B2	5861
1	3	B2	5861
1	1	B2	5862
1	2	B2	5862
1	3	B2	5862
1	1	B2	5863
1	2	B2	5863
1	3	B2	5863
1	1	B2	5864
1	2	B2	5864
1	3	B2	5864
1	1	B2	5865
1	2	B2	5865
1	3	B2	5865
1	1	B2	5866
1	2	B2	5866
1	3	B2	5866
1	1	B2	5867
1	2	B2	5867
1	3	B2	5867
1	1	B2	5868
1	2	B2	5868
1	3	B2	5868
1	1	B2	5869
1	2	B2	5869
1	3	B2	5869
1	1	B2	5870
1	2	B2	5870
1	3	B2	5870
1	1	B2	5871
1	2	B2	5871
1	3	B2	5871
1	1	B2	5872
1	2	B2	5872
1	3	B2	5872
1	1	B2	5873
1	2	B2	5873
1	3	B2	5873
1	1	B2	5874
1	2	B2	5874
1	3	B2	5874
1	1	B2	5875
1	2	B2	5875
1	3	B2	5875
1	1	B2	5876
1	2	B2	5876
1	3	B2	5876
1	1	B2	5877
1	2	B2	5877
1	3	B2	5877
1	1	B2	5878
1	2	B2	5878
1	3	B2	5878
1	1	B2	5879
1	2	B2	5879
1	3	B2	5879
1	1	B2	5880
1	2	B2	5880
1	3	B2	5880
1	1	B2	5881
1	2	B2	5881
1	3	B2	5881
1	1	B2	5882
1	2	B2	5882
1	3	B2	5882
1	1	B2	5883
1	2	B2	5883
1	3	B2	5883
1	1	B2	5884
1	2	B2	5884
1	3	B2	5884
1	1	B2	5885
1	2	B2	5885
1	3	B2	5885
1	1	B2	5886
1	2	B2	5886
1	3	B2	5886
1	1	B2	5887
1	2	B2	5887
1	3	B2	5887
1	1	B2	5888
1	2	B2	5888
1	3	B2	5888
1	1	B2	5889
1	2	B2	5889
1	3	B2	5889
1	1	B2	5890
1	2	B2	5890
1	3	B2	5890
1	1	B2	5891
1	2	B2	5891
1	3	B2	5891
1	1	B2	5892
1	2	B2	5892
1	3	B2	5892
1	1	B2	5893
1	2	B2	5893
1	3	B2	5893
1	1	B2	5894
1	2	B2	5894
1	3	B2	5894
1	1	B2	5895
1	2	B2	5895
1	3	B2	5895
1	1	B2	5896
1	2	B2	5896
1	3	B2	5896
1	1	B2	5897
1	2	B2	5897
1	3	B2	5897
1	1	B2	5898
1	2	B2	5898
1	3	B2	5898
1	1	B2	5899
1	2	B2	5899
1	3	B2	5899
1	1	B2	5900
1	2	B2	5900
1	3	B2	5900
1	1	B2	5901
1	2	B2	5901
1	3	B2	5901
1	1	B2	5902
1	2	B2	5902
1	3	B2	5902
1	1	B2	5903
1	2	B2	5903
1	3	B2	5903
1	1	B2	5904
1	2	B2	5904
1	3	B2	5904
1	1	B2	5905
1	2	B2	5905
1	3	B2	5905
1	1	B2	5906
1	2	B2	5906
1	3	B2	5906
1	1	B2	5907
1	2	B2	5907
1	3	B2	5907
1	1	B2	5908
1	2	B2	5908
1	3	B2	5908
1	1	B2	5909
1	2	B2	5909
1	3	B2	5909
1	1	B2	5910
1	2	B2	5910
1	3	B2	5910
1	1	B2	5911
1	2	B2	5911
1	3	B2	5911
1	1	B2	5912
1	2	B2	5912
1	3	B2	5912
1	1	B2	5913
1	2	B2	5913
1	3	B2	5913
1	1	B2	5914
1	2	B2	5914
1	3	B2	5914
1	1	B2	5915
1	2	B2	5915
1	3	B2	5915
1	1	B2	5916
1	2	B2	5916
1	3	B2	5916
1	1	B2	5917
1	2	B2	5917
1	3	B2	5917
1	1	B2	5918
1	2	B2	5918
1	3	B2	5918
1	1	B2	5919
1	2	B2	5919
1	3	B2	5919
1	1	B2	5920
1	2	B2	5920
1	3	B2	5920
1	1	B2	5921
1	2	B2	5921
1	3	B2	5921
1	1	B2	5922
1	2	B2	5922
1	3	B2	5922
1	1	B2	5923
1	2	B2	5923
1	3	B2	5923
1	1	B2	5924
1	2	B2	5924
1	3	B2	5924
1	1	B2	5925
1	2	B2	5925
1	3	B2	5925
1	1	B2	5926
1	2	B2	5926
1	3	B2	5926
1	1	B2	5927
1	2	B2	5927
1	3	B2	5927
1	1	B2	5928
1	2	B2	5928
1	3	B2	5928
1	1	B2	5929
1	2	B2	5929
1	3	B2	5929
1	1	B2	5930
1	2	B2	5930
1	3	B2	5930
1	1	B2	5931
1	2	B2	5931
1	3	B2	5931
1	1	B2	5932
1	2	B2	5932
1	3	B2	5932
1	1	B2	5933
1	2	B2	5933
1	3	B2	5933
1	1	B2	5934
1	2	B2	5934
1	3	B2	5934
1	1	B2	5935
1	2	B2	5935
1	3	B2	5935
1	1	B2	5936
1	2	B2	5936
1	3	B2	5936
1	1	B2	5937
1	2	B2	5937
1	3	B2	5937
1	1	B2	5938
1	2	B2	5938
1	3	B2	5938
1	1	B2	5939
1	2	B2	5939
1	3	B2	5939
1	1	B2	5940
1	2	B2	5940
1	3	B2	5940
1	1	B2	5941
1	2	B2	5941
1	3	B2	5941
1	1	B2	5942
1	2	B2	5942
1	3	B2	5942
1	1	B2	5943
1	2	B2	5943
1	3	B2	5943
1	1	B2	5944
1	2	B2	5944
1	3	B2	5944
1	1	B2	5945
1	2	B2	5945
1	3	B2	5945
1	1	B2	5946
1	2	B2	5946
1	3	B2	5946
1	1	B2	5947
1	2	B2	5947
1	3	B2	5947
1	1	B2	5948
1	2	B2	5948
1	3	B2	5948
1	1	B2	5949
1	2	B2	5949
1	3	B2	5949
1	1	B2	5950
1	2	B2	5950
1	3	B2	5950
1	1	B2	5951
1	2	B2	5951
1	3	B2	5951
1	1	B2	5952
1	2	B2	5952
1	3	B2	5952
1	1	B2	5953
1	2	B2	5953
1	3	B2	5953
1	1	B2	5954
1	2	B2	5954
1	3	B2	5954
1	1	B2	5955
1	2	B2	5955
1	3	B2	5955
1	1	B2	5956
1	2	B2	5956
1	3	B2	5956
1	1	B2	5957
1	2	B2	5957
1	3	B2	5957
1	1	B2	5958
1	2	B2	5958
1	3	B2	5958
1	1	B2	5959
1	2	B2	5959
1	3	B2	5959
1	1	B2	5960
1	2	B2	5960
1	3	B2	5960
1	1	B2	5961
1	2	B2	5961
1	3	B2	5961
1	1	B2	5962
1	2	B2	5962
1	3	B2	5962
1	1	B2	5963
1	2	B2	5963
1	3	B2	5963
1	1	B2	5964
1	2	B2	5964
1	3	B2	5964
1	1	B2	5965
1	2	B2	5965
1	3	B2	5965
1	1	B2	5966
1	2	B2	5966
1	3	B2	5966
1	1	B2	5967
1	2	B2	5967
1	3	B2	5967
1	1	B2	5968
1	2	B2	5968
1	3	B2	5968
1	1	B2	5969
1	2	B2	5969
1	3	B2	5969
1	1	B2	5970
1	2	B2	5970
1	3	B2	5970
1	1	B2	5971
1	2	B2	5971
1	3	B2	5971
1	1	B2	5972
1	2	B2	5972
1	3	B2	5972
1	1	B2	5973
1	2	B2	5973
1	3	B2	5973
1	1	B2	5974
1	2	B2	5974
1	3	B2	5974
1	1	B2	5975
1	2	B2	5975
1	3	B2	5975
1	1	B2	5976
1	2	B2	5976
1	3	B2	5976
1	1	B2	5977
1	2	B2	5977
1	3	B2	5977
1	1	B2	5978
1	2	B2	5978
1	3	B2	5978
1	1	B2	5979
1	2	B2	5979
1	3	B2	5979
1	1	B2	5980
1	2	B2	5980
1	3	B2	5980
1	1	B2	5981
1	2	B2	5981
1	3	B2	5981
1	1	B2	5982
1	2	B2	5982
1	3	B2	5982
1	1	B2	5983
1	2	B2	5983
1	3	B2	5983
1	1	B2	5984
1	2	B2	5984
1	3	B2	5984
1	1	B2	5985
1	2	B2	5985
1	3	B2	5985
1	1	B2	5986
1	2	B2	5986
1	3	B2	5986
1	1	B2	5987
1	2	B2	5987
1	3	B2	5987
1	1	B2	5988
1	2	B2	5988
1	3	B2	5988
1	1	B2	5989
1	2	B2	5989
1	3	B2	5989
1	1	B2	5990
1	2	B2	5990
1	3	B2	5990
1	1	B2	5991
1	2	B2	5991
1	3	B2	5991
1	1	B2	5992
1	2	B2	5992
1	3	B2	5992
1	1	B2	5993
1	2	B2	5993
1	3	B2	5993
1	1	B2	5994
1	2	B2	5994
1	3	B2	5994
1	1	B2	5995
1	2	B2	5995
1	3	B2	5995
1	1	B2	5996
1	2	B2	5996
1	3	B2	5996
1	1	B2	5997
1	2	B2	5997
1	3	B2	5997
1	1	B2	5998
1	2	B2	5998
1	3	B2	5998
1	1	B2	5999
1	2	B2	5999
1	3	B2	5999
1	1	B2	6000
1	2	B2	6000
1	3	B2	6000
1	1	B2	6001
1	2	B2	6001
1	3	B2	6001
1	1	B2	6002
1	2	B2	6002
1	3	B2	6002
1	1	B2	6003
1	2	B2	6003
1	3	B2	6003
1	1	B2	6004
1	2	B2	6004
1	3	B2	6004
1	1	B2	6005
1	2	B2	6005
1	3	B2	6005
1	1	B2	6006
1	2	B2	6006
1	3	B2	6006
1	1	B2	6007
1	2	B2	6007
1	3	B2	6007
1	1	B2	6008
1	2	B2	6008
1	3	B2	6008
1	1	B2	6009
1	2	B2	6009
1	3	B2	6009
1	1	B2	6010
1	2	B2	6010
1	3	B2	6010
1	1	B2	6011
1	2	B2	6011
1	3	B2	6011
1	1	B2	6012
1	2	B2	6012
1	3	B2	6012
1	1	B2	6013
1	2	B2	6013
1	3	B2	6013
1	1	B2	6014
1	2	B2	6014
1	3	B2	6014
1	1	B2	6015
1	2	B2	6015
1	3	B2	6015
1	1	B2	6016
1	2	B2	6016
1	3	B2	6016
1	1	B2	6017
1	2	B2	6017
1	3	B2	6017
1	1	B2	6018
1	2	B2	6018
1	3	B2	6018
1	1	B2	6019
1	2	B2	6019
1	3	B2	6019
1	1	B2	6020
1	2	B2	6020
1	3	B2	6020
1	1	B2	6021
1	2	B2	6021
1	3	B2	6021
1	1	B2	6022
1	2	B2	6022
1	3	B2	6022
1	1	B2	6023
1	2	B2	6023
1	3	B2	6023
1	1	B2	6024
1	2	B2	6024
1	3	B2	6024
1	1	B2	6025
1	2	B2	6025
1	3	B2	6025
1	1	B2	6026
1	2	B2	6026
1	3	B2	6026
1	1	B2	6027
1	2	B2	6027
1	3	B2	6027
1	1	B2	6028
1	2	B2	6028
1	3	B2	6028
1	1	B2	6029
1	2	B2	6029
1	3	B2	6029
1	1	B2	6030
1	2	B2	6030
1	3	B2	6030
1	1	B2	6031
1	2	B2	6031
1	3	B2	6031
1	1	B2	6032
1	2	B2	6032
1	3	B2	6032
1	1	B2	6033
1	2	B2	6033
1	3	B2	6033
1	1	B2	6034
1	2	B2	6034
1	3	B2	6034
1	1	B2	6035
1	2	B2	6035
1	3	B2	6035
1	1	B2	6036
1	2	B2	6036
1	3	B2	6036
1	1	B2	6037
1	2	B2	6037
1	3	B2	6037
1	1	B2	6038
1	2	B2	6038
1	3	B2	6038
1	1	B2	6039
1	2	B2	6039
1	3	B2	6039
1	1	B2	6040
1	2	B2	6040
1	3	B2	6040
1	1	B2	6041
1	2	B2	6041
1	3	B2	6041
1	1	B2	6042
1	2	B2	6042
1	3	B2	6042
1	1	B2	6043
1	2	B2	6043
1	3	B2	6043
1	1	B2	6044
1	2	B2	6044
1	3	B2	6044
1	1	B2	6045
1	2	B2	6045
1	3	B2	6045
1	1	B2	6046
1	2	B2	6046
1	3	B2	6046
1	1	B2	6047
1	2	B2	6047
1	3	B2	6047
1	1	B2	6048
1	2	B2	6048
1	3	B2	6048
1	1	B2	6049
1	2	B2	6049
1	3	B2	6049
1	1	B2	6050
1	2	B2	6050
1	3	B2	6050
1	1	B2	6051
1	2	B2	6051
1	3	B2	6051
1	1	B2	6052
1	2	B2	6052
1	3	B2	6052
1	1	B2	6053
1	2	B2	6053
1	3	B2	6053
1	1	B2	6054
1	2	B2	6054
1	3	B2	6054
1	1	B2	6055
1	2	B2	6055
1	3	B2	6055
1	1	B2	6056
1	2	B2	6056
1	3	B2	6056
1	1	B2	6057
1	2	B2	6057
1	3	B2	6057
1	1	B2	6058
1	2	B2	6058
1	3	B2	6058
1	1	B2	6059
1	2	B2	6059
1	3	B2	6059
1	1	B2	6060
1	2	B2	6060
1	3	B2	6060
1	1	B2	6061
1	2	B2	6061
1	3	B2	6061
1	1	B2	6062
1	2	B2	6062
1	3	B2	6062
1	1	B2	6063
1	2	B2	6063
1	3	B2	6063
1	1	B2	6064
1	2	B2	6064
1	3	B2	6064
1	1	B2	6065
1	2	B2	6065
1	3	B2	6065
1	1	B2	6066
1	2	B2	6066
1	3	B2	6066
1	1	B2	6067
1	2	B2	6067
1	3	B2	6067
1	1	B2	6068
1	2	B2	6068
1	3	B2	6068
1	1	B2	6069
1	2	B2	6069
1	3	B2	6069
1	1	B2	6070
1	2	B2	6070
1	3	B2	6070
1	1	B2	6071
1	2	B2	6071
1	3	B2	6071
1	1	B2	6072
1	2	B2	6072
1	3	B2	6072
1	1	B2	6073
1	2	B2	6073
1	3	B2	6073
1	1	B2	6074
1	2	B2	6074
1	3	B2	6074
1	1	B2	6075
1	2	B2	6075
1	3	B2	6075
1	1	B2	6076
1	2	B2	6076
1	3	B2	6076
1	1	B2	6077
1	2	B2	6077
1	3	B2	6077
1	1	B2	6078
1	2	B2	6078
1	3	B2	6078
1	1	B2	6079
1	2	B2	6079
1	3	B2	6079
1	1	B2	6080
1	2	B2	6080
1	3	B2	6080
1	1	B2	6081
1	2	B2	6081
1	3	B2	6081
1	1	B2	6082
1	2	B2	6082
1	3	B2	6082
1	1	B2	6083
1	2	B2	6083
1	3	B2	6083
1	1	B2	6084
1	2	B2	6084
1	3	B2	6084
1	1	B2	6085
1	2	B2	6085
1	3	B2	6085
1	1	B2	6086
1	2	B2	6086
1	3	B2	6086
1	1	B2	6087
1	2	B2	6087
1	3	B2	6087
1	1	B2	6088
1	2	B2	6088
1	3	B2	6088
1	1	B2	6089
1	2	B2	6089
1	3	B2	6089
1	1	B2	6090
1	2	B2	6090
1	3	B2	6090
1	1	B2	6091
1	2	B2	6091
1	3	B2	6091
1	1	B2	6092
1	2	B2	6092
1	3	B2	6092
1	1	B2	6093
1	2	B2	6093
1	3	B2	6093
1	1	B2	6094
1	2	B2	6094
1	3	B2	6094
1	1	B2	6095
1	2	B2	6095
1	3	B2	6095
1	1	B2	6096
1	2	B2	6096
1	3	B2	6096
1	1	B2	6097
1	2	B2	6097
1	3	B2	6097
1	1	B2	6098
1	2	B2	6098
1	3	B2	6098
1	1	B2	6099
1	2	B2	6099
1	3	B2	6099
1	1	B2	6100
1	2	B2	6100
1	3	B2	6100
1	1	B2	6101
1	2	B2	6101
1	3	B2	6101
1	1	B2	6102
1	2	B2	6102
1	3	B2	6102
1	1	B2	6103
1	2	B2	6103
1	3	B2	6103
1	1	B2	6104
1	2	B2	6104
1	3	B2	6104
1	1	B2	6105
1	2	B2	6105
1	3	B2	6105
1	1	B2	6106
1	2	B2	6106
1	3	B2	6106
1	1	B2	6107
1	2	B2	6107
1	3	B2	6107
1	1	B2	6108
1	2	B2	6108
1	3	B2	6108
1	1	B2	6109
1	2	B2	6109
1	3	B2	6109
1	1	B2	6110
1	2	B2	6110
1	3	B2	6110
1	1	B2	6111
1	2	B2	6111
1	3	B2	6111
1	1	B2	6112
1	2	B2	6112
1	3	B2	6112
1	1	B2	6113
1	2	B2	6113
1	3	B2	6113
1	1	B2	6114
1	2	B2	6114
1	3	B2	6114
1	1	B2	6115
1	2	B2	6115
1	3	B2	6115
1	1	B2	6116
1	2	B2	6116
1	3	B2	6116
1	1	B2	6117
1	2	B2	6117
1	3	B2	6117
1	1	B2	6118
1	2	B2	6118
1	3	B2	6118
1	1	B2	6119
1	2	B2	6119
1	3	B2	6119
1	1	B2	6120
1	2	B2	6120
1	3	B2	6120
1	1	B2	6121
1	2	B2	6121
1	3	B2	6121
1	1	B2	6122
1	2	B2	6122
1	3	B2	6122
1	1	B2	6123
1	2	B2	6123
1	3	B2	6123
1	1	B2	6124
1	2	B2	6124
1	3	B2	6124
1	1	B2	6125
1	2	B2	6125
1	3	B2	6125
1	1	B2	6126
1	2	B2	6126
1	3	B2	6126
1	1	B2	6127
1	2	B2	6127
1	3	B2	6127
1	1	B2	6128
1	2	B2	6128
1	3	B2	6128
1	1	B2	6129
1	2	B2	6129
1	3	B2	6129
1	1	B2	6130
1	2	B2	6130
1	3	B2	6130
1	1	B2	6131
1	2	B2	6131
1	3	B2	6131
1	1	B2	6132
1	2	B2	6132
1	3	B2	6132
1	1	B2	6133
1	2	B2	6133
1	3	B2	6133
1	1	B2	6134
1	2	B2	6134
1	3	B2	6134
1	1	B2	6135
1	2	B2	6135
1	3	B2	6135
1	1	B2	6136
1	2	B2	6136
1	3	B2	6136
1	1	B2	6137
1	2	B2	6137
1	3	B2	6137
1	1	B2	6138
1	2	B2	6138
1	3	B2	6138
1	1	B2	6139
1	2	B2	6139
1	3	B2	6139
1	1	B2	6140
1	2	B2	6140
1	3	B2	6140
1	1	B2	6141
1	2	B2	6141
1	3	B2	6141
1	1	B2	6142
1	2	B2	6142
1	3	B2	6142
1	1	B2	6143
1	2	B2	6143
1	3	B2	6143
1	1	B2	6144
1	2	B2	6144
1	3	B2	6144
1	1	B2	6145
1	2	B2	6145
1	3	B2	6145
1	1	B2	6146
1	2	B2	6146
1	3	B2	6146
1	1	B2	6147
1	2	B2	6147
1	3	B2	6147
1	1	B2	6148
1	2	B2	6148
1	3	B2	6148
1	1	B2	6149
1	2	B2	6149
1	3	B2	6149
1	1	B2	6150
1	2	B2	6150
1	3	B2	6150
1	1	B2	6151
1	2	B2	6151
1	3	B2	6151
1	1	B2	6152
1	2	B2	6152
1	3	B2	6152
1	1	B2	6153
1	2	B2	6153
1	3	B2	6153
1	1	B2	6154
1	2	B2	6154
1	3	B2	6154
1	1	B2	6155
1	2	B2	6155
1	3	B2	6155
1	1	B2	6156
1	2	B2	6156
1	3	B2	6156
1	1	B2	6157
1	2	B2	6157
1	3	B2	6157
1	1	B2	6158
1	2	B2	6158
1	3	B2	6158
1	1	B2	6159
1	2	B2	6159
1	3	B2	6159
1	1	B2	6160
1	2	B2	6160
1	3	B2	6160
1	1	B2	6161
1	2	B2	6161
1	3	B2	6161
1	1	B2	6162
1	2	B2	6162
1	3	B2	6162
1	1	B2	6163
1	2	B2	6163
1	3	B2	6163
1	1	B2	6164
1	2	B2	6164
1	3	B2	6164
1	1	B2	6165
1	2	B2	6165
1	3	B2	6165
1	1	B2	6166
1	2	B2	6166
1	3	B2	6166
1	1	B2	6167
1	2	B2	6167
1	3	B2	6167
1	1	B2	6168
1	2	B2	6168
1	3	B2	6168
1	1	B2	6169
1	2	B2	6169
1	3	B2	6169
1	1	B2	6170
1	2	B2	6170
1	3	B2	6170
1	1	B2	6171
1	2	B2	6171
1	3	B2	6171
1	1	B2	6172
1	2	B2	6172
1	3	B2	6172
1	1	B2	6173
1	2	B2	6173
1	3	B2	6173
1	1	B2	6174
1	2	B2	6174
1	3	B2	6174
1	1	B2	6175
1	2	B2	6175
1	3	B2	6175
1	1	B2	6176
1	2	B2	6176
1	3	B2	6176
1	1	B2	6177
1	2	B2	6177
1	3	B2	6177
1	1	B2	6178
1	2	B2	6178
1	3	B2	6178
1	1	B2	6179
1	2	B2	6179
1	3	B2	6179
1	1	B2	6180
1	2	B2	6180
1	3	B2	6180
1	1	B2	6181
1	2	B2	6181
1	3	B2	6181
1	1	B2	6182
1	2	B2	6182
1	3	B2	6182
1	1	B2	6183
1	2	B2	6183
1	3	B2	6183
1	1	B2	6184
1	2	B2	6184
1	3	B2	6184
1	1	B2	6185
1	2	B2	6185
1	3	B2	6185
1	1	B2	6186
1	2	B2	6186
1	3	B2	6186
1	1	B2	6187
1	2	B2	6187
1	3	B2	6187
1	1	B2	6188
1	2	B2	6188
1	3	B2	6188
1	1	B2	6189
1	2	B2	6189
1	3	B2	6189
1	1	B2	6190
1	2	B2	6190
1	3	B2	6190
1	1	B2	6191
1	2	B2	6191
1	3	B2	6191
1	1	B2	6192
1	2	B2	6192
1	3	B2	6192
1	1	B2	6193
1	2	B2	6193
1	3	B2	6193
1	1	B2	6194
1	2	B2	6194
1	3	B2	6194
1	1	B2	6195
1	2	B2	6195
1	3	B2	6195
1	1	B2	6196
1	2	B2	6196
1	3	B2	6196
1	1	B2	6197
1	2	B2	6197
1	3	B2	6197
1	1	B2	6198
1	2	B2	6198
1	3	B2	6198
1	1	B2	6199
1	2	B2	6199
1	3	B2	6199
1	1	B2	6200
1	2	B2	6200
1	3	B2	6200
1	1	B2	6201
1	2	B2	6201
1	3	B2	6201
1	1	B2	6202
1	2	B2	6202
1	3	B2	6202
1	1	B2	6203
1	2	B2	6203
1	3	B2	6203
1	1	B2	6204
1	2	B2	6204
1	3	B2	6204
1	1	B2	6205
1	2	B2	6205
1	3	B2	6205
1	1	B2	6206
1	2	B2	6206
1	3	B2	6206
1	1	B2	6207
1	2	B2	6207
1	3	B2	6207
1	1	B2	6208
1	2	B2	6208
1	3	B2	6208
1	1	B2	6209
1	2	B2	6209
1	3	B2	6209
1	1	B2	6210
1	2	B2	6210
1	3	B2	6210
1	1	B2	6211
1	2	B2	6211
1	3	B2	6211
1	1	B2	6212
1	2	B2	6212
1	3	B2	6212
1	1	B2	6213
1	2	B2	6213
1	3	B2	6213
1	1	B2	6214
1	2	B2	6214
1	3	B2	6214
1	1	B2	6215
1	2	B2	6215
1	3	B2	6215
1	1	B2	6216
1	2	B2	6216
1	3	B2	6216
1	1	B2	6217
1	2	B2	6217
1	3	B2	6217
1	1	B2	6218
1	2	B2	6218
1	3	B2	6218
1	1	B2	6219
1	2	B2	6219
1	3	B2	6219
1	1	B2	6220
1	2	B2	6220
1	3	B2	6220
1	1	B2	6221
1	2	B2	6221
1	3	B2	6221
1	1	B2	6222
1	2	B2	6222
1	3	B2	6222
1	1	B2	6223
1	2	B2	6223
1	3	B2	6223
1	1	B2	6224
1	2	B2	6224
1	3	B2	6224
1	1	B2	6225
1	2	B2	6225
1	3	B2	6225
1	1	B2	6226
1	2	B2	6226
1	3	B2	6226
1	1	B2	6227
1	2	B2	6227
1	3	B2	6227
1	1	B2	6228
1	2	B2	6228
1	3	B2	6228
1	1	B2	6229
1	2	B2	6229
1	3	B2	6229
1	1	B2	6230
1	2	B2	6230
1	3	B2	6230
1	1	B2	6231
1	2	B2	6231
1	3	B2	6231
1	1	B2	6232
1	2	B2	6232
1	3	B2	6232
1	1	B2	6233
1	2	B2	6233
1	3	B2	6233
1	1	B2	6234
1	2	B2	6234
1	3	B2	6234
1	1	B2	6235
1	2	B2	6235
1	3	B2	6235
1	1	B2	6236
1	2	B2	6236
1	3	B2	6236
1	1	B2	6237
1	2	B2	6237
1	3	B2	6237
1	1	B2	6238
1	2	B2	6238
1	3	B2	6238
1	1	B2	6239
1	2	B2	6239
1	3	B2	6239
1	1	B2	6240
1	2	B2	6240
1	3	B2	6240
1	1	B2	6241
1	2	B2	6241
1	3	B2	6241
1	1	B2	6242
1	2	B2	6242
1	3	B2	6242
1	1	B2	6243
1	2	B2	6243
1	3	B2	6243
1	1	B2	6244
1	2	B2	6244
1	3	B2	6244
1	1	B2	6245
1	2	B2	6245
1	3	B2	6245
1	1	B2	6246
1	2	B2	6246
1	3	B2	6246
1	1	B2	6247
1	2	B2	6247
1	3	B2	6247
1	1	B2	6248
1	2	B2	6248
1	3	B2	6248
1	1	B2	6249
1	2	B2	6249
1	3	B2	6249
1	1	B2	6250
1	2	B2	6250
1	3	B2	6250
1	1	B2	6251
1	2	B2	6251
1	3	B2	6251
1	1	B2	6252
1	2	B2	6252
1	3	B2	6252
1	1	B2	6253
1	2	B2	6253
1	3	B2	6253
1	1	B2	6254
1	2	B2	6254
1	3	B2	6254
1	1	B2	6255
1	2	B2	6255
1	3	B2	6255
1	1	B2	6256
1	2	B2	6256
1	3	B2	6256
1	1	B2	6257
1	2	B2	6257
1	3	B2	6257
1	1	B2	6258
1	2	B2	6258
1	3	B2	6258
1	1	B2	6259
1	2	B2	6259
1	3	B2	6259
1	1	B2	6260
1	2	B2	6260
1	3	B2	6260
1	1	B2	6261
1	2	B2	6261
1	3	B2	6261
1	1	B2	6262
1	2	B2	6262
1	3	B2	6262
1	1	B2	6263
1	2	B2	6263
1	3	B2	6263
1	1	B2	6264
1	2	B2	6264
1	3	B2	6264
1	1	B2	6265
1	2	B2	6265
1	3	B2	6265
1	1	B2	6266
1	2	B2	6266
1	3	B2	6266
1	1	B2	6267
1	2	B2	6267
1	3	B2	6267
1	1	B2	6268
1	2	B2	6268
1	3	B2	6268
1	1	B2	6269
1	2	B2	6269
1	3	B2	6269
1	1	B2	6270
1	2	B2	6270
1	3	B2	6270
1	1	B2	6271
1	2	B2	6271
1	3	B2	6271
1	1	B2	6272
1	2	B2	6272
1	3	B2	6272
1	1	B2	6273
1	2	B2	6273
1	3	B2	6273
1	1	B2	6274
1	2	B2	6274
1	3	B2	6274
1	1	B2	6275
1	2	B2	6275
1	3	B2	6275
1	1	B2	6276
1	2	B2	6276
1	3	B2	6276
1	1	B2	6277
1	2	B2	6277
1	3	B2	6277
1	1	B2	6278
1	2	B2	6278
1	3	B2	6278
1	1	B2	6279
1	2	B2	6279
1	3	B2	6279
1	1	B2	6280
1	2	B2	6280
1	3	B2	6280
1	1	B2	6281
1	2	B2	6281
1	3	B2	6281
1	1	B2	6282
1	2	B2	6282
1	3	B2	6282
1	1	B2	6283
1	2	B2	6283
1	3	B2	6283
1	1	B2	6284
1	2	B2	6284
1	3	B2	6284
1	1	B2	6285
1	2	B2	6285
1	3	B2	6285
1	1	B2	6286
1	2	B2	6286
1	3	B2	6286
1	1	B2	6287
1	2	B2	6287
1	3	B2	6287
1	1	B2	6288
1	2	B2	6288
1	3	B2	6288
1	1	B2	6289
1	2	B2	6289
1	3	B2	6289
1	1	B2	6290
1	2	B2	6290
1	3	B2	6290
1	1	B2	6291
1	2	B2	6291
1	3	B2	6291
1	1	B2	6292
1	2	B2	6292
1	3	B2	6292
1	1	B2	6293
1	2	B2	6293
1	3	B2	6293
1	1	B2	6294
1	2	B2	6294
1	3	B2	6294
1	1	B2	6295
1	2	B2	6295
1	3	B2	6295
1	1	B2	6296
1	2	B2	6296
1	3	B2	6296
1	1	B2	6297
1	2	B2	6297
1	3	B2	6297
1	1	B2	6298
1	2	B2	6298
1	3	B2	6298
1	1	B2	6299
1	2	B2	6299
1	3	B2	6299
1	1	B2	6300
1	2	B2	6300
1	3	B2	6300
1	1	B2	6301
1	2	B2	6301
1	3	B2	6301
1	1	B2	6302
1	2	B2	6302
1	3	B2	6302
1	1	B2	6303
1	2	B2	6303
1	3	B2	6303
1	1	B2	6304
1	2	B2	6304
1	3	B2	6304
1	1	B2	6305
1	2	B2	6305
1	3	B2	6305
1	1	B2	6306
1	2	B2	6306
1	3	B2	6306
1	1	B2	6307
1	2	B2	6307
1	3	B2	6307
1	1	B2	6308
1	2	B2	6308
1	3	B2	6308
1	1	B2	6309
1	2	B2	6309
1	3	B2	6309
1	1	B2	6310
1	2	B2	6310
1	3	B2	6310
1	1	B2	6311
1	2	B2	6311
1	3	B2	6311
1	1	B2	6312
1	2	B2	6312
1	3	B2	6312
1	1	B2	6313
1	2	B2	6313
1	3	B2	6313
1	1	B2	6314
1	2	B2	6314
1	3	B2	6314
1	1	B2	6315
1	2	B2	6315
1	3	B2	6315
1	1	B2	6316
1	2	B2	6316
1	3	B2	6316
1	1	B2	6317
1	2	B2	6317
1	3	B2	6317
1	1	B2	6318
1	2	B2	6318
1	3	B2	6318
1	1	B2	6319
1	2	B2	6319
1	3	B2	6319
1	1	B2	6320
1	2	B2	6320
1	3	B2	6320
1	1	B2	6321
1	2	B2	6321
1	3	B2	6321
1	1	B2	6322
1	2	B2	6322
1	3	B2	6322
1	1	B2	6323
1	2	B2	6323
1	3	B2	6323
1	1	B2	6324
1	2	B2	6324
1	3	B2	6324
1	1	B2	6325
1	2	B2	6325
1	3	B2	6325
1	1	B2	6326
1	2	B2	6326
1	3	B2	6326
1	1	B2	6327
1	2	B2	6327
1	3	B2	6327
1	1	B2	6328
1	2	B2	6328
1	3	B2	6328
1	1	B2	6329
1	2	B2	6329
1	3	B2	6329
1	1	B2	6330
1	2	B2	6330
1	3	B2	6330
1	1	B2	6331
1	2	B2	6331
1	3	B2	6331
1	1	B2	6332
1	2	B2	6332
1	3	B2	6332
1	1	B2	6333
1	2	B2	6333
1	3	B2	6333
1	1	B2	6334
1	2	B2	6334
1	3	B2	6334
1	1	B2	6335
1	2	B2	6335
1	3	B2	6335
1	1	B2	6336
1	2	B2	6336
1	3	B2	6336
1	1	B2	6337
1	2	B2	6337
1	3	B2	6337
1	1	B2	6338
1	2	B2	6338
1	3	B2	6338
1	1	B2	6339
1	2	B2	6339
1	3	B2	6339
1	1	B2	6340
1	2	B2	6340
1	3	B2	6340
1	1	B2	6341
1	2	B2	6341
1	3	B2	6341
1	1	B2	6342
1	2	B2	6342
1	3	B2	6342
1	1	B2	6343
1	2	B2	6343
1	3	B2	6343
1	1	B2	6344
1	2	B2	6344
1	3	B2	6344
1	1	B2	6345
1	2	B2	6345
1	3	B2	6345
1	1	B2	6346
1	2	B2	6346
1	3	B2	6346
1	1	B2	6347
1	2	B2	6347
1	3	B2	6347
1	1	B2	6348
1	2	B2	6348
1	3	B2	6348
1	1	B2	6349
1	2	B2	6349
1	3	B2	6349
1	1	B2	6350
1	2	B2	6350
1	3	B2	6350
1	1	B2	6351
1	2	B2	6351
1	3	B2	6351
1	1	B2	6352
1	2	B2	6352
1	3	B2	6352
1	1	B2	6353
1	2	B2	6353
1	3	B2	6353
1	1	B2	6354
1	2	B2	6354
1	3	B2	6354
1	1	B2	6355
1	2	B2	6355
1	3	B2	6355
1	1	B2	6356
1	2	B2	6356
1	3	B2	6356
1	1	B2	6357
1	2	B2	6357
1	3	B2	6357
1	1	B2	6358
1	2	B2	6358
1	3	B2	6358
1	1	B2	6359
1	2	B2	6359
1	3	B2	6359
1	1	B2	6360
1	2	B2	6360
1	3	B2	6360
1	1	B2	6361
1	2	B2	6361
1	3	B2	6361
1	1	B2	6362
1	2	B2	6362
1	3	B2	6362
1	1	B2	6363
1	2	B2	6363
1	3	B2	6363
1	1	B2	6364
1	2	B2	6364
1	3	B2	6364
1	1	B2	6365
1	2	B2	6365
1	3	B2	6365
1	1	B2	6366
1	2	B2	6366
1	3	B2	6366
1	1	B2	6367
1	2	B2	6367
1	3	B2	6367
1	1	B2	6368
1	2	B2	6368
1	3	B2	6368
1	1	B2	6369
1	2	B2	6369
1	3	B2	6369
1	1	B2	6370
1	2	B2	6370
1	3	B2	6370
1	1	B2	6371
1	2	B2	6371
1	3	B2	6371
1	1	B2	6372
1	2	B2	6372
1	3	B2	6372
1	1	B2	6373
1	2	B2	6373
1	3	B2	6373
1	1	B2	6374
1	2	B2	6374
1	3	B2	6374
1	1	B2	6375
1	2	B2	6375
1	3	B2	6375
1	1	B2	6376
1	2	B2	6376
1	3	B2	6376
1	1	B2	6377
1	2	B2	6377
1	3	B2	6377
1	1	B2	6378
1	2	B2	6378
1	3	B2	6378
1	1	B2	6379
1	2	B2	6379
1	3	B2	6379
1	1	B2	6380
1	2	B2	6380
1	3	B2	6380
1	1	B2	6381
1	2	B2	6381
1	3	B2	6381
1	1	B2	6382
1	2	B2	6382
1	3	B2	6382
1	1	B2	6383
1	2	B2	6383
1	3	B2	6383
1	1	B2	6384
1	2	B2	6384
1	3	B2	6384
1	1	B2	6385
1	2	B2	6385
1	3	B2	6385
1	1	B2	6386
1	2	B2	6386
1	3	B2	6386
1	1	B2	6387
1	2	B2	6387
1	3	B2	6387
1	1	B2	6388
1	2	B2	6388
1	3	B2	6388
1	1	B2	6389
1	2	B2	6389
1	3	B2	6389
1	1	B2	6390
1	2	B2	6390
1	3	B2	6390
1	1	B2	6391
1	2	B2	6391
1	3	B2	6391
1	1	B2	6392
1	2	B2	6392
1	3	B2	6392
1	1	B2	6393
1	2	B2	6393
1	3	B2	6393
1	1	B2	6394
1	2	B2	6394
1	3	B2	6394
1	1	B2	6395
1	2	B2	6395
1	3	B2	6395
1	1	B2	6396
1	2	B2	6396
1	3	B2	6396
1	1	B2	6397
1	2	B2	6397
1	3	B2	6397
1	1	B2	6398
1	2	B2	6398
1	3	B2	6398
1	1	B2	6399
1	2	B2	6399
1	3	B2	6399
1	1	B2	6400
1	2	B2	6400
1	3	B2	6400
1	1	B2	6401
1	2	B2	6401
1	3	B2	6401
1	1	B2	6402
1	2	B2	6402
1	3	B2	6402
1	1	B2	6403
1	2	B2	6403
1	3	B2	6403
1	1	B2	6404
1	2	B2	6404
1	3	B2	6404
1	1	B2	6405
1	2	B2	6405
1	3	B2	6405
1	1	B2	6406
1	2	B2	6406
1	3	B2	6406
1	1	B2	6407
1	2	B2	6407
1	3	B2	6407
1	1	B2	6408
1	2	B2	6408
1	3	B2	6408
1	1	B2	6409
1	2	B2	6409
1	3	B2	6409
1	1	B2	6410
1	2	B2	6410
1	3	B2	6410
1	1	B2	6411
1	2	B2	6411
1	3	B2	6411
1	1	B2	6412
1	2	B2	6412
1	3	B2	6412
1	1	B2	6413
1	2	B2	6413
1	3	B2	6413
1	1	B2	6414
1	2	B2	6414
1	3	B2	6414
1	1	B2	6415
1	2	B2	6415
1	3	B2	6415
1	1	B2	6416
1	2	B2	6416
1	3	B2	6416
1	1	B2	6417
1	2	B2	6417
1	3	B2	6417
1	1	B2	6418
1	2	B2	6418
1	3	B2	6418
1	1	B2	6419
1	2	B2	6419
1	3	B2	6419
1	1	B2	6420
1	2	B2	6420
1	3	B2	6420
1	1	B2	6421
1	2	B2	6421
1	3	B2	6421
1	1	B2	6422
1	2	B2	6422
1	3	B2	6422
1	1	B2	6423
1	2	B2	6423
1	3	B2	6423
1	1	B2	6424
1	2	B2	6424
1	3	B2	6424
1	1	B2	6425
1	2	B2	6425
1	3	B2	6425
1	1	B2	6426
1	2	B2	6426
1	3	B2	6426
1	1	B2	6427
1	2	B2	6427
1	3	B2	6427
1	1	B2	6428
1	2	B2	6428
1	3	B2	6428
1	1	B2	6429
1	2	B2	6429
1	3	B2	6429
1	1	B2	6430
1	2	B2	6430
1	3	B2	6430
1	1	B2	6431
1	2	B2	6431
1	3	B2	6431
1	1	B2	6432
1	2	B2	6432
1	3	B2	6432
1	1	B2	6433
1	2	B2	6433
1	3	B2	6433
1	1	B2	6434
1	2	B2	6434
1	3	B2	6434
1	1	B2	6435
1	2	B2	6435
1	3	B2	6435
1	1	B2	6436
1	2	B2	6436
1	3	B2	6436
1	1	B2	6437
1	2	B2	6437
1	3	B2	6437
1	1	B2	6438
1	2	B2	6438
1	3	B2	6438
1	1	B2	6439
1	2	B2	6439
1	3	B2	6439
1	1	B2	6440
1	2	B2	6440
1	3	B2	6440
1	1	B2	6441
1	2	B2	6441
1	3	B2	6441
1	1	B2	6442
1	2	B2	6442
1	3	B2	6442
1	1	B2	6443
1	2	B2	6443
1	3	B2	6443
1	1	B2	6444
1	2	B2	6444
1	3	B2	6444
1	1	B2	6445
1	2	B2	6445
1	3	B2	6445
1	1	B2	6446
1	2	B2	6446
1	3	B2	6446
1	1	B2	6447
1	2	B2	6447
1	3	B2	6447
1	1	B2	6448
1	2	B2	6448
1	3	B2	6448
1	1	B2	6449
1	2	B2	6449
1	3	B2	6449
1	1	B2	6450
1	2	B2	6450
1	3	B2	6450
1	1	B2	6451
1	2	B2	6451
1	3	B2	6451
1	1	B2	6452
1	2	B2	6452
1	3	B2	6452
1	1	B2	6453
1	2	B2	6453
1	3	B2	6453
1	1	B2	6454
1	2	B2	6454
1	3	B2	6454
1	1	B2	6455
1	2	B2	6455
1	3	B2	6455
1	1	B2	6456
1	2	B2	6456
1	3	B2	6456
1	1	B2	6457
1	2	B2	6457
1	3	B2	6457
1	1	B2	6458
1	2	B2	6458
1	3	B2	6458
1	1	B2	6459
1	2	B2	6459
1	3	B2	6459
1	1	B2	6460
1	2	B2	6460
1	3	B2	6460
1	1	B2	6461
1	2	B2	6461
1	3	B2	6461
1	1	B2	6462
1	2	B2	6462
1	3	B2	6462
1	1	B2	6463
1	2	B2	6463
1	3	B2	6463
1	1	B2	6464
1	2	B2	6464
1	3	B2	6464
1	1	B2	6465
1	2	B2	6465
1	3	B2	6465
1	1	B2	6466
1	2	B2	6466
1	3	B2	6466
1	1	B2	6467
1	2	B2	6467
1	3	B2	6467
1	1	B2	6468
1	2	B2	6468
1	3	B2	6468
1	1	B2	6469
1	2	B2	6469
1	3	B2	6469
1	1	B2	6470
1	2	B2	6470
1	3	B2	6470
1	1	B2	6471
1	2	B2	6471
1	3	B2	6471
1	1	B2	6472
1	2	B2	6472
1	3	B2	6472
1	1	B2	6473
1	2	B2	6473
1	3	B2	6473
1	1	B2	6474
1	2	B2	6474
1	3	B2	6474
1	1	B2	6475
1	2	B2	6475
1	3	B2	6475
1	1	B2	6476
1	2	B2	6476
1	3	B2	6476
1	1	B2	6477
1	2	B2	6477
1	3	B2	6477
1	1	B2	6478
1	2	B2	6478
1	3	B2	6478
1	1	B2	6479
1	2	B2	6479
1	3	B2	6479
1	1	B2	6480
1	2	B2	6480
1	3	B2	6480
1	1	B2	6481
1	2	B2	6481
1	3	B2	6481
1	1	B2	6482
1	2	B2	6482
1	3	B2	6482
1	1	B2	6483
1	2	B2	6483
1	3	B2	6483
1	1	B2	6484
1	2	B2	6484
1	3	B2	6484
1	1	B2	6485
1	2	B2	6485
1	3	B2	6485
1	1	B2	6486
1	2	B2	6486
1	3	B2	6486
1	1	B2	6487
1	2	B2	6487
1	3	B2	6487
1	1	B2	6488
1	2	B2	6488
1	3	B2	6488
1	1	B2	6489
1	2	B2	6489
1	3	B2	6489
1	1	B2	6490
1	2	B2	6490
1	3	B2	6490
1	1	B2	6491
1	2	B2	6491
1	3	B2	6491
1	1	B2	6492
1	2	B2	6492
1	3	B2	6492
1	1	B2	6493
1	2	B2	6493
1	3	B2	6493
1	1	B2	6494
1	2	B2	6494
1	3	B2	6494
1	1	B2	6495
1	2	B2	6495
1	3	B2	6495
1	1	B2	6496
1	2	B2	6496
1	3	B2	6496
1	1	B2	6497
1	2	B2	6497
1	3	B2	6497
1	1	B2	6498
1	2	B2	6498
1	3	B2	6498
1	1	B2	6499
1	2	B2	6499
1	3	B2	6499
1	1	B2	6500
1	2	B2	6500
1	3	B2	6500
1	1	B2	6501
1	2	B2	6501
1	3	B2	6501
1	1	B2	6502
1	2	B2	6502
1	3	B2	6502
1	1	B2	6503
1	2	B2	6503
1	3	B2	6503
1	1	B2	6504
1	2	B2	6504
1	3	B2	6504
1	1	B2	6505
1	2	B2	6505
1	3	B2	6505
1	1	B2	6506
1	2	B2	6506
1	3	B2	6506
1	1	B2	6507
1	2	B2	6507
1	3	B2	6507
1	1	B2	6508
1	2	B2	6508
1	3	B2	6508
1	1	B2	6509
1	2	B2	6509
1	3	B2	6509
1	1	B2	6510
1	2	B2	6510
1	3	B2	6510
1	1	B2	6511
1	2	B2	6511
1	3	B2	6511
1	1	B2	6512
1	2	B2	6512
1	3	B2	6512
1	1	B2	6513
1	2	B2	6513
1	3	B2	6513
1	1	B2	6514
1	2	B2	6514
1	3	B2	6514
1	1	B2	6515
1	2	B2	6515
1	3	B2	6515
1	1	B2	6516
1	2	B2	6516
1	3	B2	6516
1	1	B2	6517
1	2	B2	6517
1	3	B2	6517
1	1	B2	6518
1	2	B2	6518
1	3	B2	6518
1	1	B2	6519
1	2	B2	6519
1	3	B2	6519
1	1	B2	6520
1	2	B2	6520
1	3	B2	6520
1	1	B2	6521
1	2	B2	6521
1	3	B2	6521
1	1	B2	6522
1	2	B2	6522
1	3	B2	6522
1	1	B2	6523
1	2	B2	6523
1	3	B2	6523
1	1	B2	6524
1	2	B2	6524
1	3	B2	6524
1	1	B2	6525
1	2	B2	6525
1	3	B2	6525
1	1	B2	6526
1	2	B2	6526
1	3	B2	6526
1	1	B2	6527
1	2	B2	6527
1	3	B2	6527
1	1	B2	6528
1	2	B2	6528
1	3	B2	6528
1	1	B2	6529
1	2	B2	6529
1	3	B2	6529
1	1	B2	6530
1	2	B2	6530
1	3	B2	6530
1	1	B2	6531
1	2	B2	6531
1	3	B2	6531
1	1	B2	6532
1	2	B2	6532
1	3	B2	6532
1	1	B2	6533
1	2	B2	6533
1	3	B2	6533
1	1	B2	6534
1	2	B2	6534
1	3	B2	6534
1	1	B2	6535
1	2	B2	6535
1	3	B2	6535
1	1	B2	6536
1	2	B2	6536
1	3	B2	6536
1	1	B2	6537
1	2	B2	6537
1	3	B2	6537
1	1	B2	6538
1	2	B2	6538
1	3	B2	6538
1	1	B2	6539
1	2	B2	6539
1	3	B2	6539
1	1	B2	6540
1	2	B2	6540
1	3	B2	6540
1	1	B2	6541
1	2	B2	6541
1	3	B2	6541
1	1	B2	6542
1	2	B2	6542
1	3	B2	6542
1	1	B2	6543
1	2	B2	6543
1	3	B2	6543
1	1	B2	6544
1	2	B2	6544
1	3	B2	6544
1	1	B2	6545
1	2	B2	6545
1	3	B2	6545
1	1	B2	6546
1	2	B2	6546
1	3	B2	6546
1	1	B2	6547
1	2	B2	6547
1	3	B2	6547
1	1	B2	6548
1	2	B2	6548
1	3	B2	6548
1	1	B2	6549
1	2	B2	6549
1	3	B2	6549
1	1	B2	6550
1	2	B2	6550
1	3	B2	6550
1	1	B2	6551
1	2	B2	6551
1	3	B2	6551
1	1	B2	6552
1	2	B2	6552
1	3	B2	6552
1	1	B2	6553
1	2	B2	6553
1	3	B2	6553
1	1	B2	6554
1	2	B2	6554
1	3	B2	6554
1	1	B2	6555
1	2	B2	6555
1	3	B2	6555
1	1	B2	6556
1	2	B2	6556
1	3	B2	6556
1	1	B2	6557
1	2	B2	6557
1	3	B2	6557
1	1	B2	6558
1	2	B2	6558
1	3	B2	6558
1	1	B2	6559
1	2	B2	6559
1	3	B2	6559
1	1	B2	6560
1	2	B2	6560
1	3	B2	6560
1	1	B2	6561
1	2	B2	6561
1	3	B2	6561
1	1	B2	6562
1	2	B2	6562
1	3	B2	6562
1	1	B2	6563
1	2	B2	6563
1	3	B2	6563
1	1	B2	6564
1	2	B2	6564
1	3	B2	6564
1	1	B2	6565
1	2	B2	6565
1	3	B2	6565
1	1	B2	6566
1	2	B2	6566
1	3	B2	6566
1	1	B2	6567
1	2	B2	6567
1	3	B2	6567
1	1	B2	6568
1	2	B2	6568
1	3	B2	6568
1	1	B2	6569
1	2	B2	6569
1	3	B2	6569
1	1	B2	6570
1	2	B2	6570
1	3	B2	6570
1	1	B2	6571
1	2	B2	6571
1	3	B2	6571
1	1	B2	6572
1	2	B2	6572
1	3	B2	6572
1	1	B2	6573
1	2	B2	6573
1	3	B2	6573
1	1	B2	6574
1	2	B2	6574
1	3	B2	6574
1	1	B2	6575
1	2	B2	6575
1	3	B2	6575
1	1	B2	6576
1	2	B2	6576
1	3	B2	6576
1	1	B2	6577
1	2	B2	6577
1	3	B2	6577
1	1	B2	6578
1	2	B2	6578
1	3	B2	6578
1	1	B2	6579
1	2	B2	6579
1	3	B2	6579
1	1	B2	6580
1	2	B2	6580
1	3	B2	6580
1	1	B2	6581
1	2	B2	6581
1	3	B2	6581
1	1	B2	6582
1	2	B2	6582
1	3	B2	6582
1	1	B2	6583
1	2	B2	6583
1	3	B2	6583
1	1	B2	6584
1	2	B2	6584
1	3	B2	6584
1	1	B2	6585
1	2	B2	6585
1	3	B2	6585
1	1	B2	6586
1	2	B2	6586
1	3	B2	6586
1	1	B2	6587
1	2	B2	6587
1	3	B2	6587
1	1	B2	6588
1	2	B2	6588
1	3	B2	6588
1	1	B2	6589
1	2	B2	6589
1	3	B2	6589
1	1	B2	6590
1	2	B2	6590
1	3	B2	6590
1	1	B2	6591
1	2	B2	6591
1	3	B2	6591
1	1	B2	6592
1	2	B2	6592
1	3	B2	6592
1	1	B2	6593
1	2	B2	6593
1	3	B2	6593
1	1	B2	6594
1	2	B2	6594
1	3	B2	6594
1	1	B2	6595
1	2	B2	6595
1	3	B2	6595
1	1	B2	6596
1	2	B2	6596
1	3	B2	6596
1	1	B2	6597
1	2	B2	6597
1	3	B2	6597
1	1	B2	6598
1	2	B2	6598
1	3	B2	6598
1	1	B2	6599
1	2	B2	6599
1	3	B2	6599
1	1	B2	6600
1	2	B2	6600
1	3	B2	6600
1	1	B2	6601
1	2	B2	6601
1	3	B2	6601
1	1	B2	6602
1	2	B2	6602
1	3	B2	6602
1	1	B2	6603
1	2	B2	6603
1	3	B2	6603
1	1	B2	6604
1	2	B2	6604
1	3	B2	6604
1	1	B2	6605
1	2	B2	6605
1	3	B2	6605
1	1	B2	6606
1	2	B2	6606
1	3	B2	6606
1	1	B2	6607
1	2	B2	6607
1	3	B2	6607
1	1	B2	6608
1	2	B2	6608
1	3	B2	6608
1	1	B2	6609
1	2	B2	6609
1	3	B2	6609
1	1	B2	6610
1	2	B2	6610
1	3	B2	6610
1	1	B2	6611
1	2	B2	6611
1	3	B2	6611
1	1	B2	6612
1	2	B2	6612
1	3	B2	6612
1	1	B2	6613
1	2	B2	6613
1	3	B2	6613
1	1	B2	6614
1	2	B2	6614
1	3	B2	6614
1	1	B2	6615
1	2	B2	6615
1	3	B2	6615
1	1	B2	6616
1	2	B2	6616
1	3	B2	6616
1	1	B2	6617
1	2	B2	6617
1	3	B2	6617
1	1	B2	6618
1	2	B2	6618
1	3	B2	6618
1	1	B2	6619
1	2	B2	6619
1	3	B2	6619
1	1	B2	6620
1	2	B2	6620
1	3	B2	6620
1	1	B2	6621
1	2	B2	6621
1	3	B2	6621
1	1	B2	6622
1	2	B2	6622
1	3	B2	6622
1	1	B2	6623
1	2	B2	6623
1	3	B2	6623
1	1	B2	6624
1	2	B2	6624
1	3	B2	6624
1	1	B2	6625
1	2	B2	6625
1	3	B2	6625
1	1	B2	6626
1	2	B2	6626
1	3	B2	6626
1	1	B2	6627
1	2	B2	6627
1	3	B2	6627
1	1	B2	6628
1	2	B2	6628
1	3	B2	6628
1	1	B2	6629
1	2	B2	6629
1	3	B2	6629
1	1	B2	6630
1	2	B2	6630
1	3	B2	6630
1	1	B2	6631
1	2	B2	6631
1	3	B2	6631
1	1	B2	6632
1	2	B2	6632
1	3	B2	6632
1	1	B2	6633
1	2	B2	6633
1	3	B2	6633
1	1	B2	6634
1	2	B2	6634
1	3	B2	6634
1	1	B2	6635
1	2	B2	6635
1	3	B2	6635
1	1	B2	6636
1	2	B2	6636
1	3	B2	6636
1	1	B2	6637
1	2	B2	6637
1	3	B2	6637
1	1	B2	6638
1	2	B2	6638
1	3	B2	6638
1	1	B2	6639
1	2	B2	6639
1	3	B2	6639
1	1	B2	6640
1	2	B2	6640
1	3	B2	6640
1	1	B2	6641
1	2	B2	6641
1	3	B2	6641
1	1	B2	6642
1	2	B2	6642
1	3	B2	6642
1	1	B2	6643
1	2	B2	6643
1	3	B2	6643
1	1	B2	6644
1	2	B2	6644
1	3	B2	6644
1	1	B2	6645
1	2	B2	6645
1	3	B2	6645
1	1	B2	6646
1	2	B2	6646
1	3	B2	6646
1	1	B2	6647
1	2	B2	6647
1	3	B2	6647
1	1	B2	6648
1	2	B2	6648
1	3	B2	6648
1	1	B2	6649
1	2	B2	6649
1	3	B2	6649
1	1	B2	6650
1	2	B2	6650
1	3	B2	6650
1	1	B2	6651
1	2	B2	6651
1	3	B2	6651
1	1	B2	6652
1	2	B2	6652
1	3	B2	6652
1	1	B2	6653
1	2	B2	6653
1	3	B2	6653
1	1	B2	6654
1	2	B2	6654
1	3	B2	6654
1	1	B2	6655
1	2	B2	6655
1	3	B2	6655
1	1	B2	6656
1	2	B2	6656
1	3	B2	6656
1	1	B2	6657
1	2	B2	6657
1	3	B2	6657
1	1	B2	6658
1	2	B2	6658
1	3	B2	6658
1	1	B2	6659
1	2	B2	6659
1	3	B2	6659
1	1	B2	6660
1	2	B2	6660
1	3	B2	6660
1	1	B2	6661
1	2	B2	6661
1	3	B2	6661
1	1	B2	6662
1	2	B2	6662
1	3	B2	6662
1	1	B2	6663
1	2	B2	6663
1	3	B2	6663
1	1	B2	6664
1	2	B2	6664
1	3	B2	6664
1	1	B2	6665
1	2	B2	6665
1	3	B2	6665
1	1	B2	6666
1	2	B2	6666
1	3	B2	6666
1	1	B2	6667
1	2	B2	6667
1	3	B2	6667
1	1	B2	6668
1	2	B2	6668
1	3	B2	6668
1	1	B2	6669
1	2	B2	6669
1	3	B2	6669
1	1	B2	6670
1	2	B2	6670
1	3	B2	6670
1	1	B2	6671
1	2	B2	6671
1	3	B2	6671
1	1	B2	6672
1	2	B2	6672
1	3	B2	6672
1	1	B2	6673
1	2	B2	6673
1	3	B2	6673
1	1	B2	6674
1	2	B2	6674
1	3	B2	6674
1	1	B2	6675
1	2	B2	6675
1	3	B2	6675
1	1	B2	6676
1	2	B2	6676
1	3	B2	6676
1	1	B2	6677
1	2	B2	6677
1	3	B2	6677
1	1	B2	6678
1	2	B2	6678
1	3	B2	6678
1	1	B2	6679
1	2	B2	6679
1	3	B2	6679
1	1	B2	6680
1	2	B2	6680
1	3	B2	6680
1	1	B2	6681
1	2	B2	6681
1	3	B2	6681
1	1	B2	6682
1	2	B2	6682
1	3	B2	6682
1	1	B2	6683
1	2	B2	6683
1	3	B2	6683
1	1	B2	6684
1	2	B2	6684
1	3	B2	6684
1	1	B2	6685
1	2	B2	6685
1	3	B2	6685
1	1	B2	6686
1	2	B2	6686
1	3	B2	6686
1	1	B2	6687
1	2	B2	6687
1	3	B2	6687
1	1	B2	6688
1	2	B2	6688
1	3	B2	6688
1	1	B2	6689
1	2	B2	6689
1	3	B2	6689
1	1	B2	6690
1	2	B2	6690
1	3	B2	6690
1	1	B2	6691
1	2	B2	6691
1	3	B2	6691
1	1	B2	6692
1	2	B2	6692
1	3	B2	6692
1	1	B2	6693
1	2	B2	6693
1	3	B2	6693
1	1	B2	6694
1	2	B2	6694
1	3	B2	6694
1	1	B2	6695
1	2	B2	6695
1	3	B2	6695
1	1	B2	6696
1	2	B2	6696
1	3	B2	6696
1	1	B2	6697
1	2	B2	6697
1	3	B2	6697
1	1	B2	6698
1	2	B2	6698
1	3	B2	6698
1	1	B2	6699
1	2	B2	6699
1	3	B2	6699
1	1	B2	6700
1	2	B2	6700
1	3	B2	6700
1	1	B2	6701
1	2	B2	6701
1	3	B2	6701
1	1	B2	6702
1	2	B2	6702
1	3	B2	6702
1	1	B2	6703
1	2	B2	6703
1	3	B2	6703
1	1	B2	6704
1	2	B2	6704
1	3	B2	6704
1	1	B2	6705
1	2	B2	6705
1	3	B2	6705
1	1	B2	6706
1	2	B2	6706
1	3	B2	6706
1	1	B2	6707
1	2	B2	6707
1	3	B2	6707
1	1	B2	6708
1	2	B2	6708
1	3	B2	6708
1	1	B2	6709
1	2	B2	6709
1	3	B2	6709
1	1	B2	6710
1	2	B2	6710
1	3	B2	6710
1	1	B2	6711
1	2	B2	6711
1	3	B2	6711
1	1	B2	6712
1	2	B2	6712
1	3	B2	6712
1	1	B2	6713
1	2	B2	6713
1	3	B2	6713
1	1	B2	6714
1	2	B2	6714
1	3	B2	6714
1	1	B2	6715
1	2	B2	6715
1	3	B2	6715
1	1	B2	6716
1	2	B2	6716
1	3	B2	6716
1	1	B2	6717
1	2	B2	6717
1	3	B2	6717
1	1	B2	6718
1	2	B2	6718
1	3	B2	6718
1	1	B2	6719
1	2	B2	6719
1	3	B2	6719
1	1	B2	6720
1	2	B2	6720
1	3	B2	6720
1	1	B2	6721
1	2	B2	6721
1	3	B2	6721
1	1	B2	6722
1	2	B2	6722
1	3	B2	6722
1	1	B2	6723
1	2	B2	6723
1	3	B2	6723
1	1	B2	6724
1	2	B2	6724
1	3	B2	6724
1	1	B2	6725
1	2	B2	6725
1	3	B2	6725
1	1	B2	6726
1	2	B2	6726
1	3	B2	6726
1	1	B2	6727
1	2	B2	6727
1	3	B2	6727
1	1	B2	6728
1	2	B2	6728
1	3	B2	6728
1	1	B2	6729
1	2	B2	6729
1	3	B2	6729
1	1	B2	6730
1	2	B2	6730
1	3	B2	6730
1	1	B2	6731
1	2	B2	6731
1	3	B2	6731
1	1	B2	6732
1	2	B2	6732
1	3	B2	6732
1	1	B2	6733
1	2	B2	6733
1	3	B2	6733
1	1	B2	6734
1	2	B2	6734
1	3	B2	6734
1	1	B2	6735
1	2	B2	6735
1	3	B2	6735
1	1	B2	6736
1	2	B2	6736
1	3	B2	6736
1	1	B2	6737
1	2	B2	6737
1	3	B2	6737
1	1	B2	6738
1	2	B2	6738
1	3	B2	6738
1	1	B2	6739
1	2	B2	6739
1	3	B2	6739
1	1	B2	6740
1	2	B2	6740
1	3	B2	6740
1	1	B2	6741
1	2	B2	6741
1	3	B2	6741
1	1	B2	6742
1	2	B2	6742
1	3	B2	6742
1	1	B2	6743
1	2	B2	6743
1	3	B2	6743
1	1	B2	6744
1	2	B2	6744
1	3	B2	6744
1	1	B2	6745
1	2	B2	6745
1	3	B2	6745
1	1	B2	6746
1	2	B2	6746
1	3	B2	6746
1	1	B2	6747
1	2	B2	6747
1	3	B2	6747
1	1	B2	6748
1	2	B2	6748
1	3	B2	6748
1	1	B2	6749
1	2	B2	6749
1	3	B2	6749
1	1	B2	6750
1	2	B2	6750
1	3	B2	6750
1	1	B2	6751
1	2	B2	6751
1	3	B2	6751
1	1	B2	6752
1	2	B2	6752
1	3	B2	6752
1	1	B2	6753
1	2	B2	6753
1	3	B2	6753
1	1	B2	6754
1	2	B2	6754
1	3	B2	6754
1	1	B2	6755
1	2	B2	6755
1	3	B2	6755
1	1	B2	6756
1	2	B2	6756
1	3	B2	6756
1	1	B2	6757
1	2	B2	6757
1	3	B2	6757
1	1	B2	6758
1	2	B2	6758
1	3	B2	6758
1	1	B2	6759
1	2	B2	6759
1	3	B2	6759
1	1	B2	6760
1	2	B2	6760
1	3	B2	6760
1	1	B2	6761
1	2	B2	6761
1	3	B2	6761
1	1	B2	6762
1	2	B2	6762
1	3	B2	6762
1	1	B2	6763
1	2	B2	6763
1	3	B2	6763
1	1	B2	6764
1	2	B2	6764
1	3	B2	6764
1	1	B2	6765
1	2	B2	6765
1	3	B2	6765
1	1	B2	6766
1	2	B2	6766
1	3	B2	6766
1	1	B2	6767
1	2	B2	6767
1	3	B2	6767
1	1	B2	6768
1	2	B2	6768
1	3	B2	6768
1	1	B2	6769
1	2	B2	6769
1	3	B2	6769
1	1	B2	6770
1	2	B2	6770
1	3	B2	6770
1	1	B2	6771
1	2	B2	6771
1	3	B2	6771
1	1	B2	6772
1	2	B2	6772
1	3	B2	6772
1	1	B2	6773
1	2	B2	6773
1	3	B2	6773
1	1	B2	6774
1	2	B2	6774
1	3	B2	6774
1	1	B2	6775
1	2	B2	6775
1	3	B2	6775
1	1	B2	6776
1	2	B2	6776
1	3	B2	6776
1	1	B2	6777
1	2	B2	6777
1	3	B2	6777
1	1	B2	6778
1	2	B2	6778
1	3	B2	6778
1	1	B2	6779
1	2	B2	6779
1	3	B2	6779
1	1	B2	6780
1	2	B2	6780
1	3	B2	6780
1	1	B2	6781
1	2	B2	6781
1	3	B2	6781
1	1	B2	6782
1	2	B2	6782
1	3	B2	6782
1	1	B2	6783
1	2	B2	6783
1	3	B2	6783
1	1	B2	6784
1	2	B2	6784
1	3	B2	6784
1	1	B2	6785
1	2	B2	6785
1	3	B2	6785
1	1	B2	6786
1	2	B2	6786
1	3	B2	6786
1	1	B2	6787
1	2	B2	6787
1	3	B2	6787
1	1	B2	6788
1	2	B2	6788
1	3	B2	6788
1	1	B2	6789
1	2	B2	6789
1	3	B2	6789
1	1	B2	6790
1	2	B2	6790
1	3	B2	6790
1	1	B2	6791
1	2	B2	6791
1	3	B2	6791
1	1	B2	6792
1	2	B2	6792
1	3	B2	6792
1	1	B2	6793
1	2	B2	6793
1	3	B2	6793
1	1	B2	6794
1	2	B2	6794
1	3	B2	6794
1	1	B2	6795
1	2	B2	6795
1	3	B2	6795
1	1	B2	6796
1	2	B2	6796
1	3	B2	6796
1	1	B2	6797
1	2	B2	6797
1	3	B2	6797
1	1	B2	6798
1	2	B2	6798
1	3	B2	6798
1	1	B2	6799
1	2	B2	6799
1	3	B2	6799
1	1	B2	6800
1	2	B2	6800
1	3	B2	6800
1	1	B2	6801
1	2	B2	6801
1	3	B2	6801
1	1	B2	6802
1	2	B2	6802
1	3	B2	6802
1	1	B2	6803
1	2	B2	6803
1	3	B2	6803
1	1	B2	6804
1	2	B2	6804
1	3	B2	6804
1	1	B2	6805
1	2	B2	6805
1	3	B2	6805
1	1	B2	6806
1	2	B2	6806
1	3	B2	6806
1	1	B2	6807
1	2	B2	6807
1	3	B2	6807
1	1	B2	6808
1	2	B2	6808
1	3	B2	6808
